canonical_accounting_office_name,accounting_office_cvr,alias_name,source,confidence
2+ Revision,39701863,2+ Revision,declaration_legal_name,HIGH
2+ Revision Grønland Statsautoriserede Revisorer ApS,42793744,2+ Revision Grønland Statsautoriserede Revisorer ApS,declaration_legal_name,HIGH
2A Revision,37903949,2A Revision,declaration_legal_name,HIGH
2TalRevision,29091331,2TalRevision,declaration_legal_name,HIGH
2TalRevision v/Jan Christensen,20935790,2TalRevision v/Jan Christensen,declaration_legal_name,HIGH
2TalRevision v/Jan Christensen,20935790,2Talrevision,inferred_brand_name,MEDIUM
3H Revision,98088857,3H Revision,declaration_legal_name,HIGH
A Albrechtsen Revision,10291984,A Albrechtsen Revision,declaration_legal_name,HIGH
A Revision,18186144,A Revision,declaration_legal_name,HIGH
A-INVEST KONTOR- OG BOGFØRINGSASSISTANCE ApS,19154807,A-INVEST KONTOR- OG BOGFØRINGSASSISTANCE ApS,declaration_legal_name,HIGH
A-revisor,29105545,A-revisor,declaration_legal_name,HIGH
A. Bjørn - Statsautoriseret revisionsanpartsselskab,30898664,A. Bjørn - Statsautoriseret revisionsanpartsselskab,declaration_legal_name,HIGH
A4 Revsion,29205043,A4 Revsion,declaration_legal_name,HIGH
AA revisionsanpartsselskabet,27607764,AA revisionsanpartsselskabet,declaration_legal_name,HIGH
Aaen & Co.,33241763,Aaen & Co.,declaration_legal_name,HIGH
Aaen & Co.,33241763,Aaen,inferred_brand_name,MEDIUM
Aage & Povl Holm,14759840,Aage & Povl Holm,declaration_legal_name,HIGH
Aage & Povl Holm,14759840,Aage,inferred_brand_name,MEDIUM
Aage Maagensen,12901038,Aage Maagensen,declaration_legal_name,HIGH
Aage Maagensen,12901038,Aage,inferred_brand_name,MEDIUM
Aage Maagensen,12901038,Aage Mogensen,manual_taxonomy_candidate,MEDIUM
AB-Revision,26624479,AB-Revision,declaration_legal_name,HIGH
ABL Revision,39702215,ABL Revision,declaration_legal_name,HIGH
ABL Revision,39702215,Abl,inferred_brand_name,MEDIUM
ABM-Revision,29234590,ABM-Revision,declaration_legal_name,HIGH
ABM-Revision,29234590,Abm,inferred_brand_name,MEDIUM
Abrahamsen Revision,41109483,Abrahamsen Revision,declaration_legal_name,HIGH
Abrahamsen Revision,41109483,Abrahamsen,inferred_brand_name,MEDIUM
AC Revision - Registreret Revisionsanpartsselskab,35050469,AC Revision - Registreret Revisionsanpartsselskab,declaration_legal_name,HIGH
Activ-Revision,90566059,Activ-Revision,declaration_legal_name,HIGH
Activ-Revision,90566059,Activ,inferred_brand_name,MEDIUM
ADDCO P/S Godkendte Revisorer,36464852,ADDCO P/S Godkendte Revisorer,declaration_legal_name,HIGH
ADDCO P/S Godkendte Revisorer,36464852,Addco,inferred_brand_name,MEDIUM
Addere Revision,34589992,Addere Revision,declaration_legal_name,HIGH
Addere Revision,34589992,Addere,inferred_brand_name,MEDIUM
Addvisers,32888658,Addvisers,declaration_legal_name,HIGH
Advisor-Revision,34213798,Advisor-Revision,declaration_legal_name,HIGH
Advisor-Revision,34213798,Advisor,inferred_brand_name,MEDIUM
Advosion,37557064,Advosion,declaration_legal_name,HIGH
Afrodite Hår og Trend v/Rita Truelsen,26916402,Afrodite Hår og Trend v/Rita Truelsen,declaration_legal_name,HIGH
Afrodite Hår og Trend v/Rita Truelsen,26916402,Afrodite,inferred_brand_name,MEDIUM
Agenda Revision,32160565,Agenda Revision,declaration_legal_name,HIGH
Agenda Revision,32160565,Agenda,inferred_brand_name,MEDIUM
Agerbor Gruppen,31742781,Agerbor Gruppen,declaration_legal_name,HIGH
Agerbor Gruppen,31742781,Agerbor,inferred_brand_name,MEDIUM
Agillix Fmba,45000370,Agillix Fmba,declaration_legal_name,HIGH
Agillix Fmba,45000370,Agillix,inferred_brand_name,MEDIUM
Agri Nord,29038597,Agri Nord,declaration_legal_name,HIGH
Agri Nord,29038597,Agri,inferred_brand_name,MEDIUM
AHJ Revision,27489559,AHJ Revision,declaration_legal_name,HIGH
AHJ Revision,27489559,Ahj,inferred_brand_name,MEDIUM
aj2,21090174,aj2,declaration_legal_name,HIGH
Aktiv Regnskab og Skat,39791374,Aktiv Regnskab og Skat,declaration_legal_name,HIGH
Aktiv Regnskab og Skat,39791374,Aktiv,inferred_brand_name,MEDIUM
Aktiv Revision og Rådgivning,12488106,Aktiv Revision og Rådgivning,declaration_legal_name,HIGH
Aktiv Revision og Rådgivning,12488106,Aktiv,inferred_brand_name,MEDIUM
Aktiv Revision Silkeborg,14788107,Aktiv Revision Silkeborg,declaration_legal_name,HIGH
Aktiv Revision Silkeborg,14788107,Aktiv,inferred_brand_name,MEDIUM
Albjerg,35382879,Albjerg,activity_signal_dominant_cvr,HIGH
Albjerg,35382879,Albjerg,declaration_legal_name,HIGH
Alexandersen Revision,11916546,Alexandersen Revision,declaration_legal_name,HIGH
Alexandersen Revision,11916546,Alexandersen,inferred_brand_name,MEDIUM
Algade Revision,35663916,Algade Revision,declaration_legal_name,HIGH
Algade Revision,35663916,Algade,inferred_brand_name,MEDIUM
Alpha Revision v/Søren Nymann,38269216,Alpha Revision v/Søren Nymann,declaration_legal_name,HIGH
Alpha Revision v/Søren Nymann,38269216,Alpha,inferred_brand_name,MEDIUM
Alt i Regnskab & Rådgivning ApS,44405016,Alt i Regnskab & Rådgivning ApS,declaration_legal_name,HIGH
Alt i Regnskab & Rådgivning ApS,44405016,Alt,inferred_brand_name,MEDIUM
Alter Audit ApS,44387263,Alter Audit ApS,declaration_legal_name,HIGH
Alter Audit ApS,44387263,Alter,inferred_brand_name,MEDIUM
Andersen,10108454,Andersen,declaration_legal_name,HIGH
Andersen & Novakovic statsautoriseret revisionsanpartsselskab,44535122,Andersen & Novakovic statsautoriseret revisionsanpartsselskab,declaration_legal_name,HIGH
Andersen & Novakovic statsautoriseret revisionsanpartsselskab,44535122,Andersen,inferred_brand_name,MEDIUM
Andersen og Partnere,26668840,Andersen og Partnere,declaration_legal_name,HIGH
Andersen og Partnere,26668840,Andersen,inferred_brand_name,MEDIUM
Andersen Revision,32326706,Andersen Revision,declaration_legal_name,HIGH
Andersen Revision,32326706,Andersen,inferred_brand_name,MEDIUM
Andersen Revision & Rådgivning,38347799,Andersen Revision & Rådgivning,declaration_legal_name,HIGH
Andersen Revision & Rådgivning,38347799,Andersen,inferred_brand_name,MEDIUM
Anker Høst,31626536,Anker Høst,declaration_legal_name,HIGH
Anker Høst,31626536,Anker,inferred_brand_name,MEDIUM
APEX Statsautoriserede revisorer ApS,42936847,APEX Statsautoriserede revisorer ApS,declaration_legal_name,HIGH
APEX Statsautoriserede revisorer ApS,42936847,Apex,inferred_brand_name,MEDIUM
ARIES,26454123,ARIES,declaration_legal_name,HIGH
Aros,29690065,Aros,declaration_legal_name,HIGH
Asgård Finans,26186897,Asgård Finans,declaration_legal_name,HIGH
Asgård Finans,26186897,Asgård,inferred_brand_name,MEDIUM
Asla Revision,28483902,Asla Revision,declaration_legal_name,HIGH
Asla Revision,28483902,Asla,inferred_brand_name,MEDIUM
Asset,34901694,Asset,declaration_legal_name,HIGH
Assistance og rådgivning ApS,21821578,Assistance og rådgivning ApS,declaration_legal_name,HIGH
Assistance og rådgivning ApS,21821578,Assistance,inferred_brand_name,MEDIUM
Atomwine ApS,37701424,Atomwine ApS,declaration_legal_name,HIGH
Atomwine ApS,37701424,Atomwine,inferred_brand_name,MEDIUM
Attent Statsautoriseret Revisionsanpartsselskab,36427205,Attent Statsautoriseret Revisionsanpartsselskab,declaration_legal_name,HIGH
Attent Statsautoriseret Revisionsanpartsselskab,36427205,Attent,inferred_brand_name,MEDIUM
Attiri,33357966,Attiri,declaration_legal_name,HIGH
Audit Advisor ApS,46127307,Audit Advisor ApS,declaration_legal_name,HIGH
Audit Advisor ApS,46127307,Audit,inferred_brand_name,MEDIUM
Augusta,36445386,Augusta,declaration_legal_name,HIGH
B.C. Revision,45556158,B.C. Revision,declaration_legal_name,HIGH
B.F. Rådgivning Herning,29509026,B.F. Rådgivning Herning,declaration_legal_name,HIGH
Baagøe Schou,21148148,BAAGØE SCHOU STATSAUTORISERET REVISIONSAKTIESELSKAB,activity_signal_dominant_cvr,HIGH
Baagøe Schou,21148148,Baagøe Schou,declaration_legal_name,HIGH
Baagøe Schou,21148148,Baagøe,inferred_brand_name,MEDIUM
Badsted Revision,10838576,Badsted Revision,declaration_legal_name,HIGH
Badsted Revision,10838576,Badsted,inferred_brand_name,MEDIUM
Baker Tilly Denmark,35257691,Baker Tilly Denmark,declaration_legal_name,HIGH
Baker Tilly Denmark,35257691,Baker Tilly,inferred_brand_name,MEDIUM
Barrett revisionsanpartsselskab,28842562,Barrett revisionsanpartsselskab,declaration_legal_name,HIGH
Barrett revisionsanpartsselskab,28842562,Barrett,inferred_brand_name,MEDIUM
BAYER HOLDING ApS,15202548,BAYER HOLDING ApS,declaration_legal_name,HIGH
BAYER HOLDING ApS,15202548,Bayer,inferred_brand_name,MEDIUM
Bays Revisionskontor,20183497,Bays Revisionskontor,declaration_legal_name,HIGH
Bays Revisionskontor,20183497,Bays,inferred_brand_name,MEDIUM
BB Revision,27917038,BB Revision,declaration_legal_name,HIGH
BDO,45719375,BDO,declaration_legal_name,HIGH
Beck Mortensen Revision ApS,46505190,Beck Mortensen Revision ApS,declaration_legal_name,HIGH
Beck Mortensen Revision ApS,46505190,Beck,inferred_brand_name,MEDIUM
Beierholm,24207501,Beierholm,declaration_legal_name,HIGH
Beierholm,32895468,Beierholm,activity_signal_dominant_cvr,HIGH
Beierholm,32895468,Beierholm,declaration_legal_name,HIGH
BENGT MØLLER REGISTRERET REVISOR,84473413,BENGT MØLLER REGISTRERET REVISOR,declaration_legal_name,HIGH
BENGT MØLLER REGISTRERET REVISOR,84473413,Bengt,inferred_brand_name,MEDIUM
Berg Rådgivning ApS,41234253,Berg Rådgivning ApS,declaration_legal_name,HIGH
Berg Rådgivning ApS,41234253,Berg,inferred_brand_name,MEDIUM
Bergmann,54213255,Bergmann,declaration_legal_name,HIGH
Betternumbers P/S,42216011,Betternumbers P/S,declaration_legal_name,HIGH
Betternumbers P/S,42216011,Betternumbers,inferred_brand_name,MEDIUM
BG Statsautoriserede revisorer ApS,43196863,BG Statsautoriserede revisorer ApS,declaration_legal_name,HIGH
BHA Statsautoriseret Revision,18967901,BHA Statsautoriseret Revision,declaration_legal_name,HIGH
BHA Statsautoriseret Revision,18967901,Bha,inferred_brand_name,MEDIUM
BHS,15772573,BHS,declaration_legal_name,HIGH
Bidstrup Revision,17578235,Bidstrup Revision,declaration_legal_name,HIGH
Bidstrup Revision,17578235,Bidstrup,inferred_brand_name,MEDIUM
Bille & Buch-Andersen,18282046,Bille & Buch-Andersen,declaration_legal_name,HIGH
Bille & Buch-Andersen,18282046,Bille,inferred_brand_name,MEDIUM
Birkebæk Revision,16950394,Birkebæk Revision,declaration_legal_name,HIGH
Birkebæk Revision,16950394,Birkebæk,inferred_brand_name,MEDIUM
Bisbjerg & Partners P/S,44742969,Bisbjerg & Partners P/S,declaration_legal_name,HIGH
Bisbjerg & Partners P/S,44742969,Bisbjerg,inferred_brand_name,MEDIUM
BJ Administration,32651674,BJ Administration,declaration_legal_name,HIGH
BJ Regnskab,14327746,BJ Regnskab,declaration_legal_name,HIGH
Bjarke Kjær,31885191,Bjarke Kjær,declaration_legal_name,HIGH
Bjarke Kjær,31885191,Bjarke,inferred_brand_name,MEDIUM
Bjarne Bertelsen,28711395,Bjarne Bertelsen,declaration_legal_name,HIGH
Bjarne Bertelsen,28711395,Bjarne,inferred_brand_name,MEDIUM
Bjarne Engbjerg-Pedersen,16579106,Bjarne Engbjerg-Pedersen,declaration_legal_name,HIGH
Bjarne Engbjerg-Pedersen,16579106,Bjarne,inferred_brand_name,MEDIUM
BJERGGAARD Regnskab og Rådgivning v/ Steen Bjerggaard,72715454,BJERGGAARD Regnskab og Rådgivning v/ Steen Bjerggaard,declaration_legal_name,HIGH
BJERGGAARD Regnskab og Rådgivning v/ Steen Bjerggaard,72715454,Bjerggaard,inferred_brand_name,MEDIUM
Bjørnlaursen,32671594,Bjørnlaursen,declaration_legal_name,HIGH
BK Revision ApS,12140363,BK Revision ApS,declaration_legal_name,HIGH
BK-Revision,12967594,BK-Revision,declaration_legal_name,HIGH
Blicher Revision & Rådgivning,78337818,Blicher Revision & Rådgivning,declaration_legal_name,HIGH
Blicher Revision & Rådgivning,78337818,Blicher,inferred_brand_name,MEDIUM
BMM Consult,18079739,BMM Consult,declaration_legal_name,HIGH
BMM Consult,18079739,Bmm,inferred_brand_name,MEDIUM
BN Consult,73980828,BN Consult,declaration_legal_name,HIGH
BN Revision,46906012,BN Revision,declaration_legal_name,HIGH
Bogføring / Regnskab,16942375,Bogføring / Regnskab,declaration_legal_name,HIGH
Bogføring / Regnskab,16942375,Bogføring,inferred_brand_name,MEDIUM
Boreco,36074981,Boreco,declaration_legal_name,HIGH
Borg Revision v/Olav Borg Christensen,20938692,Borg Revision v/Olav Borg Christensen,declaration_legal_name,HIGH
Borg Revision v/Olav Borg Christensen,20938692,Borg,inferred_brand_name,MEDIUM
Bornholms Landbrug & Fødevarer,29441677,Bornholms Landbrug & Fødevarer,declaration_legal_name,HIGH
Bornholms Landbrug & Fødevarer,29441677,Bornholms,inferred_brand_name,MEDIUM
Bornholms Revision,37858498,Bornholms Revision,declaration_legal_name,HIGH
Bornholms Revision,37858498,Bornholms,inferred_brand_name,MEDIUM
"Bornhøft & Lindemann, Registreret Revisionsanpartsselskab",41672625,"Bornhøft & Lindemann, Registreret Revisionsanpartsselskab",declaration_legal_name,HIGH
"Bornhøft & Lindemann, Registreret Revisionsanpartsselskab",41672625,Bornhøft,inferred_brand_name,MEDIUM
"Breindal, statsautoriseret revisionsanpartsselskab",41733950,"Breindal, statsautoriseret revisionsanpartsselskab",declaration_legal_name,HIGH
"Breindal, statsautoriseret revisionsanpartsselskab",41733950,Breindal,inferred_brand_name,MEDIUM
Brendstrup Revision,14371435,Brendstrup Revision,declaration_legal_name,HIGH
Brendstrup Revision,14371435,Brendstrup,inferred_brand_name,MEDIUM
Bro Søndergaard Statsautoriseret Revisionsanpartsselskab,41657332,Bro Søndergaard Statsautoriseret Revisionsanpartsselskab,declaration_legal_name,HIGH
Bro Søndergaard Statsautoriseret Revisionsanpartsselskab,41657332,Bro,inferred_brand_name,MEDIUM
Broernes Revision,27616690,Broernes Revision,declaration_legal_name,HIGH
Broernes Revision,27616690,Broernes,inferred_brand_name,MEDIUM
"Broernes Revision, Reg Revisorer",14310533,"Broernes Revision, Reg Revisorer",declaration_legal_name,HIGH
"Broernes Revision, Reg Revisorer",14310533,Broernes,inferred_brand_name,MEDIUM
Brun Blaa ApS,41815043,Brun Blaa ApS,declaration_legal_name,HIGH
Brun Blaa ApS,41815043,Brun,inferred_brand_name,MEDIUM
Brønshøj Regnskab,36709030,Brønshøj Regnskab,declaration_legal_name,HIGH
Brønshøj Regnskab,36709030,Brønshøj,inferred_brand_name,MEDIUM
Brørup Revisionskontor,13260982,Brørup Revisionskontor,declaration_legal_name,HIGH
Brørup Revisionskontor,13260982,Brørup,inferred_brand_name,MEDIUM
Buch&Nørgaard,71344517,Buch&Nørgaard,declaration_legal_name,HIGH
Buch&Nørgaard,71344517,Buch,inferred_brand_name,MEDIUM
Buller Tex Flemming Olsen,32560164,Buller Tex Flemming Olsen,declaration_legal_name,HIGH
Buller Tex Flemming Olsen,32560164,Buller,inferred_brand_name,MEDIUM
Burholt Revision,20833696,Burholt Revision,declaration_legal_name,HIGH
Burholt Revision,20833696,Burholt,inferred_brand_name,MEDIUM
BUUS JENSEN I/S STATSAUTORISEREDE REVISORER,36029374,Buus Jensen,declaration_legal_name,HIGH
BUUS JENSEN I/S STATSAUTORISEREDE REVISORER,36029374,BUUS JENSEN I/S STATSAUTORISEREDE REVISORER,manual_taxonomy_candidate,HIGH
Bæk Revision,16557390,Bæk Revision,declaration_legal_name,HIGH
Bæk Revision,16557390,Bæk,inferred_brand_name,MEDIUM
C&J Revision,26326931,C&J Revision,declaration_legal_name,HIGH
Capture,28126131,Capture,declaration_legal_name,HIGH
Carsten Bjørn Jensen,25452313,Carsten Bjørn Jensen,declaration_legal_name,HIGH
Carsten Bjørn Jensen,25452313,Carsten,inferred_brand_name,MEDIUM
CBK Revision,14604448,CBK Revision,declaration_legal_name,HIGH
CBK Revision,14604448,Cbk,inferred_brand_name,MEDIUM
CCH Revision,27015476,CCH Revision,declaration_legal_name,HIGH
CCH Revision,27015476,Cch,inferred_brand_name,MEDIUM
CDO Revison,15897473,CDO Revison,declaration_legal_name,HIGH
CDO Revison,15897473,Cdo,inferred_brand_name,MEDIUM
Center Revision Kjellerup,29618038,Center Revision Kjellerup,declaration_legal_name,HIGH
Center Revision Kjellerup,29618038,Center,inferred_brand_name,MEDIUM
Centerrevision Billund,20806346,Centerrevision Billund,declaration_legal_name,HIGH
Centerrevision Billund,20806346,Centerrevision,inferred_brand_name,MEDIUM
Centrum Revision v/ Henrik Søeborg,14548599,Centrum Revision v/ Henrik Søeborg,declaration_legal_name,HIGH
Centrum Revision v/ Henrik Søeborg,14548599,Centrum,inferred_brand_name,MEDIUM
Centrum Revision V/Kurt Håkonsson,17037307,Centrum Revision V/Kurt Håkonsson,declaration_legal_name,HIGH
Centrum Revision V/Kurt Håkonsson,17037307,Centrum,inferred_brand_name,MEDIUM
Christensen & Kjær,28320124,Christensen & Kjær,declaration_legal_name,HIGH
Christensen & Kjær,28320124,Christensen,inferred_brand_name,MEDIUM
Christensen Kjærulff,15915641,Christensen Kjærulff,declaration_legal_name,HIGH
Christensen Kjærulff,15915641,Christensen,inferred_brand_name,MEDIUM
City Revision,37048755,City Revision,declaration_legal_name,HIGH
City Revision,37048755,City,inferred_brand_name,MEDIUM
CJ Partnership,53375812,CJ Partnership,declaration_legal_name,HIGH
CKF Revision ApS Godkendt revisionsfirma,31782139,CKF Revision ApS Godkendt revisionsfirma,declaration_legal_name,HIGH
CKF Revision ApS Godkendt revisionsfirma,31782139,Ckf,inferred_brand_name,MEDIUM
Claus Carlsen,30553535,Claus Carlsen,declaration_legal_name,HIGH
Claus Carlsen,30553535,Claus,inferred_brand_name,MEDIUM
Complet Revision,30077288,Complet Revision,declaration_legal_name,HIGH
Complet Revision,30077288,Complet,inferred_brand_name,MEDIUM
COMPTA,25072596,COMPTA,declaration_legal_name,HIGH
Compu Revision,15618175,Compu Revision,declaration_legal_name,HIGH
Compu Revision,15618175,Compu,inferred_brand_name,MEDIUM
Consens,39751445,Consens,declaration_legal_name,HIGH
Counted ApS,46110099,Counted ApS,declaration_legal_name,HIGH
Counted ApS,46110099,Counted,inferred_brand_name,MEDIUM
CR Revison,31115086,CR Revison,declaration_legal_name,HIGH
Crowe,33256876,Crowe,declaration_legal_name,HIGH
CTM Revision,33160364,CTM Revision,declaration_legal_name,HIGH
CTM Revision,33160364,Ctm,inferred_brand_name,MEDIUM
CURA Revision,34330042,CURA Revision,declaration_legal_name,HIGH
CURA Revision,34330042,Cura,inferred_brand_name,MEDIUM
CY Consult ApS,41474084,CY Consult ApS,declaration_legal_name,HIGH
"Dahl, Rask & Partnere",10422183,"Dahl, Rask & Partnere",declaration_legal_name,HIGH
"Dahl, Rask & Partnere",10422183,Dahl,inferred_brand_name,MEDIUM
"Dalsgaard, Stahl & Wøldike",21696382,"Dalsgaard, Stahl & Wøldike",declaration_legal_name,HIGH
"Dalsgaard, Stahl & Wøldike",21696382,Dalsgaard,inferred_brand_name,MEDIUM
Damborg Revision og Rådgivning,15710373,Damborg Revision og Rådgivning,declaration_legal_name,HIGH
Damborg Revision og Rådgivning,15710373,Damborg,inferred_brand_name,MEDIUM
Damgaard & Enevoldsen,24257770,Damgaard & Enevoldsen,declaration_legal_name,HIGH
Damgaard & Enevoldsen,24257770,Damgaard,inferred_brand_name,MEDIUM
Damgaard Revision,33074441,Damgaard Revision,declaration_legal_name,HIGH
Damgaard Revision,33074441,Damgaard,inferred_brand_name,MEDIUM
Danborg Revision,27289940,Danborg Revision,declaration_legal_name,HIGH
Danborg Revision,27289940,Danborg,inferred_brand_name,MEDIUM
Danica,37603686,Danica,declaration_legal_name,HIGH
Danrevi Bramming,24257614,Danrevi Bramming,declaration_legal_name,HIGH
Danrevi Bramming,24257614,Danrevi,inferred_brand_name,MEDIUM
Danrevi Løgstør,10019699,Danrevi Løgstør I/S,activity_signal_dominant_cvr,HIGH
Danrevi Løgstør,10019699,Danrevi Løgstør,declaration_legal_name,HIGH
Danrevi Løgstør,10019699,Danrevi,inferred_brand_name,MEDIUM
Danrevi Løgstør,27125611,Danrevi Løgstør,declaration_legal_name,HIGH
Danrevi Løgstør,27125611,Danrevi,inferred_brand_name,MEDIUM
DanRevision Statsautoriseret Revisionsanpartsselskab,41552204,DanRevision Statsautoriseret Revisionsanpartsselskab,declaration_legal_name,HIGH
DanRevision Statsautoriseret Revisionsanpartsselskab,41552204,Danrevision,inferred_brand_name,MEDIUM
Dansk Center Revision,94431468,Dansk Center Revision,declaration_legal_name,HIGH
Dansk Center Revision,94431468,Dansk Center,inferred_brand_name,MEDIUM
DANSK REVISION A/S,31071097,DANSK REVISION A/S,declaration_legal_name,HIGH
DANSK REVISION A/S,31071097,Dansk,inferred_brand_name,MEDIUM
Dansk Revision Aalborg,17835998,Dansk Revision Aalborg,declaration_legal_name,HIGH
Dansk Revision Aalborg,17835998,Dansk Aalborg,inferred_brand_name,MEDIUM
Dansk Revision Brønderslev,14795707,Dansk Revision Brønderslev,declaration_legal_name,HIGH
Dansk Revision Brønderslev,14795707,Dansk Brønderslev,inferred_brand_name,MEDIUM
Dansk Revision Esbjerg,26993695,Dansk Revision Esbjerg,declaration_legal_name,HIGH
Dansk Revision Esbjerg,26993695,Dansk Esbjerg,inferred_brand_name,MEDIUM
Dansk Revision Frederikssund,86141019,Dansk Revision Frederikssund,declaration_legal_name,HIGH
Dansk Revision Frederikssund,86141019,Dansk Frederikssund,inferred_brand_name,MEDIUM
Dansk Revision Hillerød,26580390,Dansk Revision Hillerød,declaration_legal_name,HIGH
Dansk Revision Hillerød,26580390,Dansk Hillerød,inferred_brand_name,MEDIUM
Dansk Revision Holbæk,28853343,Dansk Revision Holbæk,declaration_legal_name,HIGH
Dansk Revision Holbæk,28853343,Dansk Holbæk,inferred_brand_name,MEDIUM
Dansk Revision København,32671608,Dansk Revision København,declaration_legal_name,HIGH
Dansk Revision København,32671608,Dansk København,inferred_brand_name,MEDIUM
Dansk Revision Odense,82218912,Dansk Revision Odense,declaration_legal_name,HIGH
Dansk Revision Odense,82218912,Dansk Odense,inferred_brand_name,MEDIUM
Dansk Revision Randers,31778530,Dansk Revision Randers,declaration_legal_name,HIGH
Dansk Revision Randers,31778530,Dansk Randers,inferred_brand_name,MEDIUM
Dansk Revision Roskilde,14678093,Dansk Revision Roskilde,declaration_legal_name,HIGH
Dansk Revision Roskilde,14678093,Dansk Roskilde,inferred_brand_name,MEDIUM
Dansk Revision Silkeborg,21678309,Dansk Revision Silkeborg,declaration_legal_name,HIGH
Dansk Revision Silkeborg,21678309,Dansk Silkeborg,inferred_brand_name,MEDIUM
Dansk Revision Skive,25172795,Dansk Revision Skive,declaration_legal_name,HIGH
Dansk Revision Skive,25172795,Dansk Skive,inferred_brand_name,MEDIUM
Dansk Revision Slagelse,29919801,Dansk Revision Slagelse & Nyborg,activity_signal_dominant_cvr,HIGH
Dansk Revision Slagelse,29919801,Dansk Revision Slagelse,declaration_legal_name,HIGH
Dansk Revision Slagelse,29919801,Dansk Slagelse,inferred_brand_name,MEDIUM
Dansk Revision Søborg,14649905,Dansk Revision Søborg,declaration_legal_name,HIGH
Dansk Revision Søborg,14649905,Dansk Søborg,inferred_brand_name,MEDIUM
Dansk Revision Sønderborg,30816471,Dansk Revision Sønderborg,declaration_legal_name,HIGH
Dansk Revision Sønderborg,30816471,Dansk Sønderborg,inferred_brand_name,MEDIUM
Dansk Revision Tønder,33219229,Dansk Revision Tønder,declaration_legal_name,HIGH
Dansk Revision Tønder,33219229,Dansk Tønder,inferred_brand_name,MEDIUM
Dansk Revision Viborg,20336390,Dansk Revision Viborg,declaration_legal_name,HIGH
Dansk Revision Viborg,20336390,Dansk Viborg,inferred_brand_name,MEDIUM
Dansk Revision Wulff & Haaning,36920289,Dansk Revision Wulff & Haaning,declaration_legal_name,HIGH
Dansk Revision Wulff & Haaning,36920289,Dansk Wulff,inferred_brand_name,MEDIUM
Dansk Revision Århus,26717671,"DANSK REVISION ÅRHUS, GODKENDT REVISIONSPARTNERSELSKAB",activity_signal_dominant_cvr,HIGH
Dansk Revision Århus,26717671,Dansk Revision Århus,declaration_legal_name,HIGH
Dansk Revision Århus,26717671,Dansk Århus,inferred_brand_name,MEDIUM
Dask Gruppen,13889686,Dask Gruppen,declaration_legal_name,HIGH
Dask Gruppen,13889686,Dask,inferred_brand_name,MEDIUM
DataBalance,32983618,DataBalance,declaration_legal_name,HIGH
Datarevision FRR,54504055,Datarevision FRR,declaration_legal_name,HIGH
Datarevision FRR,54504055,Datarevision,inferred_brand_name,MEDIUM
DAVS,25319435,DAVS,declaration_legal_name,HIGH
De Små Revisorer ApS,41583479,De Små Revisorer ApS,declaration_legal_name,HIGH
Deko Rådgivning ApS,44387255,Deko Rådgivning ApS,declaration_legal_name,HIGH
Deko Rådgivning ApS,44387255,Deko,inferred_brand_name,MEDIUM
Deloitte,24213714,Deloitte,declaration_legal_name,HIGH
Deloitte,33963556,Deloitte,declaration_legal_name,HIGH
Delta Administration,13850232,Delta Administration,declaration_legal_name,HIGH
Delta Administration,13850232,Delta,inferred_brand_name,MEDIUM
Din Revisor,35407359,Din Revisor,declaration_legal_name,HIGH
Din Revisor,35407359,Din,inferred_brand_name,MEDIUM
Din Revisor Amager ApS Godkendte revisorer,44396033,Din Revisor Amager ApS Godkendte revisorer,declaration_legal_name,HIGH
Din Revisor Amager ApS Godkendte revisorer,44396033,Din,inferred_brand_name,MEDIUM
Din Revisor Svaneke ApS Godkendte revisorer,45016501,Din Revisor Svaneke ApS Godkendte revisorer,declaration_legal_name,HIGH
Din Revisor Svaneke ApS Godkendte revisorer,45016501,Din,inferred_brand_name,MEDIUM
Dissing Revision,42395358,Dissing Revision,declaration_legal_name,HIGH
Dissing Revision,42395358,Dissing,inferred_brand_name,MEDIUM
Djurs Revision,19713830,Djurs Revision,declaration_legal_name,HIGH
Djurs Revision,19713830,Djurs,inferred_brand_name,MEDIUM
DK Ejendomsadministration & Ejendomsservice ApS,36728027,DK Ejendomsadministration & Ejendomsservice ApS,declaration_legal_name,HIGH
DLBR Revision,32451195,DLBR Revision,declaration_legal_name,HIGH
DLBR Revision,32451195,Dlbr,inferred_brand_name,MEDIUM
DM Revision,14569391,DM Revision,declaration_legal_name,HIGH
"DM Revisionsfirma af 1993, Registreret Revisionsanpartsselskab",39473321,"DM Revisionsfirma af 1993, Registreret Revisionsanpartsselskab",declaration_legal_name,HIGH
DP Hillerød P/S,42491748,DP Hillerød P/S,declaration_legal_name,HIGH
DR af 15. august 2016,75938713,DR af 15. august 2016,declaration_legal_name,HIGH
DR Revision,36479760,DR Revision,declaration_legal_name,HIGH
DSH-Revision,19674193,DSH-Revision,declaration_legal_name,HIGH
DSH-Revision,19674193,Dsh,inferred_brand_name,MEDIUM
"Dueholm & Partnere, Godkendt Revisionshus",21631930,"Dueholm & Partnere, Godkendt Revisionshus",declaration_legal_name,HIGH
"Dueholm & Partnere, Godkendt Revisionshus",21631930,Dueholm,inferred_brand_name,MEDIUM
Dupont Revision,26563976,Dupont Revision,declaration_legal_name,HIGH
Dupont Revision,26563976,Dupont,inferred_brand_name,MEDIUM
Dupont Revision & Rådgivning,26887801,Dupont Revision & Rådgivning,declaration_legal_name,HIGH
Dupont Revision & Rådgivning,26887801,Dupont,inferred_brand_name,MEDIUM
DVU,21860506,DVU,declaration_legal_name,HIGH
Døssing & Partnere,54879911,Døssing & Partnere,declaration_legal_name,HIGH
Døssing & Partnere,54879911,Døssing,inferred_brand_name,MEDIUM
E-Revisor.com,36412143,E-Revisor.com,declaration_legal_name,HIGH
EBK Smørum ApS,43487469,EBK Smørum ApS,declaration_legal_name,HIGH
EBK Smørum ApS,43487469,Ebk,inferred_brand_name,MEDIUM
EC Økonomi og regnskab,35926585,EC Økonomi og regnskab,declaration_legal_name,HIGH
ECO Revision,35891986,ECO Revision,declaration_legal_name,HIGH
ECO Revision,35891986,Eco,inferred_brand_name,MEDIUM
Eco-Team,27966675,Eco-Team,declaration_legal_name,HIGH
Eco-Team,27966675,Eco,inferred_brand_name,MEDIUM
Ecomentor,26063221,Ecomentor,declaration_legal_name,HIGH
Ecovis Danmark,28939523,Ecovis Danmark,declaration_legal_name,HIGH
Ecovis Danmark,28939523,Ecovis,inferred_brand_name,MEDIUM
Egedal Revision,38035169,Egedal Revision,declaration_legal_name,HIGH
Egedal Revision,38035169,Egedal,inferred_brand_name,MEDIUM
Egelund Revision,20474882,Egelund Revision,declaration_legal_name,HIGH
Egelund Revision,20474882,Egelund,inferred_brand_name,MEDIUM
Egon Pedersen Revision,88248228,Egon Pedersen Revision,declaration_legal_name,HIGH
Egon Pedersen Revision,88248228,Egon,inferred_brand_name,MEDIUM
Egtved Revisionskontor,27910165,Egtved Revisionskontor,declaration_legal_name,HIGH
Egtved Revisionskontor,27910165,Egtved,inferred_brand_name,MEDIUM
EKL Revision,30175859,EKL Revision,declaration_legal_name,HIGH
EKL Revision,30175859,Ekl,inferred_brand_name,MEDIUM
Elisabeth Jessen,11113575,Elisabeth Jessen,declaration_legal_name,HIGH
Elisabeth Jessen,11113575,Elisabeth,inferred_brand_name,MEDIUM
Elite-Revision,25477367,Elite-Revision,declaration_legal_name,HIGH
Elite-Revision,25477367,Elite,inferred_brand_name,MEDIUM
Ellebæk Revision,26287030,Ellebæk Revision,declaration_legal_name,HIGH
Ellebæk Revision,26287030,Ellebæk,inferred_brand_name,MEDIUM
Ellebæk Revision godkendt revisionsanpartsselskab,43325000,Ellebæk Revision Godkendt Revisionsanpartsselskab,activity_signal_dominant_cvr,HIGH
Ellebæk Revision godkendt revisionsanpartsselskab,43325000,Ellebæk Revision godkendt revisionsanpartsselskab,declaration_legal_name,HIGH
Ellebæk Revision godkendt revisionsanpartsselskab,43325000,Ellebæk,inferred_brand_name,MEDIUM
Elley Revision,10938694,Elley Revision,declaration_legal_name,HIGH
Elley Revision,10938694,Elley,inferred_brand_name,MEDIUM
EMV,35865136,EMV,declaration_legal_name,HIGH
EN Frederikshavn,16009644,EN Frederikshavn,declaration_legal_name,HIGH
Engelsted Petersen,20658231,Engelsted Petersen,declaration_legal_name,HIGH
Engelsted Petersen,20658231,Engelsted,inferred_brand_name,MEDIUM
ERC Revision,34205078,ERC Revision,declaration_legal_name,HIGH
ERC Revision,34205078,Erc,inferred_brand_name,MEDIUM
eRevision Statsautoriseret Revisionsanpartsselskab,45086607,eRevision Statsautoriseret Revisionsanpartsselskab,declaration_legal_name,HIGH
eRevision Statsautoriseret Revisionsanpartsselskab,45086607,Erevision,inferred_brand_name,MEDIUM
Erhvervs Consult ApS,35868828,Erhvervs Consult ApS,declaration_legal_name,HIGH
Erhvervs Consult ApS,35868828,Erhvervs,inferred_brand_name,MEDIUM
Erhvervsrevisorerne i Vejle,26273110,Erhvervsrevisorerne i Vejle,declaration_legal_name,HIGH
Erhvervsrevisorerne i Vejle,26273110,Erhvervsrevisorerne,inferred_brand_name,MEDIUM
ERM Horsens,33501188,ERM Horsens,declaration_legal_name,HIGH
ERM Horsens,33501188,Erm,inferred_brand_name,MEDIUM
ESSET,27288537,ESSET,declaration_legal_name,HIGH
Exacta Gruppen,33359128,Exacta Gruppen,declaration_legal_name,HIGH
Exacta Gruppen,33359128,Exacta,inferred_brand_name,MEDIUM
EXACTA REGNSKAB ApS,25914481,EXACTA REGNSKAB ApS,declaration_legal_name,HIGH
EXACTA REGNSKAB ApS,25914481,Exacta,inferred_brand_name,MEDIUM
Exacta Revision ApS,24224724,Exacta Revision ApS,declaration_legal_name,HIGH
Exacta Revision ApS,24224724,Exacta,inferred_brand_name,MEDIUM
Exante Revision,70694611,Exante Revision,declaration_legal_name,HIGH
Exante Revision,70694611,Exante,inferred_brand_name,MEDIUM
Excell Revision,32428932,Excell Revision,declaration_legal_name,HIGH
Excell Revision,32428932,Excell,inferred_brand_name,MEDIUM
EY,30700228,EY Godkendt Revisionspartnerselskab,activity_signal_dominant_cvr,HIGH
EY,30700228,EY,declaration_legal_name,HIGH
EY,33946171,EY,declaration_legal_name,HIGH
EY,35683194,EY,declaration_legal_name,HIGH
Eybye Invest,27527027,Eybye Invest,declaration_legal_name,HIGH
Eybye Invest,27527027,Eybye,inferred_brand_name,MEDIUM
F I Revision,12576986,F I Revision,declaration_legal_name,HIGH
F.J. Revision,76534268,F.J. Revision,declaration_legal_name,HIGH
FC regnskab,36971339,FC regnskab,declaration_legal_name,HIGH
FER Fyns Erhvervsrevision,21447587,FER Fyns Erhvervsrevision,declaration_legal_name,HIGH
FER Fyns Erhvervsrevision,21447587,Fer,inferred_brand_name,MEDIUM
Fetterlein,36081848,Fetterlein,declaration_legal_name,HIGH
Fidura Statsautoriseret Revisionsanpartsselskab,45740986,Fidura Statsautoriseret Revisionsanpartsselskab,declaration_legal_name,HIGH
Fidura Statsautoriseret Revisionsanpartsselskab,45740986,Fidura,inferred_brand_name,MEDIUM
Finansion v/ revisor Jens Møller,41418737,Finansion v/ revisor Jens Møller,declaration_legal_name,HIGH
Finansion v/ revisor Jens Møller,41418737,Finansion,inferred_brand_name,MEDIUM
Firat Group,21617881,Firat Group,declaration_legal_name,HIGH
Firat Group,21617881,Firat,inferred_brand_name,MEDIUM
Fischer & Kragh ApS,38392867,Fischer & Kragh ApS,declaration_legal_name,HIGH
Fischer & Kragh ApS,38392867,Fischer,inferred_brand_name,MEDIUM
FJH Revision,18165406,FJH Revision,declaration_legal_name,HIGH
FJH Revision,18165406,Fjh,inferred_brand_name,MEDIUM
FKS Revision,26306175,FKS Revision,declaration_legal_name,HIGH
FKS Revision,26306175,Fks,inferred_brand_name,MEDIUM
Flemming Johannsen,31095018,Flemming Johannsen,declaration_legal_name,HIGH
Flemming Johannsen,31095018,Flemming,inferred_brand_name,MEDIUM
FN Revision,29747792,FN Revision,declaration_legal_name,HIGH
Fokusrevision.dk,26996430,Fokusrevision.dk,declaration_legal_name,HIGH
Fokusrevision.dk,26996430,Fokusrevision,inferred_brand_name,MEDIUM
FP Revision,37381136,FP Revision,declaration_legal_name,HIGH
Funder & Henriksen,29628777,Funder & Henriksen,declaration_legal_name,HIGH
Funder & Henriksen,29628777,Funder,inferred_brand_name,MEDIUM
Furesø Revision,27969933,Furesø Revision,declaration_legal_name,HIGH
Furesø Revision,27969933,Furesø,inferred_brand_name,MEDIUM
Fynbo Revision,19706974,Fynbo Revision,declaration_legal_name,HIGH
Fynbo Revision,19706974,Fynbo,inferred_brand_name,MEDIUM
G2 Revision,32285538,G2 Revision,declaration_legal_name,HIGH
GBH Revision & Rådgivning,17610430,GBH Revision & Rådgivning,declaration_legal_name,HIGH
GBH Revision & Rådgivning,17610430,Gbh,inferred_brand_name,MEDIUM
GE Revision & Rådgivning,25187091,GE Revision & Rådgivning,declaration_legal_name,HIGH
Gilfelt Revision,28108303,Gilfelt Revision,declaration_legal_name,HIGH
Gilfelt Revision,28108303,Gilfelt,inferred_brand_name,MEDIUM
gills-economics,39325608,gills-economics,declaration_legal_name,HIGH
gills-economics,39325608,Gills,inferred_brand_name,MEDIUM
GLB Revision,30821963,GLB Revision,declaration_legal_name,HIGH
GLB Revision,30821963,Glb,inferred_brand_name,MEDIUM
Global Revision,28121717,Global Revision,declaration_legal_name,HIGH
Global Revision,28121717,Global,inferred_brand_name,MEDIUM
Glud&Ko,31811694,Glud&Ko,declaration_legal_name,HIGH
Glud&Ko,31811694,Glud,inferred_brand_name,MEDIUM
GoAudit,37205907,GoAudit,declaration_legal_name,HIGH
Grant Thornton,34209936,"Grant Thornton, Godkendt Revisionspartnerselskab",activity_signal_dominant_cvr,HIGH
Grant Thornton,34209936,Grant Thornton,declaration_legal_name,HIGH
Greve Strands Revision,52992753,Greve Strands Revision,declaration_legal_name,HIGH
Greve Strands Revision,52992753,Greve,inferred_brand_name,MEDIUM
Gronemanns,32563627,Gronemanns,declaration_legal_name,HIGH
Grønborg Revision,75076118,Grønborg Revision,declaration_legal_name,HIGH
Grønborg Revision,75076118,Grønborg,inferred_brand_name,MEDIUM
"Grønlands Revision A/S, statsautoriserede revisorer",41762667,"Grønlands Revision A/S, statsautoriserede revisorer",declaration_legal_name,HIGH
"Grønlands Revision A/S, statsautoriserede revisorer",41762667,Grønlands,inferred_brand_name,MEDIUM
Grønlands Revision Godkendt Revisionspartnerselskab,46201515,Grønlands Revision Godkendt Revisionspartnerselskab,declaration_legal_name,HIGH
Grønlands Revision Godkendt Revisionspartnerselskab,46201515,Grønlands,inferred_brand_name,MEDIUM
GS Event + Revisionplus,73881412,GS Event + Revisionplus,declaration_legal_name,HIGH
Gundsø Revision,76475512,Gundsø Revision,declaration_legal_name,HIGH
Gundsø Revision,76475512,Gundsø,inferred_brand_name,MEDIUM
Gunnar Bendixen,71220168,Gunnar Bendixen,declaration_legal_name,HIGH
Gunnar Bendixen,71220168,Gunnar,inferred_brand_name,MEDIUM
GV Revision,25122402,GV Revision,declaration_legal_name,HIGH
H D Consult,27796001,H D Consult,declaration_legal_name,HIGH
Haamann A/S,24256995,Haamann A/S,declaration_legal_name,HIGH
Haamann A/S,24256995,Haamann,inferred_brand_name,MEDIUM
Haamann Statsautoriseret Revisionspartnerselskab,39408198,Haamann Statsautoriseret Revisionspartnerselskab,declaration_legal_name,HIGH
Haamann Statsautoriseret Revisionspartnerselskab,39408198,Haamann,inferred_brand_name,MEDIUM
HALLERUP STATSAUTORISERET REVISOR ApS,79157511,HALLERUP STATSAUTORISERET REVISOR ApS,declaration_legal_name,HIGH
HALLERUP STATSAUTORISERET REVISOR ApS,79157511,Hallerup,inferred_brand_name,MEDIUM
Hans Jørgen Nielsen,20080450,Hans Jørgen Nielsen,declaration_legal_name,HIGH
Hans Jørgen Nielsen,20080450,Hans,inferred_brand_name,MEDIUM
Harboe Consult,35649417,Harboe Consult,declaration_legal_name,HIGH
Harboe Consult,35649417,Harboe,inferred_brand_name,MEDIUM
Harboe og B.,33649452,Harboe og B.,declaration_legal_name,HIGH
Harboe og B.,33649452,Harboe,inferred_brand_name,MEDIUM
Hartvig & Aalund,31478383,Hartvig & Aalund,declaration_legal_name,HIGH
Hartvig & Aalund,31478383,Hartvig,inferred_brand_name,MEDIUM
"Hartzberg+, statsautoriseret revisionsanpartsselskab",40535349,"Hartzberg+, statsautoriseret revisionsanpartsselskab",declaration_legal_name,HIGH
"Hartzberg+, statsautoriseret revisionsanpartsselskab",40535349,Hartzberg,inferred_brand_name,MEDIUM
HE Revision,29404992,HE Revision,declaration_legal_name,HIGH
Hedelund revision & rådgivning,36762454,Hedelund revision & rådgivning,declaration_legal_name,HIGH
Hedelund revision & rådgivning,36762454,Hedelund,inferred_brand_name,MEDIUM
Helledie Revision,39164388,Helledie Revision,declaration_legal_name,HIGH
Helledie Revision,39164388,Helledie,inferred_brand_name,MEDIUM
Henrik Blixenkrone Registreret Revisionsanpartsselskab,10477549,Henrik Blixenkrone Registreret Revisionsanpartsselskab,declaration_legal_name,HIGH
Henrik Blixenkrone Registreret Revisionsanpartsselskab,10477549,Henrik,inferred_brand_name,MEDIUM
Henrik Hansen Revision,10054192,Henrik Hansen Revision,declaration_legal_name,HIGH
Henrik Hansen Revision,10054192,Henrik,inferred_brand_name,MEDIUM
Hestehavens Revison,31579325,Hestehavens Revison,declaration_legal_name,HIGH
Hestehavens Revison,31579325,Hestehavens,inferred_brand_name,MEDIUM
HH Bogføring og Regnskab,41316489,HH Bogføring og Regnskab,declaration_legal_name,HIGH
HJ Revision ApS,38140515,HJ Revision ApS,declaration_legal_name,HIGH
HK-revision,18767333,HK-revision,declaration_legal_name,HIGH
HKP Revision,12354746,HKP Revision,declaration_legal_name,HIGH
HKP Revision,12354746,Hkp,inferred_brand_name,MEDIUM
Holberg Invest ApS,42657638,Holberg Invest ApS,declaration_legal_name,HIGH
Holberg Invest ApS,42657638,Holberg,inferred_brand_name,MEDIUM
Holberg revision,35638288,Holberg revision,declaration_legal_name,HIGH
Holberg revision,35638288,Holberg,inferred_brand_name,MEDIUM
Hole Revision,30709470,Hole Revision,declaration_legal_name,HIGH
Hole Revision,30709470,Hole,inferred_brand_name,MEDIUM
Holm Hansen Statsautoriseret Revisionspartnerselskab,35042520,Holm Hansen Statsautoriseret Revisionspartnerselskab,declaration_legal_name,HIGH
Holm Hansen Statsautoriseret Revisionspartnerselskab,35042520,Holm,inferred_brand_name,MEDIUM
Hovedstadens Revisionshus ApS,36894415,Hovedstadens Revisionshus ApS,declaration_legal_name,HIGH
Hovedstadens Revisionshus ApS,36894415,Hovedstadens,inferred_brand_name,MEDIUM
HR Revision ApS,46151607,HR Revision ApS,declaration_legal_name,HIGH
Huset Under Linden,73643716,Huset Under Linden,declaration_legal_name,HIGH
Huset Under Linden,73643716,Huset,inferred_brand_name,MEDIUM
HvidebækRevisoren,28931581,HvidebækRevisoren,declaration_legal_name,HIGH
Høffner Revision,76637415,Høffner Revision,declaration_legal_name,HIGH
Høffner Revision,76637415,Høffner,inferred_brand_name,MEDIUM
I.H. Revision v/ Hanne Henningsen,19617203,I.H. Revision v/ Hanne Henningsen,declaration_legal_name,HIGH
Ib Rohde,30905652,Ib Rohde,declaration_legal_name,HIGH
IGM Revision v/iben green madsen,52886252,IGM Revision v/iben green madsen,declaration_legal_name,HIGH
IGM Revision v/iben green madsen,52886252,Igm,inferred_brand_name,MEDIUM
IHC Holding Kolding,31501601,IHC Holding Kolding,declaration_legal_name,HIGH
IHC Holding Kolding,31501601,Ihc,inferred_brand_name,MEDIUM
Inforevision,19263096,Inforevision,declaration_legal_name,HIGH
Intension,26632315,Intension,declaration_legal_name,HIGH
J H Regnskab v/Jan Ekmann Hørsel,20415991,J H Regnskab v/Jan Ekmann Hørsel,declaration_legal_name,HIGH
J. Aarøe Statsautoriseret Revisionsanpartsselskab,34058059,J. Aarøe Statsautoriseret Revisionsanpartsselskab,declaration_legal_name,HIGH
J. S. Jakobsen,15515554,J. S. Jakobsen,declaration_legal_name,HIGH
Jajaogatterja,40095179,Jajaogatterja,declaration_legal_name,HIGH
JBC Revision v/Jørgen Christensen,25979907,JBC Revision v/Jørgen Christensen,declaration_legal_name,HIGH
JBC Revision v/Jørgen Christensen,25979907,Jbc,inferred_brand_name,MEDIUM
JBL Revision,36491817,JBL Revision,declaration_legal_name,HIGH
JBL Revision,36491817,Jbl,inferred_brand_name,MEDIUM
JE Regnskabsservice,17366270,JE Regnskabsservice,declaration_legal_name,HIGH
"Jens Rye, Statsautoriseret Revisor",41694939,"Jens Rye, Statsautoriseret Revisor",declaration_legal_name,HIGH
"Jens Rye, Statsautoriseret Revisor",41694939,Jens,inferred_brand_name,MEDIUM
Jes Revision,17016334,Jes Revision,declaration_legal_name,HIGH
Jes Revision,17016334,Jes,inferred_brand_name,MEDIUM
JH Revision,55399719,JH Revision,declaration_legal_name,HIGH
"JHL Revision, Esbjerg",40052992,"JHL Revision, Esbjerg",declaration_legal_name,HIGH
"JHL Revision, Esbjerg",40052992,Jhl,inferred_brand_name,MEDIUM
JL Revision,11286380,JL Revision,declaration_legal_name,HIGH
JL Revisorer,31332699,JL Revisorer,declaration_legal_name,HIGH
"John Dalgaard, Statsautoriseret Revisionsanpartsselskab",27192939,"John Dalgaard, Statsautoriseret Revisionsanpartsselskab",declaration_legal_name,HIGH
"John Dalgaard, Statsautoriseret Revisionsanpartsselskab",27192939,John,inferred_brand_name,MEDIUM
Johnny Hansen Registreret Revisionsanpartsselskab,16933503,Johnny Hansen Registreret Revisionsanpartsselskab,declaration_legal_name,HIGH
Johnny Hansen Registreret Revisionsanpartsselskab,16933503,Johnny,inferred_brand_name,MEDIUM
Johnny Kofoed-Jensen,40992138,Johnny Kofoed-Jensen,declaration_legal_name,HIGH
Johnny Kofoed-Jensen,40992138,Johnny,inferred_brand_name,MEDIUM
Joost & Partner Registreret Revisionsanpartsselskab,63778710,Joost & Partner Registreret Revisionsanpartsselskab,declaration_legal_name,HIGH
Joost & Partner Registreret Revisionsanpartsselskab,63778710,Joost,inferred_brand_name,MEDIUM
JP Management Holding,25709888,JP Management Holding,declaration_legal_name,HIGH
"JS Revision, Godkendt Revisionsaktieselskab",37999687,"JS Revision, Godkendt Revisionsaktieselskab",declaration_legal_name,HIGH
JST Revision,26344735,JST Revision,declaration_legal_name,HIGH
JST Revision,26344735,Jst,inferred_brand_name,MEDIUM
JT Adviser,14081844,JT Adviser,declaration_legal_name,HIGH
JuelViborg,31438748,JuelViborg,declaration_legal_name,HIGH
Juul & Blicher ApS,45395634,Juul & Blicher ApS,declaration_legal_name,HIGH
Juul & Blicher ApS,45395634,Juul,inferred_brand_name,MEDIUM
JVBM Revision,36972912,JVBM Revision,declaration_legal_name,HIGH
JVBM Revision,36972912,Jvbm,inferred_brand_name,MEDIUM
Jysk Revision og Rådgivning ApS,43573810,Jysk Revision og Rådgivning ApS,declaration_legal_name,HIGH
Jysk Revision og Rådgivning ApS,43573810,Jysk,inferred_brand_name,MEDIUM
Jørn Haagensen Statsautoriseret Revisionsanpartsselskab,33759231,Jørn Haagensen Statsautoriseret Revisionsanpartsselskab,declaration_legal_name,HIGH
Jørn Haagensen Statsautoriseret Revisionsanpartsselskab,33759231,Jørn,inferred_brand_name,MEDIUM
Jørn m. Schmidt Statsautoriseret Revisionsanpartsselskab,28309724,Jørn m. Schmidt Statsautoriseret Revisionsanpartsselskab,declaration_legal_name,HIGH
Jørn m. Schmidt Statsautoriseret Revisionsanpartsselskab,28309724,Jørn,inferred_brand_name,MEDIUM
K.T. Revision Vejle,70969815,K.T. Revision Vejle,declaration_legal_name,HIGH
K2 TOP Registreret Revisionsanpartsselskab,30175905,K2 TOP Registreret Revisionsanpartsselskab,declaration_legal_name,HIGH
Kallermann Revision,30195264,Kallermann Revision,declaration_legal_name,HIGH
Kallermann Revision,30195264,Kallermann,inferred_brand_name,MEDIUM
Kappelskov Revision,11790577,Kappelskov Revision,declaration_legal_name,HIGH
Kappelskov Revision,11790577,Kappelskov,inferred_brand_name,MEDIUM
Kara Statsautoriseret Revisionsanpartsselskab,45945189,Kara Statsautoriseret Revisionsanpartsselskab,declaration_legal_name,HIGH
Kara Statsautoriseret Revisionsanpartsselskab,45945189,Kara,inferred_brand_name,MEDIUM
Karin Juel Registreret Revisionsvirksomhed,12911580,Karin Juel Registreret Revisionsvirksomhed,declaration_legal_name,HIGH
Karin Juel Registreret Revisionsvirksomhed,12911580,Karin,inferred_brand_name,MEDIUM
Karleby Revision ApS,26252687,Karleby Revision ApS,declaration_legal_name,HIGH
Karleby Revision ApS,26252687,Karleby,inferred_brand_name,MEDIUM
Karsten Andersen Registreret Revisionsvirksomhed,34274657,Karsten Andersen Registreret Revisionsvirksomhed,declaration_legal_name,HIGH
Karsten Andersen Registreret Revisionsvirksomhed,34274657,Karsten,inferred_brand_name,MEDIUM
Karsten Reher. Revisionsanpartsselskab,76477817,Karsten Reher. Revisionsanpartsselskab,declaration_legal_name,HIGH
Karsten Reher. Revisionsanpartsselskab,76477817,Karsten,inferred_brand_name,MEDIUM
Kerteminde Revision v/Charlotte Elwain,29573360,Kerteminde Revision v/Charlotte Elwain,declaration_legal_name,HIGH
Kerteminde Revision v/Charlotte Elwain,29573360,Kerteminde,inferred_brand_name,MEDIUM
Kildebjerg Revision,26631556,Kildebjerg Revision,declaration_legal_name,HIGH
Kildebjerg Revision,26631556,Kildebjerg,inferred_brand_name,MEDIUM
Kirkhoff,30351002,Kirkhoff,declaration_legal_name,HIGH
Kjeld Linnebjerg Registreret Revisionsanpartsselskab,15587008,Kjeld Linnebjerg Registreret Revisionsanpartsselskab,declaration_legal_name,HIGH
Kjeld Linnebjerg Registreret Revisionsanpartsselskab,15587008,Kjeld,inferred_brand_name,MEDIUM
"Kjeldsen Revision, Statsautoriseret Revisionsanpartsselskab",46115422,"Kjeldsen Revision, Statsautoriseret Revisionsanpartsselskab",declaration_legal_name,HIGH
"Kjeldsen Revision, Statsautoriseret Revisionsanpartsselskab",46115422,Kjeldsen,inferred_brand_name,MEDIUM
Kjær Revision,37984558,Kjær Revision,declaration_legal_name,HIGH
Kjær Revision,37984558,Kjær,inferred_brand_name,MEDIUM
Klar Revision,35827943,Klar Revision,declaration_legal_name,HIGH
Klar Revision,35827943,Klar,inferred_brand_name,MEDIUM
Klinkby Revision v/Lars Klinkby,30006674,Klinkby Revision v/Lars Klinkby,declaration_legal_name,HIGH
Klinkby Revision v/Lars Klinkby,30006674,Klinkby,inferred_brand_name,MEDIUM
KOA CPH ApS,45107787,KOA CPH ApS,declaration_legal_name,HIGH
KOA CPH ApS,45107787,Koa,inferred_brand_name,MEDIUM
KOA Rådgivning & Regnskab ApS,78168714,KOA Rådgivning & Regnskab ApS,declaration_legal_name,HIGH
KOA Rådgivning & Regnskab ApS,78168714,Koa,inferred_brand_name,MEDIUM
Kobstrup,17294431,Kobstrup,declaration_legal_name,HIGH
Kolding Erhvervsservice,30817222,Kolding Erhvervsservice,declaration_legal_name,HIGH
Kolding Erhvervsservice,30817222,Kolding,inferred_brand_name,MEDIUM
Kolding Herreds Landbrugsforening,21111511,Kolding Herreds Landbrugsforening,declaration_legal_name,HIGH
Kolding Herreds Landbrugsforening,21111511,Kolding,inferred_brand_name,MEDIUM
Kompas Revision,26291593,Kompas Revision,declaration_legal_name,HIGH
Kompas Revision,26291593,Kompas,inferred_brand_name,MEDIUM
KOMPLEMENTARANPARTSSELSKABET ANDERSEN REVISION,35534156,KOMPLEMENTARANPARTSSELSKABET ANDERSEN REVISION,declaration_legal_name,HIGH
KOMPLEMENTARANPARTSSELSKABET ANDERSEN REVISION,35534156,Komplementaranpartsselskabet,inferred_brand_name,MEDIUM
Konde ApS,38575694,Konde ApS,declaration_legal_name,HIGH
Konde ApS,38575694,Konde,inferred_brand_name,MEDIUM
Kongevejens Revision,25273621,Kongevejens Revision,declaration_legal_name,HIGH
Kongevejens Revision,25273621,Kongevejens,inferred_brand_name,MEDIUM
Konsulent Jens H. Hedegaard,42746452,Konsulent Jens H. Hedegaard,declaration_legal_name,HIGH
Konsulent Jens H. Hedegaard,42746452,Konsulent,inferred_brand_name,MEDIUM
Korsgaard Revision,13835640,Korsgaard Revision,declaration_legal_name,HIGH
Korsgaard Revision,13835640,Korsgaard,inferred_brand_name,MEDIUM
Kovsted & Skovgård,38751646,"KOVSTED & SKOVGÅRD, REVISION & RÅDGIVNING, STATSAUTORISERET REVISIONSPARTNERSELSKAB",activity_signal_dominant_cvr,HIGH
Kovsted & Skovgård,38751646,Kovsted & Skovgård,declaration_legal_name,HIGH
Kovsted & Skovgård,38751646,Kovsted,inferred_brand_name,MEDIUM
KPMG,25578198,KPMG,declaration_legal_name,HIGH
KPMG KOMPLEMENTARSELSKAB ApS,25504070,KPMG KOMPLEMENTARSELSKAB ApS,declaration_legal_name,HIGH
KPMG KOMPLEMENTARSELSKAB ApS,25504070,Kpmg,inferred_brand_name,MEDIUM
Kramer Consulting,38654217,Kramer Consulting,declaration_legal_name,HIGH
Kramer Consulting,38654217,Kramer,inferred_brand_name,MEDIUM
Kreston AKC,35316957,Kreston AKC,declaration_legal_name,HIGH
Kreston CM,39463113,Kreston CM Statsautoriseret Revisions interessentskab,activity_signal_dominant_cvr,HIGH
Kreston CM,39463113,Kreston CM,declaration_legal_name,HIGH
Kreston JC,27619096,Kreston JC,declaration_legal_name,HIGH
Kreston SR,33948794,Kreston SR Statsautoriseret Revisionspartnerselskab,activity_signal_dominant_cvr,HIGH
Kreston SR,33948794,Kreston SR,declaration_legal_name,HIGH
Krogh & Thomsen,19154408,Krogh & Thomsen,declaration_legal_name,HIGH
Krogh & Thomsen,19154408,Krogh,inferred_brand_name,MEDIUM
Kruse Revision,43113577,Kruse Revision,declaration_legal_name,HIGH
Kruse Revision,43113577,Kruse,inferred_brand_name,MEDIUM
Krydsrevision,38225804,Krydsrevision,declaration_legal_name,HIGH
Krøyer Pedersen Statsautoriserede Revisorer,89224918,Krøyer Pedersen Statsautoriserede Revisorer I/S,activity_signal_dominant_cvr,HIGH
Krøyer Pedersen Statsautoriserede Revisorer,89224918,Krøyer Pedersen Statsautoriserede Revisorer,declaration_legal_name,HIGH
Krøyer Pedersen Statsautoriserede Revisorer,89224918,Krøyer Pedersen,inferred_brand_name,MEDIUM
Krøyer Pedersen Statsautoriserede Revisorer P/S,45922391,Krøyer Pedersen Statsautoriserede Revisorer P/S,declaration_legal_name,HIGH
Krøyer Pedersen Statsautoriserede Revisorer P/S,45922391,Krøyer Pedersen,inferred_brand_name,MEDIUM
Kvalitetsrevision,36480254,Kvalitetsrevision,declaration_legal_name,HIGH
Kvist & Jensen,36717785,Kvist & Jensen,declaration_legal_name,HIGH
Kvist & Jensen,36717785,Kvist,inferred_brand_name,MEDIUM
"Kvist & Jensen, Grenaa",27478131,"Kvist & Jensen, Grenaa",declaration_legal_name,HIGH
"Kvist & Jensen, Grenaa",27478131,Kvist,inferred_brand_name,MEDIUM
Kvist Revision ApS,38818724,Kvist Revision ApS,declaration_legal_name,HIGH
Kvist Revision ApS,38818724,Kvist,inferred_brand_name,MEDIUM
Køge Nord Revision,14149341,Køge Nord Revision,declaration_legal_name,HIGH
Køge Nord Revision,14149341,Køge,inferred_brand_name,MEDIUM
L.A. Revision,17022970,L.A. Revision,declaration_legal_name,HIGH
Landbo Limfjord,26243076,Landbo Limfjord,declaration_legal_name,HIGH
Landbo Limfjord,26243076,Landbo,inferred_brand_name,MEDIUM
Landboforeningen Gefion,31123992,Landboforeningen Gefion,declaration_legal_name,HIGH
Landboforeningen Gefion,31123992,Landboforeningen,inferred_brand_name,MEDIUM
LandboNord,25049608,LandboNord,declaration_legal_name,HIGH
LandboThy,41946717,LandboThy,declaration_legal_name,HIGH
Landbrugsrådgivning Syd,30719131,Landbrugsrådgivning Syd,declaration_legal_name,HIGH
Landbrugsrådgivning Syd,30719131,Landbrugsrådgivning,inferred_brand_name,MEDIUM
Landwirtschaftlicher Hauptverein für Nordschleswig,16342718,Landwirtschaftlicher Hauptverein für Nordschleswig,declaration_legal_name,HIGH
Landwirtschaftlicher Hauptverein für Nordschleswig,16342718,Landwirtschaftlicher,inferred_brand_name,MEDIUM
Langelands Revisionscenter,61225811,Langelands Revisionscenter,declaration_legal_name,HIGH
Langelands Revisionscenter,61225811,Langelands,inferred_brand_name,MEDIUM
Langelinierevisionen,11303870,Langelinierevisionen,declaration_legal_name,HIGH
Lars Ole Wiese,30220331,Lars Ole Wiese,declaration_legal_name,HIGH
Lars Ole Wiese,30220331,Lars,inferred_brand_name,MEDIUM
Lars P Revision,33225172,Lars P Revision,declaration_legal_name,HIGH
Lars P Revision,33225172,Lars,inferred_brand_name,MEDIUM
"Larsen, Statsautoriseret Revisionsanpartsselskab",45756173,"Larsen, Statsautoriseret Revisionsanpartsselskab",declaration_legal_name,HIGH
"Larsen, Statsautoriseret Revisionsanpartsselskab",45756173,Larsen,inferred_brand_name,MEDIUM
LB Revision,14047107,LB Revision,declaration_legal_name,HIGH
LBV ApS,41358513,LBV ApS,declaration_legal_name,HIGH
LBV ApS,41358513,Lbv,inferred_brand_name,MEDIUM
LD&C Statsautoriseret Revisionsanpartsselskab,46080041,LD&C Statsautoriseret Revisionsanpartsselskab,declaration_legal_name,HIGH
LDM Revision,19553876,LDM Revision,declaration_legal_name,HIGH
LDM Revision,19553876,Ldm,inferred_brand_name,MEDIUM
Legato Regnskab og bogføring,33836449,Legato Regnskab og bogføring,declaration_legal_name,HIGH
Legato Regnskab og bogføring,33836449,Legato,inferred_brand_name,MEDIUM
Leif Mikkelsen & Partnere,32676421,LEIF MIKKELSEN & PARTNERE A/S,activity_signal_dominant_cvr,HIGH
Leif Mikkelsen & Partnere,32676421,Leif Mikkelsen & Partnere,declaration_legal_name,HIGH
Leif Mikkelsen & Partnere,32676421,Leif,inferred_brand_name,MEDIUM
Lejenregnskabschef.dk,30563670,Lejenregnskabschef.dk,declaration_legal_name,HIGH
Lejenregnskabschef.dk,30563670,Lejenregnskabschef,inferred_brand_name,MEDIUM
Lemvigegnens Landboforening,41503610,Lemvigegnens Landboforening,declaration_legal_name,HIGH
Lemvigegnens Landboforening,41503610,Lemvigegnens,inferred_brand_name,MEDIUM
Lerfeldt Revision,20142146,Lerfeldt Revision,declaration_legal_name,HIGH
Lerfeldt Revision,20142146,Lerfeldt,inferred_brand_name,MEDIUM
Leth & Partnere,32789153,Leth & Partnere,declaration_legal_name,HIGH
Leth & Partnere,32789153,Leth,inferred_brand_name,MEDIUM
Lidegaard Revision & Rådgivning,27096174,Lidegaard Revision & Rådgivning,declaration_legal_name,HIGH
Lidegaard Revision & Rådgivning,27096174,Lidegaard,inferred_brand_name,MEDIUM
Lidegaard Revision&Rådgivning,27511511,Lidegaard Revision&Rådgivning,declaration_legal_name,HIGH
Lidegaard Revision&Rådgivning,27511511,Lidegaard,inferred_brand_name,MEDIUM
Lillebælt Revision,10122058,Lillebælt Revision,declaration_legal_name,HIGH
Lillebælt Revision,10122058,Lillebælt,inferred_brand_name,MEDIUM
Linda Lauritsen,37142042,Linda Lauritsen,declaration_legal_name,HIGH
Linda Lauritsen,37142042,Linda,inferred_brand_name,MEDIUM
Lindeberg Storm Fischer,37821055,Lindeberg Storm Fischer,declaration_legal_name,HIGH
Lindeberg Storm Fischer,37821055,Lindeberg,inferred_brand_name,MEDIUM
Lindholm Revision,38248677,Lindholm Revision,declaration_legal_name,HIGH
Lindholm Revision,38248677,Lindholm,inferred_brand_name,MEDIUM
LJ Revision,28284160,LJ Revision,declaration_legal_name,HIGH
Lokal Revision - statsautoriseret revisionsanpartsselskab,41943661,Lokal Revision - statsautoriseret revisionsanpartsselskab,declaration_legal_name,HIGH
Lokal Revision - statsautoriseret revisionsanpartsselskab,41943661,Lokal,inferred_brand_name,MEDIUM
Lokalrevision,78646411,Lokalrevision,declaration_legal_name,HIGH
"Lorentzen & Partners, Statsautoriserede Revisorer ApS",45328988,"Lorentzen & Partners, Statsautoriserede Revisorer ApS",declaration_legal_name,HIGH
"Lorentzen & Partners, Statsautoriserede Revisorer ApS",45328988,Lorentzen,inferred_brand_name,MEDIUM
Lou Revision,31579309,Lou Revision,declaration_legal_name,HIGH
Lou Revision,31579309,Lou,inferred_brand_name,MEDIUM
LP Revision & rådgivning,16368342,LP Revision & rådgivning,declaration_legal_name,HIGH
LPOG ApS,33167288,"LPOG ApS, Statsautoriserede Revisorer",activity_signal_dominant_cvr,HIGH
LPOG ApS,33167288,LPOG ApS,declaration_legal_name,HIGH
LPOG ApS,33167288,Lpog,inferred_brand_name,MEDIUM
Luni Revision,17811371,Luni Revision,declaration_legal_name,HIGH
Luni Revision,17811371,Luni,inferred_brand_name,MEDIUM
Luni Revisions Anpartsselskab,28970641,Luni Revisions Anpartsselskab,declaration_legal_name,HIGH
Luni Revisions Anpartsselskab,28970641,Luni,inferred_brand_name,MEDIUM
Lynge Revisor,31622565,Lynge Revisor,declaration_legal_name,HIGH
Lynge Revisor,31622565,Lynge,inferred_brand_name,MEDIUM
Lyngen Revision statsautoriseret revisionsanpartsselskab,35050175,Lyngen Revision statsautoriseret revisionsanpartsselskab,declaration_legal_name,HIGH
Lyngen Revision statsautoriseret revisionsanpartsselskab,35050175,Lyngen,inferred_brand_name,MEDIUM
Lægers & Tandlægers Revisionskontor,25685229,Lægers & Tandlægers Revisionskontor,declaration_legal_name,HIGH
Lægers & Tandlægers Revisionskontor,25685229,Lægers,inferred_brand_name,MEDIUM
Lægers & Tandlægers Revisionskontor Sjælland,33877390,Lægers & Tandlægers Revisionskontor Sjælland,declaration_legal_name,HIGH
Lægers & Tandlægers Revisionskontor Sjælland,33877390,Lægers,inferred_brand_name,MEDIUM
Lægård Revision,18437082,Lægård Revision,activity_signal_dominant_cvr,HIGH
Lægård Revision,18437082,Lægård Revision,declaration_legal_name,HIGH
Lægård Revision,18437082,Lægård,inferred_brand_name,MEDIUM
MA Revision v/Morten Andersen,12246099,MA Revision v/Morten Andersen,declaration_legal_name,HIGH
"MADS MYRTUE THOMSEN, STATSAUTORISERET REVISIONSANPARTSSELSKAB",28663838,"MADS MYRTUE THOMSEN, STATSAUTORISERET REVISIONSANPARTSSELSKAB",declaration_legal_name,HIGH
"MADS MYRTUE THOMSEN, STATSAUTORISERET REVISIONSANPARTSSELSKAB",28663838,Mads,inferred_brand_name,MEDIUM
Martinsen,32285201,Martinsen,declaration_legal_name,HIGH
Martinsen,32285201,Martinsen Statsautoriseret Revisionspartnerselskab,manual_taxonomy_candidate,HIGH
Mazars Statsautoriseret Revisionspartnerselskab,31061741,Mazars Statsautoriseret Revisionspartnerselskab,declaration_legal_name,HIGH
Mazars Statsautoriseret Revisionspartnerselskab,31061741,Mazars,inferred_brand_name,MEDIUM
MB Revision ApS,33497326,MB Revision ApS,declaration_legal_name,HIGH
MBA Statsautoriseret Revisionsanpartsselskab,33150482,MBA Statsautoriseret Revisionsanpartsselskab,declaration_legal_name,HIGH
MBA Statsautoriseret Revisionsanpartsselskab,33150482,Mba,inferred_brand_name,MEDIUM
MBL Revision,40375260,MBL Revision,declaration_legal_name,HIGH
MBL Revision,40375260,Mbl,inferred_brand_name,MEDIUM
Meneto Software ApS,39965003,Meneto Software ApS,declaration_legal_name,HIGH
Meneto Software ApS,39965003,Meneto,inferred_brand_name,MEDIUM
Mentor TM,27477933,Mentor TM,declaration_legal_name,HIGH
Mentor TM,27477933,Mentor,inferred_brand_name,MEDIUM
Mer Revision,32344720,Mer Revision,declaration_legal_name,HIGH
Mer Revision,32344720,Mer,inferred_brand_name,MEDIUM
Michael Kappelhøj,18485907,Michael Kappelhøj,declaration_legal_name,HIGH
Michael Kappelhøj,18485907,Michael,inferred_brand_name,MEDIUM
Midt Revision,39065797,Midt Revision,declaration_legal_name,HIGH
Midt Revision,39065797,Midt,inferred_brand_name,MEDIUM
MN Revision og Rådgivning,30318269,MN Revision og Rådgivning,declaration_legal_name,HIGH
MN Revision v/statsaut. revisor Mogens Nielsen,15656042,MN Revision v/statsaut. revisor Mogens Nielsen,declaration_legal_name,HIGH
Mogens Kibsgaard. Statsautoriseretrevisionsanpartsselskab,67425618,Mogens Kibsgaard. Statsautoriseretrevisionsanpartsselskab,declaration_legal_name,HIGH
Mogens Kibsgaard. Statsautoriseretrevisionsanpartsselskab,67425618,Mogens,inferred_brand_name,MEDIUM
Momentum Revision,35238050,Momentum Revision,declaration_legal_name,HIGH
Momentum Revision,35238050,Momentum,inferred_brand_name,MEDIUM
MP Revision,14119507,MP Revision,declaration_legal_name,HIGH
MPB Consult,30956400,MPB Consult,declaration_legal_name,HIGH
MPB Consult,30956400,Mpb,inferred_brand_name,MEDIUM
MPH Business Consulting ApS,37654728,MPH Business Consulting ApS,declaration_legal_name,HIGH
MPH Business Consulting ApS,37654728,Mph,inferred_brand_name,MEDIUM
MQ Revision,16147591,MQ Revision,declaration_legal_name,HIGH
MS Revision ApS,40032622,MS Revision ApS,declaration_legal_name,HIGH
MTMLB,36909935,MTMLB,declaration_legal_name,HIGH
Multi Revision,31929342,Multi Revision,declaration_legal_name,HIGH
Multi Revision,31929342,Multi,inferred_brand_name,MEDIUM
Multi Revision Ballerup,15553782,Multi Revision Ballerup,declaration_legal_name,HIGH
Multi Revision Ballerup,15553782,Multi,inferred_brand_name,MEDIUM
MunkStrunge,33088205,MunkStrunge,declaration_legal_name,HIGH
Møller & Co.,20716142,Møller & Co.,declaration_legal_name,HIGH
Møller & Co.,20716142,Møller,inferred_brand_name,MEDIUM
Møller & Madsen,30835654,Møller & Madsen,declaration_legal_name,HIGH
Møller & Madsen,30835654,Møller,inferred_brand_name,MEDIUM
Møller-Jensen Statsautoriseret Revisionsanpartsselskab,68497817,Møller-Jensen Statsautoriseret Revisionsanpartsselskab,declaration_legal_name,HIGH
Møller-Jensen Statsautoriseret Revisionsanpartsselskab,68497817,Møller,inferred_brand_name,MEDIUM
N. K. Mortensen A/S Registrerede Revisorer,66090116,N. K. Mortensen A/S Registrerede Revisorer,declaration_legal_name,HIGH
N. K. Mortensen Reg. Revisor ApS,42975958,N. K. Mortensen Reg. Revisor ApS,declaration_legal_name,HIGH
N.G. Christensen Statsautoriseret Revisionsanpartsselskab,38695916,N.G. Christensen Statsautoriseret Revisionsanpartsselskab,declaration_legal_name,HIGH
National Revision,25635868,National Revision,declaration_legal_name,HIGH
National Revision,25635868,National,inferred_brand_name,MEDIUM
ND REVISION SØNDERBORG ApS,56387013,ND REVISION SØNDERBORG ApS,declaration_legal_name,HIGH
Nejstgaard & Vetlov,12868693,Nejstgaard & Vetlov,declaration_legal_name,HIGH
Nejstgaard & Vetlov,12868693,Nejstgaard,inferred_brand_name,MEDIUM
Nem Revisor ApS,35235892,Nem Revisor ApS,declaration_legal_name,HIGH
Nem Revisor ApS,35235892,Nem,inferred_brand_name,MEDIUM
Nemli & Partnere Statsautoriserede Revisorer ApS,43514172,Nemli & Partnere Statsautoriserede Revisorer ApS,declaration_legal_name,HIGH
Nemli & Partnere Statsautoriserede Revisorer ApS,43514172,Nemli,inferred_brand_name,MEDIUM
NET-Revision,29389918,NET-Revision,declaration_legal_name,HIGH
NET-Revision,29389918,Net,inferred_brand_name,MEDIUM
Next Stage Ventures ApS,37519111,Next Stage Ventures ApS,declaration_legal_name,HIGH
Next Stage Ventures ApS,37519111,Next,inferred_brand_name,MEDIUM
Nexø Revision A/S,41998407,Nexø Revision A/S,declaration_legal_name,HIGH
Nexø Revision A/S,41998407,Nexø,inferred_brand_name,MEDIUM
nf plus,27495753,nf plus,declaration_legal_name,HIGH
NF Plus Revision,36031719,NF Plus Revision,declaration_legal_name,HIGH
Nigelema v/Niels Lemmeke Madsen,20113138,Nigelema v/Niels Lemmeke Madsen,declaration_legal_name,HIGH
Nigelema v/Niels Lemmeke Madsen,20113138,Nigelema,inferred_brand_name,MEDIUM
Nils Knudsen NK - REVI,11524192,Nils Knudsen NK - REVI,declaration_legal_name,HIGH
Nils Knudsen NK - REVI,11524192,Nils,inferred_brand_name,MEDIUM
Noe & Kirkegaard,15050586,Noe & Kirkegaard,declaration_legal_name,HIGH
Noe & Kirkegaard,15050586,Noe,inferred_brand_name,MEDIUM
NORDISK ELEMENT BYG A/S,32287913,NORDISK ELEMENT BYG A/S,declaration_legal_name,HIGH
NORDISK ELEMENT BYG A/S,32287913,Nordisk,inferred_brand_name,MEDIUM
Nordisk Revision Godkendt Revisionsanpartsselskab,41835303,Nordisk Revision Godkendt Revisionsanpartsselskab,declaration_legal_name,HIGH
Nordisk Revision Godkendt Revisionsanpartsselskab,41835303,Nordisk,inferred_brand_name,MEDIUM
Nordjysk Revision HJ,33064543,Nordjysk Revision HJ,declaration_legal_name,HIGH
Nordjysk Revision HJ,33064543,Nordjysk,inferred_brand_name,MEDIUM
Nordkyst Revision Godkendt Revisionspartnerselskab,37605255,Nordkyst Revision Godkendt Revisionspartnerselskab,declaration_legal_name,HIGH
Nordkyst Revision Godkendt Revisionspartnerselskab,37605255,Nordkyst,inferred_brand_name,MEDIUM
Nordland Revision-Nordland,25518942,Nordland Revision-Nordland,declaration_legal_name,HIGH
Nordland Revision-Nordland,25518942,Nordland,inferred_brand_name,MEDIUM
Nordmors Revision v/Peter Djernes,19941442,Nordmors Revision v/Peter Djernes,declaration_legal_name,HIGH
Nordmors Revision v/Peter Djernes,19941442,Nordmors,inferred_brand_name,MEDIUM
NPM Quality Management ApS,32825915,NPM Quality Management ApS,declaration_legal_name,HIGH
NPM Quality Management ApS,32825915,Npm,inferred_brand_name,MEDIUM
NU-REVI,29839328,NU-REVI,declaration_legal_name,HIGH
NUUK REVISION ApS,12479077,NUUK REVISION ApS,declaration_legal_name,HIGH
NUUK REVISION ApS,12479077,Nuuk,inferred_brand_name,MEDIUM
Nyborg Erhvervsrevision,30546792,Nyborg Erhvervsrevision,declaration_legal_name,HIGH
Nyborg Erhvervsrevision,30546792,Nyborg,inferred_brand_name,MEDIUM
Nærrevision,17524305,Nærrevision,declaration_legal_name,HIGH
Nørbak,33065272,Nørbak,declaration_legal_name,HIGH
Nørgaard Revision,31131928,Nørgaard Revision,declaration_legal_name,HIGH
Nørgaard Revision,31131928,Nørgaard,inferred_brand_name,MEDIUM
Nørgaard Schultz Godkendt Revisionsanpartsselskab,43629379,Nørgaard Schultz Godkendt Revisionsanpartsselskab,declaration_legal_name,HIGH
Nørgaard Schultz Godkendt Revisionsanpartsselskab,43629379,Nørgaard,inferred_brand_name,MEDIUM
OBK Revision,68216214,OBK Revision,declaration_legal_name,HIGH
OBK Revision,68216214,Obk,inferred_brand_name,MEDIUM
OL Revision,10841976,OL Revision,declaration_legal_name,HIGH
ON Regnskab & Rådgivning,40748083,ON Regnskab & Rådgivning,declaration_legal_name,HIGH
ON-Erklæring ApS,41210974,ON-Erklæring ApS,declaration_legal_name,HIGH
One Revision,39090279,One Revision,declaration_legal_name,HIGH
One Revision,39090279,One,inferred_brand_name,MEDIUM
ONreVISION,33043163,ONreVISION,declaration_legal_name,HIGH
Optimal Revision,19233383,Optimal Revision,declaration_legal_name,HIGH
Optimal Revision,19233383,Optimal,inferred_brand_name,MEDIUM
Osmark,27135730,Osmark,declaration_legal_name,HIGH
Ostenfeld Revision,36071281,Ostenfeld Revision,declaration_legal_name,HIGH
Ostenfeld Revision,36071281,Ostenfeld,inferred_brand_name,MEDIUM
OX-INVEST ApS,20799544,OX-INVEST ApS,declaration_legal_name,HIGH
Oxenvads Regnskabsservice ApS,12741766,Oxenvads Regnskabsservice ApS,declaration_legal_name,HIGH
Oxenvads Regnskabsservice ApS,12741766,Oxenvads,inferred_brand_name,MEDIUM
Pandrup Revision,38897713,Pandrup Revision,declaration_legal_name,HIGH
Pandrup Revision,38897713,Pandrup,inferred_brand_name,MEDIUM
Parker Randall,26998549,Parker Randall,declaration_legal_name,HIGH
Parker Randall,26998549,Parker,inferred_brand_name,MEDIUM
Partner Revision,15807776,Partner Revision statsautoriseret revisionsaktieselskab,activity_signal_dominant_cvr,HIGH
Partner Revision,15807776,Partner Revision,declaration_legal_name,HIGH
Partner Revision,15807776,Partner,inferred_brand_name,MEDIUM
Patriotisk Selskab,61676228,Patriotisk Selskab,declaration_legal_name,HIGH
Patriotisk Selskab,61676228,Patriotisk,inferred_brand_name,MEDIUM
PC-Revision Gentofte,30969103,PC-Revision Gentofte,declaration_legal_name,HIGH
PDG-Revision,36490977,PDG-Revision,declaration_legal_name,HIGH
PDG-Revision,36490977,Pdg,inferred_brand_name,MEDIUM
Peter Madsen Registreret Revisionsanpartsselskab,25362403,Peter Madsen Registreret Revisionsanpartsselskab,declaration_legal_name,HIGH
Peter Madsen Registreret Revisionsanpartsselskab,25362403,Peter,inferred_brand_name,MEDIUM
PHA Revision,11392903,PHA Revision,declaration_legal_name,HIGH
PHA Revision,11392903,Pha,inferred_brand_name,MEDIUM
Piaster Revisorerne,25160037,"PIASTER REVISORERNE, STATSAUTORISERET REVISIONSAKTIESELSKAB",activity_signal_dominant_cvr,HIGH
Piaster Revisorerne,25160037,Piaster Revisorerne,declaration_legal_name,HIGH
Piaster Revisorerne,25160037,Piaster,inferred_brand_name,MEDIUM
Pibe Mølle Revision,19123286,Pibe Mølle Revision,declaration_legal_name,HIGH
Pibe Mølle Revision,19123286,Pibe,inferred_brand_name,MEDIUM
Pilgaard Revision V/Elna Pilgaard,17230239,Pilgaard Revision V/Elna Pilgaard,declaration_legal_name,HIGH
Pilgaard Revision V/Elna Pilgaard,17230239,Pilgaard,inferred_brand_name,MEDIUM
PJ Revision ApS Registrerede Revisorer,26429862,PJ Revision ApS Registrerede Revisorer,declaration_legal_name,HIGH
PJ Revision Statsautoriseret Revisionsanpartsselskab,33861044,PJ Revision Statsautoriseret Revisionsanpartsselskab,declaration_legal_name,HIGH
PK Revision,31495288,PK Revision,declaration_legal_name,HIGH
PKF Borup ApS,10290430,PKF Borup ApS,declaration_legal_name,HIGH
PKF Borup ApS,10290430,Pkf,inferred_brand_name,MEDIUM
PKF Munkebo Vindelev,14119299,PKF revision,activity_signal_dominant_cvr,HIGH
PKF Munkebo Vindelev,14119299,PKF Munkebo Vindelev,declaration_legal_name,HIGH
PKF Munkebo Vindelev,14119299,Pkf,inferred_brand_name,MEDIUM
Plan Revision v/Per Petersen,12322143,Plan Revision v/Per Petersen,declaration_legal_name,HIGH
Plan Revision v/Per Petersen,12322143,Plan,inferred_brand_name,MEDIUM
Plus Revision,20452897,Plus Revision,declaration_legal_name,HIGH
Plus Revision,20452897,Plus,inferred_brand_name,MEDIUM
PM Revision,15279680,PM Revision,declaration_legal_name,HIGH
PN Revision,37522945,PN Revision,declaration_legal_name,HIGH
Pommerencke,33878370,Pommerencke,declaration_legal_name,HIGH
Powered-By Statsautoriseret Revisionspartnerselskab,44282380,Powered-By Statsautoriseret Revisionspartnerselskab,activity_signal_dominant_cvr,HIGH
Powered-By Statsautoriseret Revisionspartnerselskab,44282380,Powered-By Statsautoriseret Revisionspartnerselskab,declaration_legal_name,HIGH
Powered-By Statsautoriseret Revisionspartnerselskab,44282380,Powered,inferred_brand_name,MEDIUM
PricewaterhouseCoopers,33771231,PWC STATSAUTORISERET REVISIONSPARTNERSSELSKAB,activity_signal_dominant_cvr,HIGH
PricewaterhouseCoopers,33771231,PricewaterhouseCoopers,declaration_legal_name,HIGH
Prima Revision,21356190,Prima Revision,declaration_legal_name,HIGH
Prima Revision,21356190,Prima,inferred_brand_name,MEDIUM
PRO REVISION STATSAUTORISERET ANPARTSSELSKAB,45150437,PRO REVISION STATSAUTORISERET ANPARTSSELSKAB,declaration_legal_name,HIGH
PRO REVISION STATSAUTORISERET ANPARTSSELSKAB,45150437,Pro,inferred_brand_name,MEDIUM
Pro-Accounting ApS,38033638,Pro-Accounting ApS,declaration_legal_name,HIGH
Pro-Accounting ApS,38033638,Pro,inferred_brand_name,MEDIUM
Profil Revision,59051318,Profil Revision,declaration_legal_name,HIGH
Profil Revision,59051318,Profil,inferred_brand_name,MEDIUM
Pryds,21598402,Pryds,declaration_legal_name,HIGH
PS Revision,28252102,PS Revision,declaration_legal_name,HIGH
PT af 27. juli 2004,28148585,PT af 27. juli 2004,declaration_legal_name,HIGH
PwC Statsautoriseret Revisionsanpartsselskab,33773188,PwC Statsautoriseret Revisionsanpartsselskab,declaration_legal_name,HIGH
PwC Statsautoriseret Revisionsanpartsselskab,33773188,Pwc,inferred_brand_name,MEDIUM
Q-Revision,30276019,Q-Revision,declaration_legal_name,HIGH
R E V I - T E A M,10180384,R E V I - T E A M,declaration_legal_name,HIGH
R-Vision,25107020,R-Vision,declaration_legal_name,HIGH
R3 Revision,33164076,R3 Revision,declaration_legal_name,HIGH
Rasmussen Revision,46408314,Rasmussen Revision,declaration_legal_name,HIGH
Rasmussen Revision,46408314,Rasmussen,inferred_brand_name,MEDIUM
RB Revision,21706833,RB Revision,declaration_legal_name,HIGH
Realvision,18216833,Realvision,declaration_legal_name,HIGH
Redmark,29442789,Redmark,declaration_legal_name,HIGH
Redmark,29442789,"REDMARK, GODKENDT REVISIONSPARTNERSELSKAB",manual_taxonomy_candidate,HIGH
Reg Revisor Uffe Berg Pedersen,12689039,Reg Revisor Uffe Berg Pedersen,declaration_legal_name,HIGH
Reg Revisor Uffe Berg Pedersen,12689039,Reg,inferred_brand_name,MEDIUM
Reg. Rev. Mogens Møller Nielsen,10261279,Reg. Rev. Mogens Møller Nielsen,declaration_legal_name,HIGH
Reg. Rev. Mogens Møller Nielsen,10261279,Reg,inferred_brand_name,MEDIUM
Registreret Revisionsanpartsselskab Flemming Juhl Nielsen,14135308,Registreret Revisionsanpartsselskab Flemming Juhl Nielsen,declaration_legal_name,HIGH
Registreret Revisionsanpartsselskab Flemming Juhl Nielsen,14135308,Flemming,inferred_brand_name,MEDIUM
Registreret Revisionsanpartsselskab j. Gilbert Nielsen,18137399,Registreret Revisionsanpartsselskab j. Gilbert Nielsen,declaration_legal_name,HIGH
Registreret revisionsfirma Torben Andersen,15681578,Registreret revisionsfirma Torben Andersen,declaration_legal_name,HIGH
Registreret revisionsfirma Torben Andersen,15681578,Revisionsfirma,inferred_brand_name,MEDIUM
Registreret Revisionsvirksomhed FD Revision,35798153,Registreret Revisionsvirksomhed FD Revision,declaration_legal_name,HIGH
Registreret Revisionsvirksomhed FD Revision,35798153,Revisionsvirksomhed,inferred_brand_name,MEDIUM
Registreret Revisionsvirksomhed Nordskov Revision,30348184,Registreret Revisionsvirksomhed Nordskov Revision,declaration_legal_name,HIGH
Registreret Revisionsvirksomhed Nordskov Revision,30348184,Revisionsvirksomhed,inferred_brand_name,MEDIUM
Registreret Revisionsvirksomhed Peter Oldvig,11759092,Registreret Revisionsvirksomhed Peter Oldvig,declaration_legal_name,HIGH
Registreret Revisionsvirksomhed Peter Oldvig,11759092,Revisionsvirksomhed,inferred_brand_name,MEDIUM
Registreret Revisor Annie Mogensen,11972101,Registreret Revisor Annie Mogensen,declaration_legal_name,HIGH
Registreret Revisor Annie Mogensen,11972101,Annie,inferred_brand_name,MEDIUM
Registreret Revisor Bjarne Degerth,92943453,Registreret Revisor Bjarne Degerth,declaration_legal_name,HIGH
Registreret Revisor Bjarne Degerth,92943453,Bjarne,inferred_brand_name,MEDIUM
Registreret Revisor Jørgen T. Madsen,75964056,Registreret Revisor Jørgen T. Madsen,declaration_legal_name,HIGH
Registreret Revisor Jørgen T. Madsen,75964056,Jørgen,inferred_brand_name,MEDIUM
Registreret Revisor Mads Bødker,14662138,Registreret Revisor Mads Bødker,declaration_legal_name,HIGH
Registreret Revisor Mads Bødker,14662138,Mads,inferred_brand_name,MEDIUM
Registreret revisor Marianne Mortensen,15664908,Registreret revisor Marianne Mortensen,declaration_legal_name,HIGH
Registreret revisor Marianne Mortensen,15664908,Marianne,inferred_brand_name,MEDIUM
Registreret Revisor Mette Storgaard Høffner,18897385,Registreret Revisor Mette Storgaard Høffner,declaration_legal_name,HIGH
Registreret Revisor Mette Storgaard Høffner,18897385,Mette,inferred_brand_name,MEDIUM
Registreret revisor Morten Rasmussen,40847170,Registreret revisor Morten Rasmussen,declaration_legal_name,HIGH
Registreret revisor Morten Rasmussen,40847170,Morten,inferred_brand_name,MEDIUM
Registreret Revisor N. C. Sørensen,17561391,Registreret Revisor N. C. Sørensen,declaration_legal_name,HIGH
Registreret Revisor Per Obling,14913572,Registreret Revisor Per Obling,declaration_legal_name,HIGH
Registreret Revisor Per Obling,14913572,Per,inferred_brand_name,MEDIUM
Registreret Revisor Per Skaarup Rasmussen,20592699,Registreret Revisor Per Skaarup Rasmussen,declaration_legal_name,HIGH
Registreret Revisor Per Skaarup Rasmussen,20592699,Per,inferred_brand_name,MEDIUM
Registreret Revisor Peter Rose,50949656,Registreret Revisor Peter Rose,declaration_legal_name,HIGH
Registreret Revisor Peter Rose,50949656,Peter,inferred_brand_name,MEDIUM
Registreret Revisor Verner Freundlich Larsen,91778750,Registreret Revisor Verner Freundlich Larsen,declaration_legal_name,HIGH
Registreret Revisor Verner Freundlich Larsen,91778750,Verner,inferred_brand_name,MEDIUM
Regn & Råd Mette Jørck,26380898,Regn & Råd Mette Jørck,declaration_legal_name,HIGH
Regn & Råd Mette Jørck,26380898,Regn,inferred_brand_name,MEDIUM
Regnskabs- og Revisionskontoret for Storkøbenhavn,37183024,Regnskabs- og Revisionskontoret for Storkøbenhavn,declaration_legal_name,HIGH
Regnskabs- og Revisionskontoret for Storkøbenhavn,37183024,Regnskabs,inferred_brand_name,MEDIUM
Regnskabsfabrikanten,38980149,Regnskabsfabrikanten,declaration_legal_name,HIGH
Regnskabsfirmaet Martin Engbjerg ApS,14165088,Regnskabsfirmaet Martin Engbjerg ApS,declaration_legal_name,HIGH
Regnskabsfirmaet Martin Engbjerg ApS,14165088,Regnskabsfirmaet,inferred_brand_name,MEDIUM
Rehvidsion,82958118,Rehvidsion,declaration_legal_name,HIGH
REV af 22/12 1989 ApS,10741092,REV af 22/12 1989 ApS,declaration_legal_name,HIGH
REV af 22/12 1989 ApS,10741092,Rev,inferred_brand_name,MEDIUM
Rev og Råd,32942660,Rev og Råd,declaration_legal_name,HIGH
Rev og Råd,32942660,Rev,inferred_brand_name,MEDIUM
Revfirma Georg Mathiasen,72430816,Revfirma Georg Mathiasen,declaration_legal_name,HIGH
Revfirma Georg Mathiasen,72430816,Revfirma,inferred_brand_name,MEDIUM
Revice,32291090,Revice,declaration_legal_name,HIGH
Revico,27795188,Revico,declaration_legal_name,HIGH
Revicor,13929297,Revicor,declaration_legal_name,HIGH
Revida,87948412,Revida,declaration_legal_name,HIGH
Revidata,37029815,Revidata,declaration_legal_name,HIGH
ReviDK,36956658,ReviDK,declaration_legal_name,HIGH
Revifirmaet,83827815,Revifirmaet,declaration_legal_name,HIGH
REVIFJORD Godkendt Revisionspartnerselskab,44401231,REVIFJORD Godkendt Revisionspartnerselskab,declaration_legal_name,HIGH
REVIFJORD Godkendt Revisionspartnerselskab,44401231,Revifjord,inferred_brand_name,MEDIUM
ReviFyn,41992719,ReviFyn,declaration_legal_name,HIGH
ReviGroup,39875926,ReviGroup,declaration_legal_name,HIGH
Revikon,15728000,Revikon,declaration_legal_name,HIGH
Revimidt,34480370,Revi Midt,activity_signal_dominant_cvr,HIGH
Revimidt,34480370,Revimidt,declaration_legal_name,HIGH
ReviNord,16347299,ReviNord,declaration_legal_name,HIGH
ReviPartner,25112822,ReviPartner,declaration_legal_name,HIGH
Revipoint,31611520,Revipoint,declaration_legal_name,HIGH
Revirk Rådgivning,31934354,Revirk Rådgivning,declaration_legal_name,HIGH
Revirk Rådgivning,31934354,Revirk,inferred_brand_name,MEDIUM
Revirk Rådgivning Statsautoriseret revisionsfirma,20527986,Revirk Rådgivning Statsautoriseret revisionsfirma,declaration_legal_name,HIGH
Revirk Rådgivning Statsautoriseret revisionsfirma,20527986,Revirk,inferred_brand_name,MEDIUM
Revision & Data,12475780,Revision & Data,declaration_legal_name,HIGH
Revision & Råd,36923318,Revision & Råd,declaration_legal_name,HIGH
REVISION & RÅD STATSAUTORISERET REVISIONSPARTNERSELSKAB,46125894,REVISION & RÅD STATSAUTORISERET REVISIONSPARTNERSELSKAB,declaration_legal_name,HIGH
Revision 1,91259850,Revision 1,declaration_legal_name,HIGH
Revision 1-2-3,10632684,Revision 1-2-3,declaration_legal_name,HIGH
Revision 2,16968137,Revision 2,declaration_legal_name,HIGH
Revision 360 Statsautoriseret Revisionsinteressentskab,44775530,Revision 360 Statsautoriseret Revisionsinteressentskab,declaration_legal_name,HIGH
Revision 360 Statsautoriseret Revisionsinteressentskab,44775530,360,inferred_brand_name,MEDIUM
Revision 80,16728691,Revision 80,declaration_legal_name,HIGH
Revision Fyn,31896444,Revision Fyn,declaration_legal_name,HIGH
Revision Fyn,31896444,Fyn,inferred_brand_name,MEDIUM
Revision Hatting,13737096,Revision Hatting,declaration_legal_name,HIGH
Revision Hatting,13737096,Hatting,inferred_brand_name,MEDIUM
Revision Horsens,17275100,Revision Horsens,declaration_legal_name,HIGH
Revision Horsens,17275100,Horsens,inferred_brand_name,MEDIUM
Revision Kjær,33037864,Revision Kjær,declaration_legal_name,HIGH
Revision Kjær,33037864,Kjær,inferred_brand_name,MEDIUM
Revision København Godkendt Revisionspartnerselskab,34619654,Revision København Godkendt Revisionspartnerselskab,declaration_legal_name,HIGH
Revision København Godkendt Revisionspartnerselskab,34619654,København,inferred_brand_name,MEDIUM
Revision København Statsautoriseret Revisionsanpartsselskab,34452342,Revision København Statsautoriseret Revisionsanpartsselskab,declaration_legal_name,HIGH
Revision København Statsautoriseret Revisionsanpartsselskab,34452342,København,inferred_brand_name,MEDIUM
Revision Køge,28053665,Revision Køge,declaration_legal_name,HIGH
Revision Køge,28053665,Køge,inferred_brand_name,MEDIUM
Revision Limfjord,41454555,Revision Limfjord,declaration_legal_name,HIGH
Revision Limfjord,41454555,Limfjord,inferred_brand_name,MEDIUM
Revision Nord,16145084,Revision Nord,declaration_legal_name,HIGH
Revision Nord,16145084,Nord,inferred_brand_name,MEDIUM
Revision Nordjylland,28481160,Revision Nordjylland,declaration_legal_name,HIGH
Revision Nordjylland,28481160,Nordjylland,inferred_brand_name,MEDIUM
Revision Nordjylland Hjørring ApS,40299637,Revision Nordjylland Hjørring ApS,declaration_legal_name,HIGH
Revision Nordjylland Hjørring ApS,40299637,Nordjylland,inferred_brand_name,MEDIUM
Revision og Review Partner,33082932,Revision og Review Partner,declaration_legal_name,HIGH
Revision og Rådgivningsgruppen,33771177,Revision og Rådgivningsgruppen,declaration_legal_name,HIGH
Revision Rosendal,30427483,Revision Rosendal,declaration_legal_name,HIGH
Revision Rosendal,30427483,Rosendal,inferred_brand_name,MEDIUM
Revision Ry & Hammel,26267439,Revision Ry & Hammel,declaration_legal_name,HIGH
Revision Ryttergaarden,36908114,Revision Ryttergaarden,declaration_legal_name,HIGH
Revision Ryttergaarden,36908114,Ryttergaarden,inferred_brand_name,MEDIUM
Revision Sjælland,28309791,Revision Sjælland,declaration_legal_name,HIGH
Revision Sjælland,28309791,Sjælland,inferred_brand_name,MEDIUM
REVISION THY Registreret Revisionsanpartsselskab,42825379,REVISION THY Registreret Revisionsanpartsselskab,declaration_legal_name,HIGH
REVISION THY Registreret Revisionsanpartsselskab,42825379,Thy,inferred_brand_name,MEDIUM
Revision Vadestedet,27433863,Revision Vadestedet,declaration_legal_name,HIGH
Revision Vadestedet,27433863,Vadestedet,inferred_brand_name,MEDIUM
Revision Varde,18072106,Revision Varde,declaration_legal_name,HIGH
Revision Varde,18072106,Varde,inferred_brand_name,MEDIUM
ReVision+ Brøndby ApS,20251883,ReVision+ Brøndby ApS,declaration_legal_name,HIGH
ReVision+ Brøndby ApS,20251883,Brøndby,inferred_brand_name,MEDIUM
Revision+ Fyn ApS,42658561,Revision+ Fyn ApS,declaration_legal_name,HIGH
Revision+ Fyn ApS,42658561,Fyn,inferred_brand_name,MEDIUM
Revision- og Regnskabskontoret,28902867,Revision- og Regnskabskontoret,declaration_legal_name,HIGH
Revisioncentret Tønder/Skærbæk,26812372,Revisioncentret Tønder/Skærbæk,declaration_legal_name,HIGH
Revisioncentret Tønder/Skærbæk,26812372,Revisioncentret,inferred_brand_name,MEDIUM
"RevisionPlus, Grindsted",10875781,"RevisionPlus, Grindsted",declaration_legal_name,HIGH
"RevisionPlus, Grindsted",10875781,Revisionplus,inferred_brand_name,MEDIUM
Revisions-Centret ApS,41578513,Revisions-Centret ApS,declaration_legal_name,HIGH
Revisions-Centret ApS,41578513,Revisions,inferred_brand_name,MEDIUM
Revisions-Centret v/Brian Vahlkvist,19723402,Revisions-Centret v/Brian Vahlkvist,declaration_legal_name,HIGH
Revisions-Centret v/Brian Vahlkvist,19723402,Revisions,inferred_brand_name,MEDIUM
Revisions-Partner,69305210,Revisions-Partner,declaration_legal_name,HIGH
Revisions-Partner,69305210,Revisions,inferred_brand_name,MEDIUM
Revisionsanpartsselskabet Jens Carl Nielsen,28505159,Revisionsanpartsselskabet Jens Carl Nielsen,declaration_legal_name,HIGH
Revisionsanpartsselskabet Jens Carl Nielsen,28505159,Revisionsanpartsselskabet,inferred_brand_name,MEDIUM
Revisionscentralen i Nørre Alslev,71274012,Revisionscentralen i Nørre Alslev,declaration_legal_name,HIGH
Revisionscentralen i Nørre Alslev,71274012,Revisionscentralen,inferred_brand_name,MEDIUM
Revisionscentret 5R Esbjerg,26279534,Revisionscentret 5R Esbjerg,declaration_legal_name,HIGH
Revisionscentret 5R Esbjerg,26279534,Revisionscentret 5R,inferred_brand_name,MEDIUM
Revisionscentret Aabenraa,29695636,REVISIONSCENTRET AABENRAA & PADBORG GODKENDT REVISIONSAKTIESELSKAB,activity_signal_dominant_cvr,HIGH
Revisionscentret Aabenraa,29695636,Revisionscentret Aabenraa,declaration_legal_name,HIGH
Revisionscentret Haderslev,13976295,Revisionscentret Haderslev,declaration_legal_name,HIGH
Revisionscentret Ribe,18936305,Revisionscentret Ribe,declaration_legal_name,HIGH
Revisionscentret Sønderborg,38951394,Revisionscentret Sønderborg,declaration_legal_name,HIGH
Revisionscentret v/Jesper Thygesen,10352231,Revisionscentret v/Jesper Thygesen,declaration_legal_name,HIGH
Revisionscentret v/Jesper Thygesen,10352231,Revisionscentret V/Jesper,inferred_brand_name,MEDIUM
RevisionsCentrum,36493372,RevisionsCentrum,declaration_legal_name,HIGH
Revisionsfimaet W. Bach Nørgaard,18192195,Revisionsfimaet W. Bach Nørgaard,declaration_legal_name,HIGH
Revisionsfimaet W. Bach Nørgaard,18192195,Revisionsfimaet,inferred_brand_name,MEDIUM
Revisionsfirma Bent Madsen,13672970,Revisionsfirma Bent Madsen,declaration_legal_name,HIGH
Revisionsfirma Bent Madsen,13672970,Revisionsfirma,inferred_brand_name,MEDIUM
Revisionsfirma Børge Lorenzen,18798344,Revisionsfirma Børge Lorenzen,declaration_legal_name,HIGH
Revisionsfirma Børge Lorenzen,18798344,Revisionsfirma,inferred_brand_name,MEDIUM
Revisionsfirma C. & Co,37905305,Revisionsfirma C. & Co,declaration_legal_name,HIGH
Revisionsfirma C. & Co,37905305,Revisionsfirma,inferred_brand_name,MEDIUM
Revisionsfirma Ulla Svenningsen,18393387,Revisionsfirma Ulla Svenningsen,declaration_legal_name,HIGH
Revisionsfirma Ulla Svenningsen,18393387,Revisionsfirma,inferred_brand_name,MEDIUM
Revisionsfirmaet A P MØLLER,72707710,Revisionsfirmaet A P MØLLER,declaration_legal_name,HIGH
Revisionsfirmaet Albrechtsen,77926410,Revisionsfirmaet Albrechtsen,declaration_legal_name,HIGH
Revisionsfirmaet Albrechtsen,77926410,Albrechtsen,inferred_brand_name,MEDIUM
Revisionsfirmaet Allan Bernhard,26688027,Revisionsfirmaet Allan Bernhard,declaration_legal_name,HIGH
Revisionsfirmaet Allan Bernhard,26688027,Allan,inferred_brand_name,MEDIUM
Revisionsfirmaet Arne Bang,78682418,Revisionsfirmaet Arne Bang,declaration_legal_name,HIGH
Revisionsfirmaet Arne Bang,78682418,Arne,inferred_brand_name,MEDIUM
Revisionsfirmaet Asger Wiuff Andersen,32149863,Revisionsfirmaet Asger Wiuff Andersen,declaration_legal_name,HIGH
Revisionsfirmaet Asger Wiuff Andersen,32149863,Asger,inferred_brand_name,MEDIUM
Revisionsfirmaet Axel Gram,16645699,Revisionsfirmaet Axel Gram I/S,activity_signal_dominant_cvr,HIGH
Revisionsfirmaet Axel Gram,16645699,Revisionsfirmaet Axel Gram,declaration_legal_name,HIGH
Revisionsfirmaet Axel Gram,16645699,Axel,inferred_brand_name,MEDIUM
Revisionsfirmaet Bayer,15202580,Revisionsfirmaet Bayer,declaration_legal_name,HIGH
Revisionsfirmaet Bayer,15202580,Bayer,inferred_brand_name,MEDIUM
Revisionsfirmaet Bendt Stendahl,86046717,Revisionsfirmaet Bendt Stendahl,declaration_legal_name,HIGH
Revisionsfirmaet Bendt Stendahl,86046717,Bendt,inferred_brand_name,MEDIUM
Revisionsfirmaet Benny Jensen,17937987,Revisionsfirmaet Benny Jensen,declaration_legal_name,HIGH
Revisionsfirmaet Benny Jensen,17937987,Benny,inferred_brand_name,MEDIUM
Revisionsfirmaet Benny Lund Jensen,37230359,Revisionsfirmaet Benny Lund Jensen,declaration_legal_name,HIGH
Revisionsfirmaet Benny Lund Jensen,37230359,Benny,inferred_brand_name,MEDIUM
Revisionsfirmaet Bent Jørgensen,57652551,Revisionsfirmaet Bent Jørgensen,declaration_legal_name,HIGH
Revisionsfirmaet Bent Jørgensen,57652551,Bent,inferred_brand_name,MEDIUM
Revisionsfirmaet Bent Rindom,51229428,Revisionsfirmaet Bent Rindom,declaration_legal_name,HIGH
Revisionsfirmaet Bent Rindom,51229428,Bent,inferred_brand_name,MEDIUM
Revisionsfirmaet Chr. Knudsen,21813400,Revisionsfirmaet Chr. Knudsen,declaration_legal_name,HIGH
Revisionsfirmaet Chr. Knudsen,21813400,Chr,inferred_brand_name,MEDIUM
Revisionsfirmaet Christian Danielsen,16953199,Revisionsfirmaet Christian Danielsen,declaration_legal_name,HIGH
Revisionsfirmaet Christian Danielsen,16953199,Christian,inferred_brand_name,MEDIUM
REVISIONSFIRMAET CLAUS WINKEL ApS,13188491,REVISIONSFIRMAET CLAUS WINKEL ApS,declaration_legal_name,HIGH
REVISIONSFIRMAET CLAUS WINKEL ApS,13188491,Claus,inferred_brand_name,MEDIUM
Revisionsfirmaet Edelbo,35486178,REVISIONSFIRMAET EDELBO STATSAUTORISERET REVISIONSPARTNERSELSKAB,activity_signal_dominant_cvr,HIGH
Revisionsfirmaet Edelbo,35486178,Revisionsfirmaet Edelbo,declaration_legal_name,HIGH
Revisionsfirmaet Edelbo,35486178,Edelbo,inferred_brand_name,MEDIUM
Revisionsfirmaet Edelbo & Lund-Larsen,32327249,Revisionsfirmaet Edelbo & Lund-Larsen,declaration_legal_name,HIGH
Revisionsfirmaet Edelbo & Lund-Larsen,32327249,Edelbo,inferred_brand_name,MEDIUM
Revisionsfirmaet Else Høy,15275677,Revisionsfirmaet Else Høy,declaration_legal_name,HIGH
Revisionsfirmaet Else Høy,15275677,Else,inferred_brand_name,MEDIUM
Revisionsfirmaet Erik Andersen,15534397,Revisionsfirmaet Erik Andersen,declaration_legal_name,HIGH
Revisionsfirmaet Erik Andersen,15534397,Erik,inferred_brand_name,MEDIUM
Revisionsfirmaet Erik Hultquist,15396105,Revisionsfirmaet Erik Hultquist,declaration_legal_name,HIGH
Revisionsfirmaet Erik Hultquist,15396105,Erik,inferred_brand_name,MEDIUM
Revisionsfirmaet Erik Reinsborg,25491742,Revisionsfirmaet Erik Reinsborg,declaration_legal_name,HIGH
Revisionsfirmaet Erik Reinsborg,25491742,Erik,inferred_brand_name,MEDIUM
Revisionsfirmaet Evan Klarholt,10686504,Revisionsfirmaet Evan Klarholt,declaration_legal_name,HIGH
Revisionsfirmaet Evan Klarholt,10686504,Evan,inferred_brand_name,MEDIUM
Revisionsfirmaet Flemming Hansen,15270144,Revisionsfirmaet Flemming Hansen,declaration_legal_name,HIGH
Revisionsfirmaet Flemming Hansen,15270144,Flemming,inferred_brand_name,MEDIUM
Revisionsfirmaet Freddy Rasmussen,15054840,Revisionsfirmaet Freddy Rasmussen,declaration_legal_name,HIGH
Revisionsfirmaet Freddy Rasmussen,15054840,Freddy,inferred_brand_name,MEDIUM
Revisionsfirmaet Gert Ovesen,13364796,Revisionsfirmaet Gert Ovesen,declaration_legal_name,HIGH
Revisionsfirmaet Gert Ovesen,13364796,Gert,inferred_brand_name,MEDIUM
Revisionsfirmaet Gutfelt,13254192,Revisionsfirmaet Gutfelt A/S,activity_signal_dominant_cvr,HIGH
Revisionsfirmaet Gutfelt,13254192,Revisionsfirmaet Gutfelt,declaration_legal_name,HIGH
Revisionsfirmaet Gutfelt,13254192,Gutfelt,inferred_brand_name,MEDIUM
Revisionsfirmaet Hanne og Erling Lund,35143114,Revisionsfirmaet Hanne og Erling Lund,declaration_legal_name,HIGH
Revisionsfirmaet Hanne og Erling Lund,35143114,Hanne,inferred_brand_name,MEDIUM
Revisionsfirmaet Hartvig & Aalund,11157203,Revisionsfirmaet Hartvig & Aalund,declaration_legal_name,HIGH
Revisionsfirmaet Hartvig & Aalund,11157203,Hartvig,inferred_brand_name,MEDIUM
Revisionsfirmaet Henrik Tange,37915718,Revisionsfirmaet Henrik Tange,declaration_legal_name,HIGH
Revisionsfirmaet Henrik Tange,37915718,Henrik,inferred_brand_name,MEDIUM
Revisionsfirmaet Højmose,30771508,Revisionsfirmaet Højmose,declaration_legal_name,HIGH
Revisionsfirmaet Højmose,30771508,Højmose,inferred_brand_name,MEDIUM
Revisionsfirmaet Højmose Christiansen ApS,43917455,Revisionsfirmaet Højmose Christiansen ApS,declaration_legal_name,HIGH
Revisionsfirmaet Højmose Christiansen ApS,43917455,Højmose,inferred_brand_name,MEDIUM
Revisionsfirmaet Højmose IVS,36988762,Revisionsfirmaet Højmose IVS,declaration_legal_name,HIGH
Revisionsfirmaet Højmose IVS,36988762,Højmose,inferred_brand_name,MEDIUM
Revisionsfirmaet Højvar & Skaaning,28248598,Revisionsfirmaet Højvar & Skaaning,declaration_legal_name,HIGH
Revisionsfirmaet Højvar & Skaaning,28248598,Højvar,inferred_brand_name,MEDIUM
Revisionsfirmaet Irene Sjølin ApS,37470996,Revisionsfirmaet Irene Sjølin ApS,declaration_legal_name,HIGH
Revisionsfirmaet Irene Sjølin ApS,37470996,Irene,inferred_brand_name,MEDIUM
Revisionsfirmaet Ivan Kjeldsen,30613791,Revisionsfirmaet Ivan Kjeldsen,declaration_legal_name,HIGH
Revisionsfirmaet Ivan Kjeldsen,30613791,Ivan,inferred_brand_name,MEDIUM
Revisionsfirmaet Jan Kristensen,35383646,Revisionsfirmaet Jan Kristensen,declaration_legal_name,HIGH
Revisionsfirmaet Jan Kristensen,35383646,Jan,inferred_brand_name,MEDIUM
Revisionsfirmaet Jens Søndergaard,18738007,Revisionsfirmaet Jens Søndergaard,declaration_legal_name,HIGH
Revisionsfirmaet Jens Søndergaard,18738007,Jens,inferred_brand_name,MEDIUM
Revisionsfirmaet Jens Vindfeldt,15897996,Revisionsfirmaet Jens Vindfeldt,declaration_legal_name,HIGH
Revisionsfirmaet Jens Vindfeldt,15897996,Jens,inferred_brand_name,MEDIUM
Revisionsfirmaet John Schantz,28312393,Revisionsfirmaet John Schantz,declaration_legal_name,HIGH
Revisionsfirmaet John Schantz,28312393,John,inferred_brand_name,MEDIUM
Revisionsfirmaet Jørgen Gilling,18619407,Revisionsfirmaet Jørgen Gilling,declaration_legal_name,HIGH
Revisionsfirmaet Jørgen Gilling,18619407,Jørgen,inferred_brand_name,MEDIUM
Revisionsfirmaet Jørgen Larsen,54471556,Revisionsfirmaet Jørgen Larsen,declaration_legal_name,HIGH
Revisionsfirmaet Jørgen Larsen,54471556,Jørgen,inferred_brand_name,MEDIUM
Revisionsfirmaet Jørgen Larsen I/S,14678085,Revisionsfirmaet Jørgen Larsen I/S,declaration_legal_name,HIGH
Revisionsfirmaet Jørgen Larsen I/S,14678085,Jørgen,inferred_brand_name,MEDIUM
Revisionsfirmaet Kenneth Birkelund,32147437,Revisionsfirmaet Kenneth Birkelund,declaration_legal_name,HIGH
Revisionsfirmaet Kenneth Birkelund,32147437,Kenneth,inferred_brand_name,MEDIUM
Revisionsfirmaet Kim Jacobsen,36065346,Revisionsfirmaet Kim Jacobsen,declaration_legal_name,HIGH
Revisionsfirmaet Kim Jacobsen,36065346,Kim,inferred_brand_name,MEDIUM
Revisionsfirmaet Kirch Andersen,18288389,Revisionsfirmaet Kirch Andersen,declaration_legal_name,HIGH
Revisionsfirmaet Kirch Andersen,18288389,Kirch,inferred_brand_name,MEDIUM
Revisionsfirmaet Kjeldgaard og Thulstrup,25900405,Revisionsfirmaet Kjeldgaard og Thulstrup,declaration_legal_name,HIGH
Revisionsfirmaet Kjeldgaard og Thulstrup,25900405,Kjeldgaard,inferred_brand_name,MEDIUM
Revisionsfirmaet KRH,37596272,Revisionsfirmaet KRH,declaration_legal_name,HIGH
Revisionsfirmaet KRH,37596272,Krh,inferred_brand_name,MEDIUM
Revisionsfirmaet KRH ApS,42040614,Revisionsfirmaet KRH ApS,declaration_legal_name,HIGH
Revisionsfirmaet KRH ApS,42040614,Krh,inferred_brand_name,MEDIUM
Revisionsfirmaet Kurt Astrup,13068135,Revisionsfirmaet Kurt Astrup,declaration_legal_name,HIGH
Revisionsfirmaet Kurt Astrup,13068135,Kurt,inferred_brand_name,MEDIUM
Revisionsfirmaet Lars Bastholm,36696486,Revisionsfirmaet Lars Bastholm,declaration_legal_name,HIGH
Revisionsfirmaet Lars Bastholm,36696486,Lars,inferred_brand_name,MEDIUM
Revisionsfirmaet Lars Bo,27022863,Revisionsfirmaet Lars Bo,declaration_legal_name,HIGH
Revisionsfirmaet Lars Bo,27022863,Lars,inferred_brand_name,MEDIUM
Revisionsfirmaet Lars Jeppesen,26923891,Revisionsfirmaet Lars Jeppesen,declaration_legal_name,HIGH
Revisionsfirmaet Lars Jeppesen,26923891,Lars,inferred_brand_name,MEDIUM
Revisionsfirmaet Lars Jeppesen ApS,44585650,Revisionsfirmaet Lars Jeppesen ApS,declaration_legal_name,HIGH
Revisionsfirmaet Lars Jeppesen ApS,44585650,Lars,inferred_brand_name,MEDIUM
Revisionsfirmaet Lars Olsen,37135119,Revisionsfirmaet Lars Olsen,declaration_legal_name,HIGH
Revisionsfirmaet Lars Olsen,37135119,Lars,inferred_brand_name,MEDIUM
Revisionsfirmaet Leif Vesterlund,10092159,Revisionsfirmaet Leif Vesterlund,declaration_legal_name,HIGH
Revisionsfirmaet Leif Vesterlund,10092159,Leif,inferred_brand_name,MEDIUM
Revisionsfirmaet Lisbeth Bo Jørgensen,14052488,Revisionsfirmaet Lisbeth Bo Jørgensen,declaration_legal_name,HIGH
Revisionsfirmaet Lisbeth Bo Jørgensen,14052488,Lisbeth,inferred_brand_name,MEDIUM
Revisionsfirmaet Lund & Christiansen,10623685,Revisionsfirmaet Lund & Christiansen,declaration_legal_name,HIGH
Revisionsfirmaet Lund & Christiansen,10623685,Lund,inferred_brand_name,MEDIUM
Revisionsfirmaet MBP,31167140,Revisionsfirmaet MBP,declaration_legal_name,HIGH
Revisionsfirmaet MBP,31167140,Mbp,inferred_brand_name,MEDIUM
Revisionsfirmaet Mentor,28136196,Revisionsfirmaet Mentor,declaration_legal_name,HIGH
Revisionsfirmaet Mentor,28136196,Mentor,inferred_brand_name,MEDIUM
Revisionsfirmaet Michael Fræmohs,47808650,Revisionsfirmaet Michael Fræmohs,declaration_legal_name,HIGH
Revisionsfirmaet Michael Fræmohs,47808650,Michael,inferred_brand_name,MEDIUM
Revisionsfirmaet Mogens Andersen,26386330,Revisionsfirmaet Mogens Andersen,declaration_legal_name,HIGH
Revisionsfirmaet Mogens Andersen,26386330,Mogens,inferred_brand_name,MEDIUM
Revisionsfirmaet Morten Schneider,33176996,Revisionsfirmaet Morten Schneider,declaration_legal_name,HIGH
Revisionsfirmaet Morten Schneider,33176996,Morten,inferred_brand_name,MEDIUM
Revisionsfirmaet Niels Harder,44682915,Revisionsfirmaet Niels Harder,declaration_legal_name,HIGH
Revisionsfirmaet Niels Harder,44682915,Niels,inferred_brand_name,MEDIUM
Revisionsfirmaet Niels Ole Hansen,26121884,Revisionsfirmaet Niels Ole Hansen,declaration_legal_name,HIGH
Revisionsfirmaet Niels Ole Hansen,26121884,Niels,inferred_brand_name,MEDIUM
Revisionsfirmaet Nielsen & Olesen,21294306,Revisionsfirmaet Nielsen & Olesen,declaration_legal_name,HIGH
Revisionsfirmaet Nielsen & Olesen,21294306,Nielsen,inferred_brand_name,MEDIUM
Revisionsfirmaet Obsen & Nielsen,26399610,Revisionsfirmaet Obsen & Nielsen,declaration_legal_name,HIGH
Revisionsfirmaet Obsen & Nielsen,26399610,Obsen,inferred_brand_name,MEDIUM
Revisionsfirmaet Ole Dahl,11328881,Revisionsfirmaet Ole Dahl,declaration_legal_name,HIGH
Revisionsfirmaet Ole Dahl,11328881,Ole,inferred_brand_name,MEDIUM
Revisionsfirmaet Ole Hansen,12155662,Revisionsfirmaet Ole Hansen,declaration_legal_name,HIGH
Revisionsfirmaet Ole Hansen,12155662,Ole,inferred_brand_name,MEDIUM
"Revisionsfirmaet Ole Hansen, Statsautoriseret Revisionsanpartsselskab",17246496,"Revisionsfirmaet Ole Hansen, Statsautoriseret Revisionsanpartsselskab",declaration_legal_name,HIGH
"Revisionsfirmaet Ole Hansen, Statsautoriseret Revisionsanpartsselskab",17246496,Ole,inferred_brand_name,MEDIUM
Revisionsfirmaet Ole Poulsen,32008143,Revisionsfirmaet Ole Poulsen,declaration_legal_name,HIGH
Revisionsfirmaet Ole Poulsen,32008143,Ole,inferred_brand_name,MEDIUM
Revisionsfirmaet Ole Vestergaard,31501741,Revisionsfirmaet Ole Vestergaard,declaration_legal_name,HIGH
Revisionsfirmaet Ole Vestergaard,31501741,Ole,inferred_brand_name,MEDIUM
Revisionsfirmaet Peder Albertsen,18743396,Revisionsfirmaet Peder Albertsen,declaration_legal_name,HIGH
Revisionsfirmaet Peder Albertsen,18743396,Peder,inferred_brand_name,MEDIUM
Revisionsfirmaet Peder Holt,21872741,Revisionsfirmaet Peder Holt,declaration_legal_name,HIGH
Revisionsfirmaet Peder Holt,21872741,Peder,inferred_brand_name,MEDIUM
Revisionsfirmaet Per Abelsen,34066698,Revisionsfirmaet Per Abelsen,declaration_legal_name,HIGH
Revisionsfirmaet Per Abelsen,34066698,Per,inferred_brand_name,MEDIUM
Revisionsfirmaet Per Jacobsen,15319887,Revisionsfirmaet Per Jacobsen,declaration_legal_name,HIGH
Revisionsfirmaet Per Jacobsen,15319887,Per,inferred_brand_name,MEDIUM
Revisionsfirmaet Per Kronborg,26659817,Revisionsfirmaet Per Kronborg,declaration_legal_name,HIGH
Revisionsfirmaet Per Kronborg,26659817,Per,inferred_brand_name,MEDIUM
Revisionsfirmaet Per Steen Hansen,38124315,Revisionsfirmaet Per Steen Hansen,declaration_legal_name,HIGH
Revisionsfirmaet Per Steen Hansen,38124315,Per,inferred_brand_name,MEDIUM
Revisionsfirmaet Peter Berg,21052302,Revisionsfirmaet Peter Berg,declaration_legal_name,HIGH
Revisionsfirmaet Peter Berg,21052302,Peter,inferred_brand_name,MEDIUM
Revisionsfirmaet Peter Deiborg,16346578,Revisionsfirmaet Peter Deiborg,declaration_legal_name,HIGH
Revisionsfirmaet Peter Deiborg,16346578,Peter,inferred_brand_name,MEDIUM
Revisionsfirmaet Peter Høg,65608154,Revisionsfirmaet Peter Høg,declaration_legal_name,HIGH
Revisionsfirmaet Peter Høg,65608154,Peter,inferred_brand_name,MEDIUM
Revisionsfirmaet Poul Bernhardt Larsen,66660214,Revisionsfirmaet Poul Bernhardt Larsen,declaration_legal_name,HIGH
Revisionsfirmaet Poul Bernhardt Larsen,66660214,Poul,inferred_brand_name,MEDIUM
Revisionsfirmaet Poul Rexen Thomsen,81127115,Revisionsfirmaet Poul Rexen Thomsen,declaration_legal_name,HIGH
Revisionsfirmaet Poul Rexen Thomsen,81127115,Poul,inferred_brand_name,MEDIUM
Revisionsfirmaet Rathmann & Mortensen,27521975,Revisionsfirmaet Rathmann & Mortensen,declaration_legal_name,HIGH
Revisionsfirmaet Rathmann & Mortensen,27521975,Rathmann,inferred_brand_name,MEDIUM
Revisionsfirmaet Revicon,12707789,Revisionsfirmaet Revicon,declaration_legal_name,HIGH
Revisionsfirmaet Revicon,12707789,Revicon,inferred_brand_name,MEDIUM
Revisionsfirmaet Seiersen Revision,32697674,Revisionsfirmaet Seiersen Revision,declaration_legal_name,HIGH
Revisionsfirmaet Seiersen Revision,32697674,Seiersen,inferred_brand_name,MEDIUM
Revisionsfirmaet Svend Dørffer,15659777,Revisionsfirmaet Svend Dørffer,declaration_legal_name,HIGH
Revisionsfirmaet Svend Dørffer,15659777,Svend,inferred_brand_name,MEDIUM
Revisionsfirmaet Svend Rosendahl,11163947,Revisionsfirmaet Svend Rosendahl,declaration_legal_name,HIGH
Revisionsfirmaet Svend Rosendahl,11163947,Svend,inferred_brand_name,MEDIUM
Revisionsfirmaet Svendsen,34581673,Revisionsfirmaet Svendsen,declaration_legal_name,HIGH
Revisionsfirmaet Svendsen,34581673,Svendsen,inferred_brand_name,MEDIUM
Revisionsfirmaet Søren Askly,39846144,Revisionsfirmaet Søren Askly,declaration_legal_name,HIGH
Revisionsfirmaet Søren Askly,39846144,Søren,inferred_brand_name,MEDIUM
Revisionsfirmaet Søren Kahr,41832096,Revisionsfirmaet Søren Kahr,declaration_legal_name,HIGH
Revisionsfirmaet Søren Kahr,41832096,Søren,inferred_brand_name,MEDIUM
Revisionsfirmaet Tage Kielsgaard Rasmussen,15137371,Revisionsfirmaet Tage Kielsgaard Rasmussen,declaration_legal_name,HIGH
Revisionsfirmaet Tage Kielsgaard Rasmussen,15137371,Tage,inferred_brand_name,MEDIUM
Revisionsfirmaet Tage Sørensen,34879753,Revisionsfirmaet Tage Sørensen,declaration_legal_name,HIGH
Revisionsfirmaet Tage Sørensen,34879753,Tage,inferred_brand_name,MEDIUM
Revisionsfirmaet Tommy Jensen,20082097,Revisionsfirmaet Tommy Jensen,declaration_legal_name,HIGH
Revisionsfirmaet Tommy Jensen,20082097,Tommy,inferred_brand_name,MEDIUM
Revisionsfirmaet Tommy Larsen,98727558,Revisionsfirmaet Tommy Larsen,declaration_legal_name,HIGH
Revisionsfirmaet Tommy Larsen,98727558,Tommy,inferred_brand_name,MEDIUM
Revisionsfirmaet Torben Langebæk,19697274,Revisionsfirmaet Torben Langebæk,declaration_legal_name,HIGH
Revisionsfirmaet Torben Langebæk,19697274,Torben,inferred_brand_name,MEDIUM
Revisionsfirmaet Torlund,31165571,Revisionsfirmaet Torlund,declaration_legal_name,HIGH
Revisionsfirmaet Torlund,31165571,Torlund,inferred_brand_name,MEDIUM
Revisionsfirmaet Woiremose & Partner,25735560,Revisionsfirmaet Woiremose & Partner,declaration_legal_name,HIGH
Revisionsfirmaet Woiremose & Partner,25735560,Woiremose,inferred_brand_name,MEDIUM
Revisionsfirmaet Zinnsgade,83005815,Revisionsfirmaet Zinnsgade,declaration_legal_name,HIGH
Revisionsfirmaet Zinnsgade,83005815,Zinnsgade,inferred_brand_name,MEDIUM
Revisionshuset,12848544,Revisionshuset,declaration_legal_name,HIGH
Revisionshuset Tal & Tanker,37315664,Revisionshuset Tal & Tanker,declaration_legal_name,HIGH
Revisionshuset Tal & Tanker,37315664,Revisionshuset Tal,inferred_brand_name,MEDIUM
RevisionsHuset Viborg v/Leif Aasten,36871644,RevisionsHuset Viborg v/Leif Aasten,declaration_legal_name,HIGH
RevisionsHuset Viborg v/Leif Aasten,36871644,Revisionshuset Viborg,inferred_brand_name,MEDIUM
RevisionsHuset-Viborg v/Mogens Bech,37054933,RevisionsHuset-Viborg v/Mogens Bech,declaration_legal_name,HIGH
RevisionsHuset-Viborg v/Mogens Bech,37054933,Revisionshuset Viborg,inferred_brand_name,MEDIUM
Revisionskontoret,69885055,Revisionskontoret,declaration_legal_name,HIGH
REVISIONSKONTORET AF 2004 ApS,13179638,REVISIONSKONTORET AF 2004 ApS,declaration_legal_name,HIGH
REVISIONSKONTORET AF 2004 ApS,13179638,Revisionskontoret,inferred_brand_name,MEDIUM
Revisionskontoret Fredericia-Vejle,32348831,Revisionskontoret Fredericia-Vejle,declaration_legal_name,HIGH
Revisionskontoret Fredericia-Vejle,32348831,Revisionskontoret,inferred_brand_name,MEDIUM
Revisionskontoret i Asnæs,16603473,Revisionskontoret i Asnæs,declaration_legal_name,HIGH
Revisionskontoret i Asnæs,16603473,Revisionskontoret,inferred_brand_name,MEDIUM
Revisionskontoret i Faxe,16609331,Revisionskontoret i Faxe,declaration_legal_name,HIGH
Revisionskontoret i Faxe,16609331,Revisionskontoret,inferred_brand_name,MEDIUM
Revisionsselskabet LKG,36735465,Revisionsselskabet LKG,declaration_legal_name,HIGH
Revisionsselskabet LKG,36735465,Revisionsselskabet,inferred_brand_name,MEDIUM
Revisionsselskabet Mougaard,21849588,Revisionsselskabet Mougaard,declaration_legal_name,HIGH
Revisionsselskabet Mougaard,21849588,Revisionsselskabet,inferred_brand_name,MEDIUM
Revisionsselskabet v/ Anders Christian Mogensen,48569528,Revisionsselskabet v/ Anders Christian Mogensen,declaration_legal_name,HIGH
Revisionsselskabet v/ Anders Christian Mogensen,48569528,Revisionsselskabet,inferred_brand_name,MEDIUM
Revisionvest,11901840,Revisionvest,declaration_legal_name,HIGH
Revisor Finn Erik Rasmussen,54472455,Revisor Finn Erik Rasmussen,declaration_legal_name,HIGH
Revisor Finn Erik Rasmussen,54472455,Finn,inferred_brand_name,MEDIUM
Revisor Fritzbøger,41982470,Revisor Fritzbøger,declaration_legal_name,HIGH
Revisor Fritzbøger,41982470,Fritzbøger,inferred_brand_name,MEDIUM
Revisor Gunnar Kjærgaard Larsen,46639715,Revisor Gunnar Kjærgaard Larsen,declaration_legal_name,HIGH
Revisor Gunnar Kjærgaard Larsen,46639715,Gunnar,inferred_brand_name,MEDIUM
Revisor Inge Linkamp ApS,26297974,Revisor Inge Linkamp ApS,declaration_legal_name,HIGH
Revisor Inge Linkamp ApS,26297974,Inge,inferred_brand_name,MEDIUM
Revisor Klaus Johansson,13206090,Revisor Klaus Johansson,declaration_legal_name,HIGH
Revisor Klaus Johansson,13206090,Klaus,inferred_brand_name,MEDIUM
Revisor Niels Jørgen Hansen,36333154,Revisor Niels Jørgen Hansen,declaration_legal_name,HIGH
Revisor Niels Jørgen Hansen,36333154,Niels,inferred_brand_name,MEDIUM
Revisor Nielsen ApS,40832211,Revisor Nielsen ApS,declaration_legal_name,HIGH
Revisor Nielsen ApS,40832211,Nielsen,inferred_brand_name,MEDIUM
Revisor-fællesskabet af 1976,57981717,Revisor-fællesskabet af 1976,declaration_legal_name,HIGH
Revisor-fællesskabet af 1976,57981717,Fællesskabet,inferred_brand_name,MEDIUM
Revisor-Team,35519432,Revisor-Team,declaration_legal_name,HIGH
Revisor-Team,35519432,Team,inferred_brand_name,MEDIUM
Revisor/Lasse Larsen,70666758,Revisor/Lasse Larsen,declaration_legal_name,HIGH
Revisor/Lasse Larsen,70666758,Revisor/Lasse,inferred_brand_name,MEDIUM
Revisor1,10740746,Revisor1,declaration_legal_name,HIGH
Revisorclaus IVS,37517623,Revisorclaus IVS,declaration_legal_name,HIGH
Revisorclaus IVS,37517623,Revisorclaus,inferred_brand_name,MEDIUM
RevisorDK,38257846,RevisorDK,declaration_legal_name,HIGH
REVISOREN I SISIMIUT REGISTRERET REVISIONSANPARTSSELSKAB,12506864,REVISOREN I SISIMIUT REGISTRERET REVISIONSANPARTSSELSKAB,declaration_legal_name,HIGH
REVISOREN I SISIMIUT REGISTRERET REVISIONSANPARTSSELSKAB,12506864,Revisoren,inferred_brand_name,MEDIUM
Revisorerne Bastian og Krause,27335616,Revisorerne Bastian og Krause,declaration_legal_name,HIGH
Revisorerne Bastian og Krause,27335616,Revisorerne,inferred_brand_name,MEDIUM
Revisorerne i Skals,19952193,Revisorerne i Skals,declaration_legal_name,HIGH
Revisorerne i Skals,19952193,Revisorerne,inferred_brand_name,MEDIUM
Revisorfirmaet Skov Jeppesen,32688179,Revisorfirmaet Skov Jeppesen,declaration_legal_name,HIGH
Revisorfirmaet Skov Jeppesen,32688179,Revisorfirmaet,inferred_brand_name,MEDIUM
Revisorgruppen v/Eva Kristensen og Lars Gotfredsen,35071199,Revisorgruppen v/Eva Kristensen og Lars Gotfredsen,declaration_legal_name,HIGH
Revisorgruppen v/Eva Kristensen og Lars Gotfredsen,35071199,Revisorgruppen,inferred_brand_name,MEDIUM
RevisorGruppen v/Lilly Jeppesen,18587246,RevisorGruppen v/Lilly Jeppesen,declaration_legal_name,HIGH
RevisorGruppen v/Lilly Jeppesen,18587246,Revisorgruppen,inferred_brand_name,MEDIUM
RevisorGården,19720705,RevisorGården,declaration_legal_name,HIGH
RevisorGården Holbæk A/S,45071391,RevisorGården Holbæk A/S,declaration_legal_name,HIGH
RevisorGården Holbæk A/S,45071391,Revisorgården,inferred_brand_name,MEDIUM
Revisorgården i Odense,14335102,Revisorgården i Odense,declaration_legal_name,HIGH
Revisorgården i Odense,14335102,Revisorgården,inferred_brand_name,MEDIUM
Revisorgården v/Jane Lading Pedersen,16914800,Revisorgården v/Jane Lading Pedersen,declaration_legal_name,HIGH
Revisorgården v/Jane Lading Pedersen,16914800,Revisorgården,inferred_brand_name,MEDIUM
Revisorhuset,26593093,Revisorhuset,declaration_legal_name,HIGH
Revisorhuset Halsnæs,20572043,Revisorhuset Halsnæs,declaration_legal_name,HIGH
Revisorhuset Halsnæs,20572043,Revisorhuset,inferred_brand_name,MEDIUM
Revisorhuset Hasselager,12549679,Revisorhuset Hasselager,declaration_legal_name,HIGH
Revisorhuset Hasselager,12549679,Revisorhuset,inferred_brand_name,MEDIUM
Revisorhuset Hinnerup,35679154,Revisorhuset Hinnerup,declaration_legal_name,HIGH
Revisorhuset Hinnerup,35679154,Revisorhuset,inferred_brand_name,MEDIUM
Revisorkompagniet,34045607,Revisorkompagniet,declaration_legal_name,HIGH
Revisorteamet.dk,31634466,Revisorteamet.dk,declaration_legal_name,HIGH
Revisorteamet.dk,31634466,Revisorteamet,inferred_brand_name,MEDIUM
Revisto I/S,26730597,Revisto I/S,declaration_legal_name,HIGH
Revisto I/S,26730597,Revisto,inferred_brand_name,MEDIUM
ReviTotal Statsautoriseret Revisionsfirma,19857298,ReviTotal Statsautoriseret Revisionsfirma,declaration_legal_name,HIGH
ReviTotal Statsautoriseret Revisionsfirma,19857298,Revitotal,inferred_brand_name,MEDIUM
ReviVision,76893713,ReviVision,declaration_legal_name,HIGH
ReviØst,21164577,ReviØst,declaration_legal_name,HIGH
Revsbæk Revision,17169483,Revsbæk Revision,declaration_legal_name,HIGH
Revsbæk Revision,17169483,Revsbæk,inferred_brand_name,MEDIUM
RGD REVISIONSPARTNERSELSKAB,30506804,RGD REVISIONSPARTNERSELSKAB,declaration_legal_name,HIGH
RGD REVISIONSPARTNERSELSKAB,30506804,Rgd,inferred_brand_name,MEDIUM
RH Revision Statsautoriseret Revisionsanpartsselskab,32319998,RH Revision Statsautoriseret Revisionsanpartsselskab,declaration_legal_name,HIGH
Ri Statsautoriseret Revisionspartnerselskab,44528045,Ri Statsautoriseret Revisionspartnerselskab,declaration_legal_name,HIGH
"Ri, Statsautoriseret Revisionsaktieselskab",53371914,Pro account,activity_signal_dominant_cvr,HIGH
"Ri, Statsautoriseret Revisionsaktieselskab",53371914,Ri- Statsautoriseret Revisionsaktieselskab,activity_signal_dominant_cvr,HIGH
"Ri, Statsautoriseret Revisionsaktieselskab",53371914,"Ri, Statsautoriseret Revisionsaktieselskab",declaration_legal_name,HIGH
Rigsrevisionen,77806113,Rigsrevisionen,declaration_legal_name,HIGH
Rinto Godkendt Revisionsvirksomhed,42748668,Rinto Godkendt Revisionsvirksomhed,declaration_legal_name,HIGH
Rinto Godkendt Revisionsvirksomhed,42748668,Rinto,inferred_brand_name,MEDIUM
Risskov Revision,31574994,Risskov Revision,declaration_legal_name,HIGH
Risskov Revision,31574994,Risskov,inferred_brand_name,MEDIUM
RN - Revision Nordjylland,28966571,RN - Revision Nordjylland,declaration_legal_name,HIGH
RND Partner,27492487,RND Partner,declaration_legal_name,HIGH
RND Partner,27492487,Rnd,inferred_brand_name,MEDIUM
Robæk,33946406,Robæk,declaration_legal_name,HIGH
Roesgaard,37543128,Roesgaard Godkendt Revisionspartnerselskab,activity_signal_dominant_cvr,HIGH
Roesgaard,37543128,Roesgaard,declaration_legal_name,HIGH
ROSENLUND FINANS ApS,28153279,ROSENLUND FINANS ApS,declaration_legal_name,HIGH
ROSENLUND FINANS ApS,28153279,Rosenlund,inferred_brand_name,MEDIUM
RR Revision v/Benny Jakobsen,73953413,RR Revision v/Benny Jakobsen,declaration_legal_name,HIGH
RSM,25492145,RSM,declaration_legal_name,HIGH
"Rudersdal Revision, Registrerede revisorer",14792074,"Rudersdal Revision, Registrerede revisorer",declaration_legal_name,HIGH
"Rudersdal Revision, Registrerede revisorer",14792074,Rudersdal,inferred_brand_name,MEDIUM
RugaardRevision,29033609,RugaardRevision,declaration_legal_name,HIGH
Råd & Revision,25593995,Råd & Revision,declaration_legal_name,HIGH
Råd & Revision,25593995,Råd,inferred_brand_name,MEDIUM
Rådgivning & Revision,10158117,Rådgivning & Revision,declaration_legal_name,HIGH
Rådgivning & Revision,10158117,Rådgivning,inferred_brand_name,MEDIUM
Rådgivningsgruppen,29316996,Rådgivningsgruppen,declaration_legal_name,HIGH
RéVision+,38914766,RéVision+,declaration_legal_name,HIGH
RéVision+ Statsautoriseret Revisionsanpartsselskab,41695609,RéVision+ Statsautoriseret Revisionsanpartsselskab,declaration_legal_name,HIGH
RéVison+,35465979,RéVison+,declaration_legal_name,HIGH
Rödl & Partner Danmark,39188678,Rödl & Partner Danmark,declaration_legal_name,HIGH
Rønne Revision,74717810,Rønne Revision,declaration_legal_name,HIGH
Rønne Revision,74717810,Rønne,inferred_brand_name,MEDIUM
S.J. Revision,25859138,S.J. Revision,declaration_legal_name,HIGH
SAa Revision,34880034,SAa Revision,declaration_legal_name,HIGH
SAa Revision,34880034,Saa,inferred_brand_name,MEDIUM
Sagro,27428843,Sagro,declaration_legal_name,HIGH
Schmidt Revision,29529507,Schmidt Revision,declaration_legal_name,HIGH
Schmidt Revision,29529507,Schmidt,inferred_brand_name,MEDIUM
"Schwartz, Pio & Co",31933595,"Schwartz, Pio & Co",declaration_legal_name,HIGH
"Schwartz, Pio & Co",31933595,Schwartz,inferred_brand_name,MEDIUM
Schyberg Lykke Registreret Revisionsanpartsselskab,32469345,Schyberg Lykke Registreret Revisionsanpartsselskab,declaration_legal_name,HIGH
Schyberg Lykke Registreret Revisionsanpartsselskab,32469345,Schyberg,inferred_brand_name,MEDIUM
SEBISA ApS,35207422,SEBISA ApS,declaration_legal_name,HIGH
SEBISA ApS,35207422,Sebisa,inferred_brand_name,MEDIUM
Skanderborg Revision,30607236,Skanderborg Revision,declaration_legal_name,HIGH
Skanderborg Revision,30607236,Skanderborg,inferred_brand_name,MEDIUM
Skatteinform,35394206,Skatteinform,declaration_legal_name,HIGH
Skoda & Partner,15806206,Skoda & Partner,declaration_legal_name,HIGH
Skoda & Partner,15806206,Skoda,inferred_brand_name,MEDIUM
SKODSBORG FINANS ApS,35833803,SKODSBORG FINANS ApS,declaration_legal_name,HIGH
SKODSBORG FINANS ApS,35833803,Skodsborg,inferred_brand_name,MEDIUM
Skov Revision,27525989,Skov Revision ApS,activity_signal_dominant_cvr,HIGH
Skov Revision,27525989,Skov Revision,declaration_legal_name,HIGH
Skov Revision,27525989,Skov,inferred_brand_name,MEDIUM
Skovborg & Co. P/S,41071222,Skovborg & Co. P/S,declaration_legal_name,HIGH
Skovborg & Co. P/S,41071222,Skovborg,inferred_brand_name,MEDIUM
Slebo Revision Statsautoriseret Revisionsanpartsselskab,44984326,Slebo Revision Statsautoriseret Revisionsanpartsselskab,declaration_legal_name,HIGH
Slebo Revision Statsautoriseret Revisionsanpartsselskab,44984326,Slebo,inferred_brand_name,MEDIUM
SMV Regnskab ApS,44662574,SMV Regnskab ApS,declaration_legal_name,HIGH
SMV Regnskab ApS,44662574,Smv,inferred_brand_name,MEDIUM
SOKKELUND ApS,32291171,SOKKELUND ApS,declaration_legal_name,HIGH
SOKKELUND ApS,32291171,Sokkelund,inferred_brand_name,MEDIUM
Solveo Statsautoriseret Revisionspartnerselskab,40844899,Solveo Statsautoriseret Revisionspartnerselskab,declaration_legal_name,HIGH
Solveo Statsautoriseret Revisionspartnerselskab,40844899,Solveo,inferred_brand_name,MEDIUM
SR Revision,19536890,SR Revision,declaration_legal_name,HIGH
Statsaut. Rev. Jan Vegge,15083743,Statsaut. Rev. Jan Vegge,declaration_legal_name,HIGH
Statsaut. Rev. Jan Vegge,15083743,Statsaut,inferred_brand_name,MEDIUM
Statsaut. Rev. P.B. Matthiesen,70697319,Statsaut. Rev. P.B. Matthiesen,declaration_legal_name,HIGH
Statsaut. Rev. P.B. Matthiesen,70697319,Statsaut,inferred_brand_name,MEDIUM
Statsaut. Revisor G. Holm-Nielsen,38518046,Statsaut. Revisor G. Holm-Nielsen,declaration_legal_name,HIGH
Statsaut. Revisor G. Holm-Nielsen,38518046,Statsaut,inferred_brand_name,MEDIUM
Statsaut. Revisor J Løbner,29538565,Statsaut. Revisor J Løbner,declaration_legal_name,HIGH
Statsaut. Revisor J Løbner,29538565,Statsaut,inferred_brand_name,MEDIUM
Statsautoriseret revisionsfirma Bent Andrup,15592354,Statsautoriseret revisionsfirma Bent Andrup,declaration_legal_name,HIGH
Statsautoriseret revisionsfirma Bent Andrup,15592354,Revisionsfirma,inferred_brand_name,MEDIUM
Statsautoriseret revisor Aksel Christensen,18770407,Statsautoriseret revisor Aksel Christensen,declaration_legal_name,HIGH
Statsautoriseret revisor Aksel Christensen,18770407,Aksel,inferred_brand_name,MEDIUM
Statsautoriseret revisor Bjarne Bertelsen,13940207,Statsautoriseret revisor Bjarne Bertelsen,declaration_legal_name,HIGH
Statsautoriseret revisor Bjarne Bertelsen,13940207,Bjarne,inferred_brand_name,MEDIUM
Statsautoriseret revisor Finn Ellegaard,15935243,Statsautoriseret revisor Finn Ellegaard,declaration_legal_name,HIGH
Statsautoriseret revisor Finn Ellegaard,15935243,Finn,inferred_brand_name,MEDIUM
Statsautoriseret revisor Kresten Hyldahl,77931112,Statsautoriseret revisor Kresten Hyldahl,declaration_legal_name,HIGH
Statsautoriseret revisor Kresten Hyldahl,77931112,Kresten,inferred_brand_name,MEDIUM
Statsautoriseret Revisor Leif G. Rasmussen,91112353,Statsautoriseret Revisor Leif G. Rasmussen,declaration_legal_name,HIGH
Statsautoriseret Revisor Leif G. Rasmussen,91112353,Leif,inferred_brand_name,MEDIUM
Statsautoriseret revisor Michael Stenskrog,30217152,Statsautoriseret revisor Michael Stenskrog,declaration_legal_name,HIGH
Statsautoriseret revisor Michael Stenskrog,30217152,Michael,inferred_brand_name,MEDIUM
Statsautoriseret revisor Ole Tønnesen,32821030,Statsautoriseret revisor Ole Tønnesen,declaration_legal_name,HIGH
Statsautoriseret revisor Ole Tønnesen,32821030,Ole,inferred_brand_name,MEDIUM
Statsautoriseret revisor Søren Cortsen,27909833,Statsautoriseret revisor Søren Cortsen,declaration_legal_name,HIGH
Statsautoriseret revisor Søren Cortsen,27909833,Søren,inferred_brand_name,MEDIUM
Status Revision,30707907,Status Revision,declaration_legal_name,HIGH
Status Revision,30707907,Status,inferred_brand_name,MEDIUM
Steen Koch Registrerede revisorer,34894949,Steen Koch Registrerede revisorer,declaration_legal_name,HIGH
Steen Koch Registrerede revisorer,34894949,Steen,inferred_brand_name,MEDIUM
Stjerne Ejendomsservice ApS,38796526,Stjerne Ejendomsservice ApS,declaration_legal_name,HIGH
Stjerne Ejendomsservice ApS,38796526,Stjerne,inferred_brand_name,MEDIUM
Svaneke Revision I/S,38294539,Svaneke Revision I/S,declaration_legal_name,HIGH
Svaneke Revision I/S,38294539,Svaneke,inferred_brand_name,MEDIUM
Svaneke Revision v/ Michael Kuhre,13339287,Svaneke Revision v/ Michael Kuhre,declaration_legal_name,HIGH
Svaneke Revision v/ Michael Kuhre,13339287,Svaneke,inferred_brand_name,MEDIUM
Syddansk Revision,15681586,Syddansk Revision,declaration_legal_name,HIGH
Syddansk Revision,15681586,Syddansk,inferred_brand_name,MEDIUM
Sydvestjysk Revision ApS Godkendt Revisionsselskab,42044040,Sydvestjysk Revision ApS Godkendt Revisionsselskab,declaration_legal_name,HIGH
Sydvestjysk Revision ApS Godkendt Revisionsselskab,42044040,Sydvestjysk,inferred_brand_name,MEDIUM
Sædding Revision,25510461,Sædding Revision,declaration_legal_name,HIGH
Sædding Revision,25510461,Sædding,inferred_brand_name,MEDIUM
Søby Revisorer,19125742,Søby Revisorer,declaration_legal_name,HIGH
Søby Revisorer,19125742,Søby,inferred_brand_name,MEDIUM
Søhøjlandets Regnskabskontor,27350755,Søhøjlandets Regnskabskontor,declaration_legal_name,HIGH
Søhøjlandets Regnskabskontor,27350755,Søhøjlandets,inferred_brand_name,MEDIUM
Søhøjlandets revision,31888026,Søhøjlandets revision,declaration_legal_name,HIGH
Søhøjlandets revision,31888026,Søhøjlandets,inferred_brand_name,MEDIUM
Søhøjlandets Rådgivning P/S,45265897,Søhøjlandets Rådgivning P/S,declaration_legal_name,HIGH
Søhøjlandets Rådgivning P/S,45265897,Søhøjlandets,inferred_brand_name,MEDIUM
Sømad ApS,38388002,Sømad ApS,declaration_legal_name,HIGH
Sømad ApS,38388002,Sømad,inferred_brand_name,MEDIUM
Sønderjyllands revision,18061635,Sønderjyllands revision,declaration_legal_name,HIGH
Sønderjyllands revision,18061635,Sønderjyllands,inferred_brand_name,MEDIUM
Sønderjysk Landboforening,47437113,Sønderjysk Landboforening,declaration_legal_name,HIGH
Sønderjysk Landboforening,47437113,Sønderjysk,inferred_brand_name,MEDIUM
Sønderup,31824559,Sønderup,declaration_legal_name,HIGH
Sønderup & Partnere,27905072,Sønderup & Partnere,declaration_legal_name,HIGH
Sønderup & Partnere,27905072,Sønderup,inferred_brand_name,MEDIUM
Sønderup Godkendt Revisionsaktieselskab,45907880,Sønderup Godkendt Revisionsaktieselskab,declaration_legal_name,HIGH
Sønderup Godkendt Revisionsaktieselskab,45907880,Sønderup,inferred_brand_name,MEDIUM
T. Rasmussen Revision,32942490,T. Rasmussen Revision,declaration_legal_name,HIGH
Tal & Tanker Nord,35305890,Tal & Tanker Nord,declaration_legal_name,HIGH
Tal & Tanker Nord,35305890,Tal,inferred_brand_name,MEDIUM
Talkompagniet,33534841,Talkompagniet,declaration_legal_name,HIGH
Talkymisten v/Reg. revisor Susanne Nielsen,21304476,Talkymisten v/Reg. revisor Susanne Nielsen,declaration_legal_name,HIGH
Talkymisten v/Reg. revisor Susanne Nielsen,21304476,Talkymisten,inferred_brand_name,MEDIUM
Talmennesker,39886227,Talmennesker,declaration_legal_name,HIGH
Talsnedkeren,36279079,Talsnedkeren,declaration_legal_name,HIGH
TALSTABLEREN REGISTRERET REVISIONSANPARTSSELSKAB,26310172,TALSTABLEREN REGISTRERET REVISIONSANPARTSSELSKAB,declaration_legal_name,HIGH
TALSTABLEREN REGISTRERET REVISIONSANPARTSSELSKAB,26310172,Talstableren,inferred_brand_name,MEDIUM
TANGSTAD - STATSAUTORISERET REVISIONSANPARTSSELSKAB,43661434,TANGSTAD - STATSAUTORISERET REVISIONSANPARTSSELSKAB,declaration_legal_name,HIGH
TANGSTAD - STATSAUTORISERET REVISIONSANPARTSSELSKAB,43661434,Tangstad,inferred_brand_name,MEDIUM
Team Revision,29423989,Team Revision,declaration_legal_name,HIGH
Team Revision,29423989,Team,inferred_brand_name,MEDIUM
Tetras Statsautoriseret Revisionsanpartsselskab,45852652,Tetras Statsautoriseret Revisionsanpartsselskab,declaration_legal_name,HIGH
Tetras Statsautoriseret Revisionsanpartsselskab,45852652,Tetras,inferred_brand_name,MEDIUM
THN Revision,32500145,THN Revision,declaration_legal_name,HIGH
THN Revision,32500145,Thn,inferred_brand_name,MEDIUM
Thorvald Rein,79355313,Thorvald Rein,declaration_legal_name,HIGH
Thorvald Rein,79355313,Thorvald,inferred_brand_name,MEDIUM
Thrane Consult,32090516,Thrane Consult,declaration_legal_name,HIGH
Thrane Consult,32090516,Thrane,inferred_brand_name,MEDIUM
Thybo Revision,34586977,Thybo Revision,declaration_legal_name,HIGH
Thybo Revision,34586977,Thybo,inferred_brand_name,MEDIUM
TimeVision,38267132,TimeVision,declaration_legal_name,HIGH
TimeVision Frederiksberg,31943582,TimeVision Frederiksberg,declaration_legal_name,HIGH
TimeVision Frederiksberg,31943582,Timevision,inferred_brand_name,MEDIUM
TJEK Revision & Rådgivning,36563877,TJEK Revision & Rådgivning,declaration_legal_name,HIGH
TJEK Revision & Rådgivning,36563877,Tjek,inferred_brand_name,MEDIUM
TK Revision,30201795,TK Revision,declaration_legal_name,HIGH
Toft Revision,20868546,Toft Revision,declaration_legal_name,HIGH
Toft Revision,20868546,Toft,inferred_brand_name,MEDIUM
Toldbodens Revision & Regnskab,12838840,Toldbodens Revision & Regnskab,declaration_legal_name,HIGH
Toldbodens Revision & Regnskab,12838840,Toldbodens,inferred_brand_name,MEDIUM
Toprevi,11211585,Toprevi,declaration_legal_name,HIGH
Torben Jakobsen,72461312,Torben Jakobsen,declaration_legal_name,HIGH
Torben Jakobsen,72461312,Torben,inferred_brand_name,MEDIUM
Torsten Blichert,90429868,Torsten Blichert,declaration_legal_name,HIGH
Torsten Blichert,90429868,Torsten,inferred_brand_name,MEDIUM
Torsten Rasmussen,34901295,Torsten Rasmussen,declaration_legal_name,HIGH
Torsten Rasmussen,34901295,Torsten,inferred_brand_name,MEDIUM
Totalrevision Vordingborg,19261735,Totalrevision Vordingborg,declaration_legal_name,HIGH
Totalrevision Vordingborg,19261735,Totalrevision,inferred_brand_name,MEDIUM
Tranberg,26063655,Tranberg,declaration_legal_name,HIGH
Trekroner Revision,28991355,Trekroner Revision,declaration_legal_name,HIGH
Trekroner Revision,28991355,Trekroner,inferred_brand_name,MEDIUM
Troense Regnskab & Bogføring,42162752,Troense Regnskab & Bogføring,declaration_legal_name,HIGH
Troense Regnskab & Bogføring,42162752,Troense,inferred_brand_name,MEDIUM
TS Revision,37201944,TS Revision,declaration_legal_name,HIGH
TT REVISION,29168504,TT REVISION,declaration_legal_name,HIGH
Tønder Revision,29142807,Tønder Revision,declaration_legal_name,HIGH
Tønder Revision,29142807,Tønder,inferred_brand_name,MEDIUM
Ulla Lærke,25768108,Ulla Lærke,declaration_legal_name,HIGH
Ulla Lærke,25768108,Ulla,inferred_brand_name,MEDIUM
Ullits & Winther,32093272,Ullits & Winther Statsautoriseret Revisionspartnerselskab,activity_signal_dominant_cvr,HIGH
Ullits & Winther,32093272,Ullits & Winther,declaration_legal_name,HIGH
Ullits & Winther,32093272,Ullits,inferred_brand_name,MEDIUM
Uniconsult,10510945,Uniconsult,declaration_legal_name,HIGH
Unik-Revision,17128973,Unik-Revision,declaration_legal_name,HIGH
Unik-Revision,17128973,Unik,inferred_brand_name,MEDIUM
V & CO,34622310,V & CO,declaration_legal_name,HIGH
Vadskær Krømmelbein,40689745,Vadskær Krømmelbein,declaration_legal_name,HIGH
Vadskær Krømmelbein,40689745,Vadskær,inferred_brand_name,MEDIUM
Valsgård Revision,27106595,Valsgård Revision,declaration_legal_name,HIGH
Valsgård Revision,27106595,Valsgård,inferred_brand_name,MEDIUM
Vedbæk Revision,14262172,Vedbæk Revision,declaration_legal_name,HIGH
Vedbæk Revision,14262172,Vedbæk,inferred_brand_name,MEDIUM
Vejledal Bogføring og Regnskab,18235307,Vejledal Bogføring og Regnskab,declaration_legal_name,HIGH
Vejledal Bogføring og Regnskab,18235307,Vejledal,inferred_brand_name,MEDIUM
velas I/S,30869052,velas I/S,declaration_legal_name,HIGH
velas I/S,30869052,Velas,inferred_brand_name,MEDIUM
Vendelbo,10110807,Vendelbo,declaration_legal_name,HIGH
Vendia Revision og Regnskab,43576577,Vendia Revision og Regnskab,declaration_legal_name,HIGH
Vendia Revision og Regnskab,43576577,Vendia,inferred_brand_name,MEDIUM
VERAX,31140986,VERAX,declaration_legal_name,HIGH
Verifica,33684096,Verifica,declaration_legal_name,HIGH
Veritas,35657975,Veritas,declaration_legal_name,HIGH
Verum Cura,39886871,Verum Cura,declaration_legal_name,HIGH
Verum Cura,39886871,Verum,inferred_brand_name,MEDIUM
"Verum Cura, Godkendt Revisionsanpartsselskab",43340646,"Verum Cura, Godkendt Revisionsanpartsselskab",declaration_legal_name,HIGH
"Verum Cura, Godkendt Revisionsanpartsselskab",43340646,Verum,inferred_brand_name,MEDIUM
Vestjysk Landboforening,25076079,Vestjysk Landboforening,declaration_legal_name,HIGH
Vestjysk Landboforening,25076079,Vestjysk,inferred_brand_name,MEDIUM
VH Revision,17871080,VH Revision,declaration_legal_name,HIGH
"Vibs Revision, registreret revisor ApS",39130335,"Vibs Revision, registreret revisor ApS",declaration_legal_name,HIGH
"Vibs Revision, registreret revisor ApS",39130335,Vibs,inferred_brand_name,MEDIUM
Vilstad Revision og Regnskabsservice,31888425,Vilstad Revision og Regnskabsservice,declaration_legal_name,HIGH
Vilstad Revision og Regnskabsservice,31888425,Vilstad,inferred_brand_name,MEDIUM
Vistisen & Lunde,35658432,Vistisen & Lunde,declaration_legal_name,HIGH
Vistisen & Lunde,35658432,Vistisen,inferred_brand_name,MEDIUM
VKST Revision,34351961,VKST Revision,declaration_legal_name,HIGH
VKST Revision,34351961,Vkst,inferred_brand_name,MEDIUM
VL Revision,29817286,VL Revision,declaration_legal_name,HIGH
W. Kragh,16206407,W. Kragh,declaration_legal_name,HIGH
Willads & Vibe-Hastrup,29619670,Willads & Vibe-Hastrup,declaration_legal_name,HIGH
Willads & Vibe-Hastrup,29619670,Willads,inferred_brand_name,MEDIUM
Wind Revision,34804699,Wind Revision,declaration_legal_name,HIGH
Wind Revision,34804699,Wind,inferred_brand_name,MEDIUM
Wyrwik,16563579,Wyrwik,declaration_legal_name,HIGH
Ødegaard Statsautoriseret Revisionsanpartsselskab,44304635,Ødegaard Statsautoriseret Revisionsanpartsselskab,declaration_legal_name,HIGH
Ødegaard Statsautoriseret Revisionsanpartsselskab,44304635,Ødegaard,inferred_brand_name,MEDIUM
Øernes Revision,37121924,Øernes Revision,declaration_legal_name,HIGH
Øernes Revision,37121924,Øernes,inferred_brand_name,MEDIUM
Økonomihuset,28368410,Økonomihuset,declaration_legal_name,HIGH
Øresund Revision Statsautoriseret Revisionsanpartsselskab,40127720,Øresund Revision Statsautoriseret Revisionsanpartsselskab,declaration_legal_name,HIGH
Øresund Revision Statsautoriseret Revisionsanpartsselskab,40127720,Øresund,inferred_brand_name,MEDIUM
Østdansk Landboforening,20835400,Østdansk Landboforening,declaration_legal_name,HIGH
Østdansk Landboforening,20835400,Østdansk,inferred_brand_name,MEDIUM
Østrup,32774296,Østrup,declaration_legal_name,HIGH
