mne,revisor,ao_firma,revision,review,udvidet_gennemgang,assistance,distinkte_kunder,aktive_kunder,uudnyttede_kunder,klasse_b,total
mne23324,Poul Spencer Poulsen,PricewaterhouseCoopers,180,0,85,126,391,0,391,326,391
mne32096,Tom Østergaard,Partner Revision,49,0,86,293,428,4,424,422,428
mne41306,Karin German Jensen,Grant Thornton,8,0,57,84,149,13,136,147,149
mne33822,Michael Daugaard Hansen,Kreston SR,14,0,16,64,94,0,94,93,94
mne23420,Søren Høgsgaard Andersen,Partner Revision,20,0,163,203,386,2,384,382,386
mne34028,Henrik Dalgaard,Partner Revision,30,0,52,132,214,0,214,204,214
mne30211,Hans Jørgen Burgaard Andersen,PricewaterhouseCoopers,46,0,18,42,106,1,105,91,106
mne34456,Lene Kamper Jørgensen,EY,52,0,8,9,70,0,70,56,69
mne27864,Henning Tønder Olesen,PricewaterhouseCoopers,71,5,54,88,218,0,218,208,218
mne40029,Karen Jørgensen,EY,1,0,0,5,6,0,6,6,6
mne16922,Flemming Brunsgaard Mørup,Anker Høst,5,0,89,213,307,0,307,307,307
mne18547,Jeanette Staal,BDO,5,0,44,27,77,0,77,75,76
mne1167,Per Michael Riis,SR Revision,29,0,111,169,309,1,308,306,309
mne47795,Kevin Mejborn Schøller,Beierholm,4,0,22,71,97,0,97,95,97
mne35811,Lasse Fuglsbæk Berg,PricewaterhouseCoopers,136,0,53,89,282,1,281,254,278
mne35391,Jacob Rask,BDO,17,0,103,222,342,0,342,340,342
mne18474,Jørgen Louring Poulsen,TJEK Revision & Rådgivning,0,0,26,45,71,0,71,71,71
mne11645,Erling Kirk Brødbæk,Martinsen,36,0,100,246,382,1,381,377,382
mne34173,Rene Winther Pedersen,Deloitte,62,0,122,64,248,0,248,224,248
mne32848,Peter Vinderslev,Partner Revision,64,0,160,289,514,3,511,506,513
mne34484,Jakob Stiel Korshøj,BDO,3,0,57,77,137,0,137,135,137
mne29369,Claus Boy Michelsen,Dansk Revision Sønderborg,15,0,67,163,245,0,245,238,245
mne43455,Morten Olesen,Partner Revision,20,2,49,156,227,0,227,225,227
mne33212,Rene Aagesen,RéVision+ Statsautoriseret Revisionsanpartsselskab,11,1,118,412,542,2,540,542,542
mne33207,Thomas Skou Jacobsen,Beierholm,122,9,112,141,384,2,382,365,384
mne26713,Jørgen Jakobsen,Beierholm,47,1,160,121,329,1,328,316,329
mne48490,Kenneth Taulbjerg,Krøyer Pedersen Statsautoriserede Revisorer P/S,5,1,21,43,70,0,70,70,70
mne35388,Michael Rathleff Algren,Advosion,19,0,80,182,281,1,280,280,281
mne7435,Henning Kjær,Revision- og Regnskabskontoret,28,0,2,61,91,0,91,91,91
mne1442,Torsten Sørensen Kruse,Kruse Revision,0,0,0,6,6,0,6,6,6
Ukendt revisor,Ukendt revisor,Ukendt revisorfirma,1095,2,1076,879,3696,26,3670,2856,3052
mne44109,Boye Graversen,Beierholm,32,1,66,173,272,0,272,267,272
mne34467,Kasper Sand Jensen,Beierholm,6,6,44,89,145,0,145,145,145
mne34095,Lonnie Regitze Østervig,Søby Revisorer,9,0,37,103,149,0,149,149,149
mne10823,Ole Baastrup Søndergaard,Partner Revision,0,0,62,69,131,0,131,131,131
mne49147,Kamilla Gadgaard Jensen,Martinsen,35,0,56,35,127,0,127,119,126
mne49962,Dennis Jarl Jensen,Revision Ry & Hammel,9,0,12,66,87,4,83,87,87
mne21334,Claus Hammer-Pedersen,EY,101,0,11,23,138,0,138,112,135
mne31444,Uffe Larsen,Krøyer Pedersen Statsautoriserede Revisorer P/S,17,6,40,110,173,0,173,172,173
mne19693,Niels Christian Schjøth,Sønderjyllands revision,29,0,68,130,227,0,227,223,227
mne29469,Frans Thorup Dahl,"Dahl, Rask & Partnere",4,0,72,89,165,1,164,164,165
mne29393,Lars Bjerregaard Nielsen,Deloitte,41,0,279,53,373,0,373,352,373
mne32066,Alex Kirkegaard,Ullits & Winther,47,0,58,63,168,0,168,157,168
mne3097,Chresten Clemmensen,Beierholm,0,0,30,47,77,0,77,77,77
mne11348,Klaus Arvad Johansen,VH Revision,1,0,106,189,296,5,291,296,296
mne19674,Tage Holm,RSM,15,1,58,92,166,0,166,164,166
mne34536,Jesper Resdal Thomsen,Beierholm,64,0,221,252,537,0,537,524,537
mne33686,Jørn Dam Jensen,Martinsen,119,4,142,220,485,2,483,466,485
mne369,Mathias Peder Attermann Brinch,MPB Consult,0,0,0,8,8,0,8,8,8
mne24825,Henrik Pungvig Jensen,EY,50,0,63,90,204,2,202,193,203
mne41367,Anders Noe,BDO,6,0,85,81,172,1,171,168,172
mne35838,Dorrit Kirckhoff Hansen,Roesgaard,117,1,107,189,414,1,413,407,414
mne4173,Jens Erik Lidegaard,Lidegaard Revision&Rådgivning,10,3,51,218,282,4,278,281,282
mne34272,Allan Galsgaard,Beierholm,28,0,167,152,347,0,347,344,347
mne35664,Martin Edvardsen Vad,Aros,1,0,41,66,108,0,108,108,108
mne31397,Anders Flensted Nielsen,Grant Thornton,2,0,108,213,323,8,315,323,323
mne30151,Stig Raadkjær Enevoldsen,RSM,49,0,35,35,119,0,119,117,119
mne32204,Martin Olesen Furbo,Beierholm,189,0,130,141,460,0,460,421,460
mne46609,Thomas Søgaard Christensen,Attent Statsautoriseret Revisionsanpartsselskab,20,0,68,87,175,2,173,175,175
mne1826,Torben Merrild Hansen,Dansk Revision Esbjerg,20,1,41,195,257,1,256,254,257
mne30224,Jan Bunk Harbo Larsen,PricewaterhouseCoopers,222,0,129,125,477,5,472,419,476
mne10084,Mogens Nygaard,MN Revision og Rådgivning,0,0,0,111,111,2,109,111,111
mne18473,Karsten Mehlsen,PricewaterhouseCoopers,42,0,50,42,134,0,134,132,134
mne32792,Klaus Lund Kristensen,Krøyer Pedersen Statsautoriserede Revisorer P/S,51,8,52,86,197,0,197,189,197
mne29432,Peter Ingemann Jensen,Redmark,15,0,82,146,243,0,243,242,243
mne45861,Martin Lund Nielsen,Deloitte,7,0,77,58,142,0,142,140,142
mne27708,Henrik Lundsgaard,Ullits & Winther,16,0,36,97,149,0,149,144,149
mne34099,Michael Graversen,BDO,35,0,106,116,257,0,257,247,257
mne35822,Jesper Lundtoft Sandal,Beierholm,107,0,91,181,379,0,379,375,379
mne35430,Gert Rasmussen,Deloitte,41,1,54,28,126,0,126,104,124
mne17323,Ole Schmidt,Baker Tilly Denmark,63,0,98,107,268,3,265,267,268
mne503,Keld Ray Hansen,Revisionsfirmaet KRH ApS,0,1,26,192,219,1,218,219,219
mne40065,Tom Holm Cortsen,Danrevi Løgstør,3,0,55,152,210,14,196,210,210
mne1341,Carsten Munk Thomsen,Krogh & Thomsen,1,0,101,132,234,0,234,234,234
mne10547,Kai Marius Møller,Aros,1,0,63,100,164,0,164,164,164
mne7504,Torben Bach Nielsen,Aktiv Revision Silkeborg,3,0,22,48,73,0,73,72,73
mne48483,Philip Just Paulsen,Grant Thornton,4,0,80,179,263,10,253,263,263
mne49042,Kasper Ladefoged,BDO,4,0,66,93,163,0,163,162,163
mne31387,Allan Andersen,BDO,41,0,148,72,261,0,261,250,261
mne34336,Thomas Hedegaard,Grant Thornton,15,0,199,181,395,35,360,391,395
mne2376,Torben Bastrup,Martinsen,0,0,74,49,123,1,122,123,123
mne16813,Jette Nielsen,ONreVISION,0,0,0,87,87,2,85,87,87
mne34502,Peter Ulrik Faurschou,EY,234,0,228,190,656,1,655,610,652
mne17386,Lars Bang Pedersen,Lars P Revision,0,0,16,59,75,0,75,75,75
mne33220,Nikolaj Møller Hansen,KPMG,64,1,21,7,93,0,93,62,93
mne47791,Mikkel Hede Olsen,Deloitte,8,0,98,44,150,1,149,149,150
mne26783,Henrik Kragh,PricewaterhouseCoopers,165,0,21,28,223,1,222,159,214
mne41365,Morten Almtoft Lund,Deloitte,147,13,134,69,363,0,363,342,363
mne46607,Lars Risager Bormann,Partner Revision,16,0,7,98,121,0,121,121,121
mne35803,Lisbeth Merrild Elkjær,Beierholm,26,2,16,85,129,0,129,127,129
mne50559,Jesper Majkjær Ramlov,Partner Revision,94,0,97,137,328,1,327,323,328
mne32736,Morten Klarskov Larsen,Beierholm,86,1,104,88,279,1,278,272,279
mne35808,Jørn Christian Munk Holm,BDO,39,0,118,92,249,2,247,235,249
mne46636,Jakob Bjerrum Olsen,Martinsen,33,0,74,129,236,2,234,235,236
mne31412,Jesper Bechsgaard Jørgensen,BDO,41,0,69,83,193,2,191,181,193
mne604,Carsten Jensen,Råd & Revision,0,0,9,62,71,2,69,71,71
mne15784,Susanne Svensgaard,Revisionsfirmaet John Schantz,1,0,6,44,51,0,51,51,51
mne17402,Torben Poulsen,BDO,6,0,75,163,244,0,244,241,244
mne32743,Lars Gosvig Mortensen,EY,101,0,108,66,276,2,274,243,275
mne34460,Karen Kragesand Thomsen,Kovsted & Skovgård,2,0,79,92,173,1,172,173,173
mne32774,Dorthe Brandt Andersen,Albjerg,55,0,8,55,118,0,118,116,118
mne47904,Jens Christian Andersen,Beierholm,24,0,45,67,136,0,136,133,136
mne167,Peder Bille,Compu Revision,0,1,83,143,227,0,227,227,227
mne36182,Dennis Hermann,BDO,40,0,128,175,343,1,342,332,343
mne40760,Mads Johansson,PricewaterhouseCoopers,85,0,28,41,154,1,153,140,154
mne27873,Claus Urhøj,BDO,13,0,119,138,270,1,269,264,270
mne32205,Henning Jager Neldeberg,Partner Revision,81,0,61,112,254,0,254,248,254
mne23297,Finn Brogaard,Christensen & Kjær,17,2,32,74,125,0,125,125,125
mne40962,Hans Høj Nygaard,Skov Revision,1,1,32,129,163,41,122,163,163
mne26714,Torben Gyde Jensen,BDO,33,0,79,94,206,0,206,200,206
mne19744,Claus Brink Thomsen,Sønderjyllands revision,38,0,130,52,220,2,218,215,220
mne607,Poul Hansen,Revisionscentret Ribe,4,0,32,61,97,0,97,95,97
mne34162,Mette Plambech Jensen,PricewaterhouseCoopers,37,0,41,80,158,1,157,146,158
mne9748,Lars Kristian Schou,Revisto I/S,39,0,0,54,93,0,93,93,93
mne28683,Ole Uggerholt Ejsing,BDO,24,0,88,137,249,0,249,239,249
mne33725,Jacob Pedersen,Beierholm,26,1,135,122,284,1,283,282,284
mne33197,Helene Viskum Jakobsen,Dansk Revision Viborg,13,0,8,59,80,1,79,77,80
mne27741,Vivi Ruseng Hansen,Beierholm,25,9,68,100,202,0,202,202,202
mne35460,Jesper Mosskov Møller,Beierholm,59,0,79,41,179,0,179,167,179
mne2573,Dorthe Kristiansen,Lidegaard Revision&Rådgivning,4,0,9,71,84,1,83,84,84
mne10734,Kim Rune Brarup,Martinsen,45,0,61,90,196,0,196,180,196
mne17138,Lars Olsen,Revisionsfirmaet Lars Olsen,1,0,123,201,325,0,325,325,325
mne18898,Heinrich Christian Siggaard Bornhøft,"Bornhøft & Lindemann, Registreret Revisionsanpartsselskab",0,0,16,84,100,0,100,100,100
mne33196,Peter Mikkelsen,BDO,37,0,58,128,223,0,223,213,223
mne2896,Niels Jørn Brink Jeppesen,Revision Ry & Hammel,33,0,47,201,282,1,281,281,281
mne23414,Ole Østergaard,BDO,62,0,104,80,246,0,246,238,246
mne31404,Claus Bredvig,Beierholm,71,3,163,321,558,0,558,550,558
mne15370,Torben Bang,Revisorhuset,0,0,17,72,89,0,89,89,89
mne867,Egon Brøndum Nielsen,Revice,0,0,0,171,171,0,171,171,171
mne45930,Morten Østerkjærhus,Martinsen,38,2,92,146,278,1,277,278,278
mne46629,Joachim Laumark Stephansen,Beierholm,46,0,119,162,327,2,325,322,327
mne41402,Maj Kirkegaard Rotne,Sønderjyllands revision,14,0,54,69,137,1,136,135,137
mne47808,Jesper Thams Vesterlund,Deloitte,0,0,54,31,85,0,85,84,85
mne31413,Aslak Arved Lyster Linde,Beierholm,26,0,42,52,120,0,120,120,120
mne34289,Jens Palsgård Nørgaard,Redmark,27,0,78,127,232,0,232,226,232
mne34518,Jimmi Lillelund Pedersen,Revisionsfirmaet Peder Holt,0,0,51,97,148,3,145,148,148
mne32849,Martin Rasmussen,Beierholm,136,6,69,72,283,0,283,273,283
mne27866,Carsten Eckhaus Pedersen,RSM,45,0,139,341,525,3,522,518,525
mne44151,Thomas Pedersen,Redmark,7,1,18,97,123,0,123,123,123
mne5783,Benny Winther Jakobsen,RR Revision v/Benny Jakobsen,6,0,68,263,337,0,337,337,337
mne34316,Anders Rasmussen,BDO,21,0,223,128,373,3,370,363,372
mne10427,Alex Michael Ankjær-Jensen,aj2,0,0,0,24,24,0,24,24,24
mne27773,Frank Nørgaard,Redmark,10,0,32,57,99,0,99,99,99
mne24820,Tom Barreth Lassen,EY,177,0,24,61,264,0,264,235,262
mne34371,Mikkel Boeck Eisgart,Martinsen,14,19,98,128,259,0,259,256,259
mne35856,Mads Bjørndal,Beierholm,28,0,105,140,273,0,273,262,273
mne46610,Jacob Christian Frydkjær Juulsgaard,BDO,33,0,78,150,261,0,261,247,261
mne12488,Kim Eli Pedersen,W. Kragh,11,0,42,59,112,0,112,110,112
mne24638,Tommy Andersen,BDO,26,0,66,57,150,0,150,144,149
mne15931,Johan Juhl Thomsen,JL Revisorer,0,0,41,88,129,0,129,129,129
mne2427,Torben Bisgaard,Dansk Revision Århus,12,2,25,64,103,0,103,101,103
mne32129,Morten Schougård Sørensen,EY,402,0,62,106,571,0,571,549,570
mne49105,Kasper Spile Otten,Sønderjyllands revision,21,0,62,66,149,1,148,140,149
mne7947,Lene Thrane Thomsen,Thrane Consult,0,0,0,52,52,0,52,52,52
mne34109,Louise Troelstrup Lund,BDO,8,0,19,61,88,0,88,85,88
mne35413,Jesper Kiilerich Viborg,Beierholm,102,0,12,23,137,0,137,105,137
mne16817,Peter Henriksen,Beierholm,3,0,14,9,26,0,26,26,26
mne3901,Søren Vestermark Hansen,Baker Tilly Denmark,39,1,84,109,233,0,233,232,233
mne21381,Per Lindholdt Christensen,Beierholm,29,1,59,103,192,0,192,184,192
mne196,Niels Bjerg,BDO,0,0,0,57,57,0,57,57,57
mne24737,Erik Pedersen,Beierholm,3,0,27,29,59,1,58,59,59
mne35810,Kristian Bendix Thostrup,BDO,18,0,66,65,153,0,153,142,149
mne31436,Flemming Sillesen,Partner Revision,88,0,36,128,252,0,252,232,252
mne8217,Niels Jørgen Jørgensen,Partner Revision,7,0,27,63,97,0,97,96,97
mne28659,Jesper Ovesen,Attiri,4,0,39,152,195,0,195,195,195
mne18623,Jørgen Løbner,Statsaut. Revisor J Løbner,17,0,11,130,158,0,158,158,158
mne34103,Jesper Hørby Jensen,Martinsen,54,2,285,197,538,1,537,527,538
mne35805,Mathias Lundsfryd Bendiksen,REVISION & RÅD STATSAUTORISERET REVISIONSPARTNERSELSKAB,13,0,62,88,163,4,159,161,163
mne30145,Claus Søndergaard Nielsen,Ullits & Winther,47,0,68,118,233,1,232,231,233
mne34506,Lars Andersen,Deloitte,199,1,95,48,343,0,343,291,343
mne18617,Søren Aarup Iversen,Dansk Revision Århus,29,0,41,88,158,2,156,156,158
mne24773,Sean Mogens Christensen,Revimidt,4,0,13,44,61,4,57,59,61
mne33693,Lars Æbelø-Nielsen,Martinsen,10,5,121,129,265,0,265,262,265
mne36029,Chris Bay,Beierholm,38,0,78,80,196,0,196,187,196
mne27703,Carsten Andersen,Beierholm,200,0,118,133,451,0,451,437,451
mne30154,Kenn Wolff Hansen,KPMG,72,1,6,2,82,0,82,55,81
mne34546,Henrik Rummenhoff,DanRevision Statsautoriseret Revisionsanpartsselskab,8,0,36,68,112,0,112,112,112
mne17021,Claus Kindberg,Revisionscentret Sønderborg,2,1,66,272,341,1,340,341,341
mne12006,Allan Nielsen,RND Partner,0,0,0,38,38,0,38,38,38
mne47422,Marianne Seeberg,Roesgaard,165,0,28,85,278,0,278,265,278
mne35464,Stig Petersen,BDO,49,0,171,73,293,0,293,268,293
mne46626,Niclas Kruse Lyhne,RSM,37,3,40,76,156,1,155,152,156
mne46586,Anders Damgaard Lunde,BDO,5,0,55,78,138,1,137,137,138
mne34144,Allan Dydensborg Madsen,Deloitte,37,0,122,69,228,0,228,216,228
mne45845,Brian Charles Schmidt,Deloitte,0,0,95,87,182,1,181,182,182
mne32056,David Riis Nielsen,BDO,1,0,56,86,143,0,143,142,143
mne32750,Bo Sørensen,BDO,9,0,102,157,269,1,268,268,268
mne29476,Per Bonnevie,RSM,0,4,14,56,74,0,74,73,74
mne32128,Michael Anker,EY,59,0,46,25,130,0,130,117,130
mne11062,Jørgen Leo Hansen,Unik-Revision,2,0,22,49,73,1,72,73,73
mne34163,Heidi Julitta Østergaard Jensen,Deloitte,61,0,28,137,226,0,226,206,226
mne33779,Brian Nielsen,Beierholm,105,0,65,141,311,0,311,299,311
mne32133,Rikke Holmslykke Kristensen,Beierholm,45,0,39,143,227,1,226,224,227
mne7480,Nis-Ole Nissen,Revisions-Partner,36,0,13,79,128,2,126,128,128
mne23293,Per Lund Nielsen,Beierholm,84,2,68,179,333,0,333,330,333
mne23328,Claus Lindholm Jacobsen,PricewaterhouseCoopers,49,0,3,0,52,0,52,17,52
mne31463,Peder Grønnegaard Rasmussen,Søby Revisorer,10,0,61,160,231,1,230,231,231
mne33708,Anders Holdgaard Jensen,RSM,3,1,54,133,191,0,191,189,191
mne31470,Morten Troels Pedersen,Revisionsfirmaet Edelbo,208,0,54,133,396,36,360,386,395
mne19698,Per Krause Therkelsen,Deloitte,109,8,245,73,436,0,436,406,435
mne47767,Lasse Glud Dybbøl,Beierholm,29,0,129,127,285,1,284,280,285
mne35420,Morten Østergaard Koch,EY,135,0,43,48,236,0,236,184,226
mne35801,Christian Boesen Bräuner,Center Revision Kjellerup,1,0,58,110,169,0,169,169,169
mne12040,Finn Diederichsen,RND Partner,0,0,28,51,79,0,79,79,79
mne29390,Lone Merete Hansen,Deloitte,7,0,51,25,83,0,83,82,83
mne23294,Morten Hagerup Pedersen,BDO,27,0,117,49,193,1,192,185,193
mne31480,Thomas Rosendahl Kroghede,Rådgivning & Revision,222,2,10,427,661,2,659,657,661
mne23333,Henrik Trangeled Kristensen,PricewaterhouseCoopers,45,0,17,10,72,3,69,45,72
mne12510,Steven Anthony Frandsen,VH Revision,8,0,11,61,80,0,80,80,80
mne34333,Thomas Skovsgaard,EY,36,0,49,12,98,0,98,93,97
mne42184,Yvonne Dalsgaard Bager,PricewaterhouseCoopers,5,0,22,33,60,0,60,59,60
mne33689,Thomas Nicolaj Jacobi Nielsen,Beierholm,30,0,89,164,283,1,282,281,283
mne26753,Niels Christian Boll,Beierholm,62,0,53,60,175,0,175,167,175
mne24817,Lars Almskou Ohmeyer,PricewaterhouseCoopers,160,0,52,70,283,0,283,243,282
mne34302,Steen Hestbech Capuzzi,RSM,11,2,35,95,143,0,143,142,143
mne45833,Kaspar Hartmann-Petersen,Piaster Revisorerne,12,0,85,149,246,2,244,245,246
mne33762,Mads Hornbæk,PricewaterhouseCoopers,102,0,101,155,358,1,357,331,358
mne23304,Klaus Tvede-Jensen,BDO,83,0,260,97,441,0,441,406,440
mne26694,Dorte Larsen,BDO,32,0,98,111,241,0,241,232,241
mne19789,Allan Hess Andersen,Attent Statsautoriseret Revisionsanpartsselskab,27,0,38,88,153,1,152,148,153
mne34512,Jakob Wraae Kastor,Beierholm,30,0,27,58,115,0,115,115,115
mne17814,Tom René Picano,RN - Revision Nordjylland,0,0,0,142,142,1,141,142,142
mne19688,Morten Kallehauge,BDO,27,0,69,88,184,0,184,180,184
mne28629,John Richardt Damkier,BDO,112,0,142,178,435,0,435,409,432
mne32372,Peter Nørgaard Kjær,Revision Kjær,6,0,32,236,274,1,273,274,274
mne42794,Gitte Arp,K.T. Revision Vejle,38,0,168,243,449,1,448,449,449
mne33194,Kim Rune Christensen,Blicher Revision & Rådgivning,14,3,39,81,137,1,136,135,137
mne33854,Martin Just Nielsen,Talkompagniet,17,1,96,225,339,2,337,338,339
mne29356,Dennis Damborg Jensen,Revimidt,2,0,34,120,157,12,145,155,156
mne6529,Steen Halager Søgaard,VH Revision,13,0,106,122,241,1,240,241,241
mne44113,Peter Kjeldsen,"Kjeldsen Revision, Statsautoriseret Revisionsanpartsselskab",2,0,24,57,83,1,82,83,83
mne17319,Bjarne Barsballe,Revisionscentret Ribe,6,0,45,170,221,0,221,221,221
mne27737,Morten Elbæk Jensen,PricewaterhouseCoopers,18,0,27,22,67,0,67,59,67
mne33710,René Ferrer Ruiz,Kovsted & Skovgård,25,0,60,137,222,0,222,221,222
mne23279,Jakob Bødker,Dansk Revision Odense,14,0,35,100,149,1,148,147,149
mne49099,Jakob Matthiesen,Tønder Revision,16,0,22,152,190,1,189,190,190
mne34276,Lars Fruensgaard Lundtoft,RSM,23,0,105,393,521,2,519,517,521
mne34373,Johan Helge Høffner,Høffner Revision,0,0,13,78,91,0,91,91,91
mne50653,Theis Engholm Slebo,Slebo Revision Statsautoriseret Revisionsanpartsselskab,3,1,76,79,160,2,158,159,159
mne31481,Bent Engelsen Skov,BDO,40,0,150,97,287,2,285,269,287
mne30127,Jens-Ole Bøgild,Krøyer Pedersen Statsautoriserede Revisorer P/S,30,5,33,72,140,1,139,136,140
mne28606,Henrik Bjørn,Beierholm,84,1,129,183,397,0,397,374,397
mne50633,Jeppe Birk Laursen,Kreston SR,2,0,22,26,50,0,50,48,50
mne26734,Georg Aaen,BDO,89,0,132,135,356,0,356,344,356
mne32728,Jan Hedegaard,Dansk Revision Odense,9,0,74,110,193,2,191,193,193
mne32231,Carsten Bo Jensen,BDO,23,0,72,136,231,0,231,222,231
mne18495,Lars Jørgen Viskum Madsen,Deloitte,8,0,7,0,15,0,15,13,15
mne15429,Torben Seiersen,Revisionsfirmaet Seiersen Revision,9,0,40,229,278,0,278,278,278
mne18574,Jesper Birn,Beierholm,48,1,113,140,302,1,301,295,302
mne29497,Flemming Laigaard,Beierholm,39,0,77,125,241,0,241,223,241
mne1277,Arne Frost Thorhauge,Revisionsfirmaet Lund & Christiansen,6,0,1,17,24,0,24,24,24
mne31458,Søren Kring,Sønderjyllands revision,14,1,113,78,206,0,206,203,206
mne23366,Henrik Welinder,Beierholm,78,1,132,146,357,1,356,345,357
mne12588,Niels Møller Studsgaard Albrektsen,BDO,0,0,8,135,143,0,143,143,143
mne34543,Bo Damgaard Hansen,Deloitte,54,0,59,59,172,1,171,151,172
mne33209,Per Kristensen,2+ Revision,56,0,163,183,402,1,401,400,402
mne35794,Bo Sønder Andersen,Grant Thornton,3,0,76,219,298,25,273,297,298
mne26778,Lars Koudal Jensen,Beierholm,47,0,41,59,147,1,146,142,147
mne47813,Janus Luxhøj Asmussen,TJEK Revision & Rådgivning,4,0,46,66,116,0,116,116,116
mne34472,Alex Sartor Thomsen,BDO,3,0,57,101,161,0,161,161,161
mne33723,Anders Schweitz Jensen,BDO,4,0,99,63,166,0,166,163,166
mne33773,Jesper Falk Hansen,Robæk,16,0,51,90,157,1,156,155,157
mne41313,Brian Bek Andersen,BDO,3,0,113,148,264,1,263,263,264
mne42285,Martin Anker Petersen,Revisorerne i Skals,9,0,37,212,258,0,258,258,258
mne33195,Frank Lennart Bo Falk Hedegaard Mouritzen,RSM,6,1,59,118,184,1,183,183,184
mne30193,Torben Holm Laursen,Martinsen,13,4,99,277,393,0,393,391,393
mne15242,Jan Hjorth,Blicher Revision & Rådgivning,8,5,14,57,84,4,80,84,84
mne27738,Lene Vinum Andersen,Beierholm,9,1,26,76,112,0,112,111,112
mne41312,Kenneth Vadum Albert,BDO,21,0,23,23,67,0,67,58,67
mne33256,Kim Ruby Vorret,PricewaterhouseCoopers,90,0,47,83,220,0,220,197,220
mne26695,Ole Poulsen,Beierholm,33,8,92,174,307,0,307,300,307
mne27768,Line Hedam,PricewaterhouseCoopers,121,0,41,59,221,0,221,189,221
mne44108,Claes Jensen,EY,31,0,32,70,133,0,133,127,133
mne34522,Palle Christensen,Dansk Revision Skive,4,0,28,59,91,0,91,91,91
mne9642,Mogens Lykkegård Petersen,MP Revision,1,0,72,71,144,6,138,143,144
mne42773,Anne Kragh Nørgaard,Roesgaard,43,0,89,212,344,0,344,343,344
mne23334,Peder Rene Pedersen,BDO,20,0,111,65,197,0,197,188,196
mne36186,Andy Philipp Gøttig,Martinsen,57,0,139,171,367,1,366,364,367
mne32748,Kenneth Skov Hansen,EY,40,0,58,42,141,0,141,123,140
mne34324,Jacob Højgaard Andersen,Revisionshuset Tal & Tanker,13,1,94,120,228,17,211,228,228
mne11106,Gert Skov Jeppesen,Revisorfirmaet Skov Jeppesen,0,0,7,14,21,0,21,21,21
mne17154,Inger Hedegaard Kristensen,Martinsen,2,0,7,39,48,0,48,48,48
mne40037,Keld Allan Martor Nielsen,PricewaterhouseCoopers,136,0,51,23,211,0,211,196,210
mne10954,Carsten Hedegård Jensen,PricewaterhouseCoopers,17,0,0,3,20,0,20,13,20
mne3376,Solvejg Plauborg Poulsen,JL Revisorer,0,0,13,46,59,0,59,59,59
mne33722,Brian Petersen,PricewaterhouseCoopers,41,0,109,144,294,1,293,283,294
mne32064,Jesper Dahl Jepsen,BDO,19,0,109,96,224,1,223,217,224
mne33224,Kuno Hesel,Revisionshuset Tal & Tanker,12,0,111,109,232,27,205,231,232
mne31429,Jan Thietje,EY,17,0,88,73,178,0,178,169,178
mne18625,Ole Suhr Pedersen,Revice,6,0,63,94,163,1,162,159,163
mne26804,Michael Laursen,EY,44,0,1,0,45,0,45,36,45
mne11469,Jens Ole Klemmensen,Dansk Revision Viborg,11,0,3,60,74,1,73,74,74
mne32733,Søren Nørgaard Jensen,Partner Revision,49,0,88,193,330,0,330,313,330
mne42817,Kristian Rath,PricewaterhouseCoopers,13,0,52,107,172,0,172,171,172
mne31400,Jacob Vinther Kvist,Grant Thornton,4,0,62,193,259,12,247,258,259
mne31457,Kasper Rabing Christensen,Beierholm,111,1,5,97,214,2,212,204,214
mne31477,Søren Korgaard-Mollerup,Redmark,63,0,107,100,270,0,270,261,270
mne47824,Jonas Thøstesen Svensson,Deloitte,110,0,60,30,200,2,198,192,200
mne34140,Michael Rechnagel,Martinsen,18,0,122,87,227,2,225,224,227
mne34554,Johnny Munk-Hansen,TJEK Revision & Rådgivning,2,0,37,85,124,3,121,124,124
mne12199,Kim Lund,Fynbo Revision,0,0,6,63,69,0,69,69,69
mne36189,Kristian Tudborg Nielsen,Beierholm,24,0,81,96,201,2,199,199,201
mne33198,Allan Terp,EY,128,0,85,114,329,1,328,295,327
mne6353,Ole Martin Mikkelsen,Revision Ry & Hammel,26,0,25,229,280,5,275,277,280
mne26771,Lars Ørum Nielsen,Deloitte,124,1,164,89,379,1,378,355,378
mne33753,Ole Jespersen-Skree,Partner Revision,52,0,125,182,359,8,351,349,359
mne10887,Edel Bertelsen,Lidegaard Revision & Rådgivning,0,0,20,59,79,0,79,79,79
mne24822,Per Rolf Larssen,PricewaterhouseCoopers,51,0,0,9,61,0,61,51,60
mne24807,Henrik Jacob Vilmann Wellejus,Deloitte,12,0,5,4,21,0,21,15,21
mne29466,Christian Jensen,RSM,0,0,3,23,26,0,26,26,26
mne29462,Henning Juel Møller,Aros,27,0,116,217,360,0,360,359,360
mne34108,Michael Mortensen,Roesgaard,141,0,52,65,258,1,257,235,258
mne27701,Brian Skovhus Jakobsen,EY,145,0,42,59,257,0,257,206,246
mne5657,Helen Lisby,Revisioncentret Tønder/Skærbæk,15,0,44,132,191,0,191,191,191
mne10746,Jan Flemming Hansen,Deloitte,0,0,3,0,3,0,3,3,3
mne24769,Brian Levring Sørensen,Grant Thornton,0,0,45,93,138,3,135,138,138
mne35478,Maj-Britt Lykke Viskum,Martinsen,34,0,54,60,148,3,145,148,148
mne33761,Frank Barrit,BDO,9,0,107,87,203,0,203,197,203
mne35830,Sussi Toft Johansen,Deloitte,11,0,1,0,12,0,12,7,12
mne30183,Peder Pedersen,Beierholm,55,2,144,142,343,3,340,337,343
mne32221,Preben Pedersen,Redmark,29,0,45,141,215,0,215,214,215
mne35789,Torben Eskildsen,Intension,1,0,36,127,164,0,164,163,164
mne48471,Mathias Blaabjerg Laursen,Revisionshuset Tal & Tanker,0,0,38,61,99,12,87,99,99
mne16302,Jens Erik Bjerggaard,Talmennesker,10,0,30,102,142,0,142,142,142
mne47785,Morten Kristensen,BDO,5,0,53,123,182,0,182,179,181
mne36190,Jens-Christian Steen Nielsen,BDO,10,0,136,260,406,1,405,406,406
mne34339,Allan Trolle Pedersen,Deloitte,30,0,39,30,100,1,99,86,99
mne35834,Heidi Bruun Andersen,2A Revision,0,0,0,126,126,2,124,126,126
mne34496,Tanja Vilsen,Revisionsfirmaet John Schantz,13,0,36,150,199,0,199,199,199
mne42828,Anders Bundgaard,Revisionshuset Tal & Tanker,7,0,67,239,313,3,310,313,313
mne35438,Brian Christensen,Grant Thornton,19,0,138,141,298,9,289,291,298
mne33755,Jens Faurholt,DLBR Revision,15,0,375,239,629,3,626,628,629
mne23368,Bent Jensen,BDO,4,0,46,64,114,0,114,114,114
mne34271,Klaus Viborg Pedersen,Beierholm,57,0,69,153,279,0,279,276,279
mne16826,Peter Andersen,Realvision,7,0,9,75,91,3,88,91,91
mne21318,Henrik Ulvsgaard,Baker Tilly Denmark,82,0,68,105,255,0,255,240,255
mne11903,Palle Knudsen,BDO,1,0,7,46,54,0,54,54,54
mne34321,Konrad Frederik Jensen-Dahm,RSM,17,0,61,130,208,0,208,204,208
mne47822,Mathias Christensen,BDO,11,0,50,114,175,0,175,170,175
mne19677,Finn Jensen Vammen,Grant Thornton,24,0,127,164,315,40,275,312,315
mne46362,Tobias Oppermann Kristensen,EY,20,0,14,26,60,2,58,57,60
mne28661,Tonny Hummelgaard Knudsen,Deloitte,1,0,61,103,165,0,165,165,165
mne17340,Bente Pedersen,TJEK Revision & Rådgivning,1,0,9,40,50,0,50,50,50
mne24684,Søren Strandby,Powered-By Statsautoriseret Revisionspartnerselskab,9,0,120,108,237,10,227,234,237
mne11748,Jens Ole Emtekjær Andersen,Plus Revision,3,0,32,111,146,0,146,146,146
mne51045,Jesper Brandt Pedersen,Deloitte,0,0,0,2,2,0,2,2,2
mne29419,Ulrik Fog Christensen,Inforevision,196,0,58,66,320,1,319,310,320
mne27742,Søren Rasborg Laursen,BDO,5,1,132,167,307,4,303,304,305
mne36183,Kristian Frost Vingum,BDO,20,0,98,122,240,0,240,234,240
mne48482,Uffe Conradsen,Martinsen,36,0,68,94,198,1,197,190,198
mne17225,Jens Jensen,Erhvervsrevisorerne i Vejle,12,1,29,98,140,0,140,140,140
mne32739,Torben Regnar Pedersen,Beierholm,56,0,183,184,423,0,423,400,423
mne16912,Solveig Nielsen,Skov Revision,5,0,34,110,149,36,113,149,149
mne689,Carl Olaf Krag,Revisionscentret Aabenraa,16,0,91,74,181,0,181,173,181
mne46587,Peter Kjærsgaard,Deloitte,33,0,79,16,128,0,128,121,128
mne862,Verner Freundlich Larsen,RevisorDK,1,0,73,365,439,1,438,439,439
mne34442,Henrik Hedegaard Kastbjerg,Revisions-Partner,4,1,34,265,304,3,301,304,304
mne3913,Erik Dahl,RSM,6,0,5,5,16,0,16,16,16
mne2584,Henriette Bech Dahl,Revisionsfirmaet Revicon,0,0,0,59,59,0,59,59,59
mne35471,Jonas Bødker-Iversen,Grant Thornton,21,9,133,299,463,35,428,459,462
mne34517,Louise Corneliussen,Beierholm,75,4,21,74,174,0,174,167,174
mne15969,Jan Callesen,Tønder Revision,34,0,48,170,252,2,250,252,252
mne32785,Søren Lykke,Deloitte,203,0,57,18,278,1,277,272,278
mne31373,Lasse Kirkegaard Nejsum,Grant Thornton,13,0,103,126,242,5,237,236,242
mne33244,Peter Vinstrup Henriksen,Beierholm,73,3,242,190,508,0,508,502,508
mne32181,Hans Peter Andersen,Andersen Revision,61,4,117,198,380,2,378,375,380
mne42784,Kasper Vildrich Jessen,Deloitte,121,0,197,18,336,0,336,318,336
mne34088,Ulrik Kølbæk Alminde,Kreston SR,13,0,27,145,185,0,185,184,185
mne28603,Mogens Keldbo Andreasen,EY,157,0,14,40,214,0,214,164,211
mne26762,Morten Heitmann,REVISION & RÅD STATSAUTORISERET REVISIONSPARTNERSELSKAB,19,0,73,83,175,0,175,173,175
mne29420,John Petersson,Harboe Consult,14,0,22,199,235,1,234,235,235
mne40048,Thomas Nørgaard Christensen,BDO,39,0,144,143,330,4,326,312,326
mne28666,Per Larsen,BDO,1,0,16,71,88,0,88,88,88
mne35463,Allan Aakmann Christensen,Beierholm,8,0,18,17,43,2,41,41,43
mne49112,Marie Abrahamsen,BDO,3,0,52,83,138,1,137,137,138
mne19699,Henrik Harbo Andersen,BDO,31,0,73,55,159,1,158,146,159
mne32107,Ole Skouboe,Redmark,83,0,42,89,214,0,214,205,214
mne32857,Lene Minor Brødsgaard,Martinsen,23,1,31,130,185,1,184,178,185
mne11745,Jan Ekmann Hørsel,J H Regnskab v/Jan Ekmann Hørsel,13,0,6,141,160,0,160,160,160
mne1547,Per Tange,Dansk Revision Viborg,1,1,22,202,226,2,224,226,226
mne45892,Steffen Michael Bach,EY,16,0,10,27,53,0,53,48,53
mne10948,Frank Lynge Jensen,Leif Mikkelsen & Partnere,1,0,0,190,191,0,191,191,191
mne32735,Morten Broberg Lind,Partner Revision,88,0,72,216,376,1,375,365,376
mne33714,Christian Roding,PricewaterhouseCoopers,294,0,66,94,454,0,454,428,454
mne24813,Bjørn Jakobsen,Beierholm,127,0,56,87,270,0,270,234,270
mne33707,Mikael Grosbøl,BDO,75,0,132,82,289,0,289,263,289
mne35437,Diana Skovmand Poulsen,Kovsted & Skovgård,2,0,34,113,149,2,147,149,149
mne16560,Carsten Blicher,Juul & Blicher ApS,21,0,22,55,98,1,97,97,98
mne31488,Johnny Vedsted Jensen,Redmark,33,1,70,88,192,0,192,186,192
mne34274,Lars Bastholm,Revisionsfirmaet Lars Bastholm,3,0,29,25,57,0,57,57,57
mne42793,Sami Nikolai El-Galaly,Deloitte,70,0,47,84,201,0,201,188,201
mne33733,Per Jensen,Blicher Revision & Rådgivning,55,0,57,122,234,1,233,231,234
mne16868,Jørgen Fall Thorø,Kolding Herreds Landbrugsforening,11,0,28,106,145,1,144,144,145
mne6428,Hans Henrik Hansen,Attiri,1,0,10,22,33,0,33,33,33
mne34492,Jakob Olesen,Deloitte,69,0,5,8,82,0,82,42,82
mne3109,Preben Busk-Matthiasen,REVISIONSKONTORET AF 2004 ApS,13,0,6,40,59,0,59,59,59
mne34520,Dennis Veje Rasmussen,APEX Statsautoriserede revisorer ApS,5,0,81,138,224,0,224,224,224
mne23318,Mikael Johansen,PricewaterhouseCoopers,165,0,87,103,355,2,353,314,355
mne28662,Michael Lund Siegumfeldt,KPMG,27,0,3,0,32,0,32,20,30
mne42894,Anette Dam Jacobsen,Status Revision,8,0,40,151,199,1,198,199,199
mne23413,Morten Damgaard Møller,Revisionsfirmaet Axel Gram,0,0,64,90,154,39,115,154,154
mne49065,Jakob Ladefoged Hove,Beierholm,10,0,33,51,94,0,94,92,94
mne15867,Heidi Rokkjær Pedersen,Beierholm,1,0,40,102,143,0,143,143,143
mne52143,Jonas Kristoffer Haulund Langhoff,Blicher Revision & Rådgivning,51,1,12,92,156,1,155,156,156
mne21405,Marianne Fog Jørgensen,Redmark,13,0,44,126,183,2,181,183,183
mne34505,Morten Svensson,BDO,10,0,81,109,200,2,198,199,200
mne17073,Lars Astrup,Jysk Revision og Rådgivning ApS,1,0,34,118,153,1,152,153,153
mne47778,Nicklas Overgaard Høj,BDO,14,0,45,81,140,0,140,136,140
mne17897,Lotte Thomsen,RSM,1,0,21,118,140,0,140,139,140
mne34278,Morten Boye Ballum Birkebæk,Aros,19,0,102,213,334,0,334,330,334
mne34489,Christian Lind Andreasen,Leif Mikkelsen & Partnere,14,0,33,22,69,4,65,65,69
mne32802,Henrik Hornbæk,PricewaterhouseCoopers,48,0,0,1,49,0,49,45,49
mne44064,Daniel Beck Mortensen,Status Revision,0,0,23,111,134,0,134,134,134
mne29444,Thomas Utke Rask,"Dahl, Rask & Partnere",2,0,42,191,235,1,234,235,235
mne48730,Maibrit Frederiksen,BDO,7,0,60,18,85,0,85,85,85
mne24721,Alexander Hardy Josef Müller Rasmussen,Martinsen,22,1,220,159,402,0,402,391,402
mne1068,Michael Morild Møller,Grant Thornton,0,0,37,72,109,3,106,109,109
mne16902,Jens Damsgaard,REVISION THY Registreret Revisionsanpartsselskab,7,0,18,79,104,0,104,104,104
mne35786,Jens Kolby,Dansk Revision Frederikssund,0,0,19,51,70,11,59,70,70
mne47798,Kasper Hartvig Kortegaard,EY,6,0,35,55,97,0,97,95,96
mne35457,Dan Hinnerup,RSM,22,2,30,66,120,0,120,119,120
mne34114,Michael Lindskov Pedersen,Beierholm,102,0,27,60,189,1,188,179,189
mne34298,Morten Kristiansen Veng,BDO,42,0,101,111,254,1,253,252,254
mne34390,Kenneth Bang Iversen,Christensen Kjærulff,82,2,198,180,463,2,461,445,462
mne2433,Jan Brask,Revisionsfirmaet Peder Albertsen,8,0,0,41,49,0,49,49,49
mne47812,Isabel Overvad Olsen,Dansk Revision Aalborg,3,0,14,36,53,0,53,53,53
mne2501,Troels Nørgaard Ifversen,Beierholm,1,1,1,91,94,0,94,94,94
mne42831,Steffen Melin Henriksen,Dansk Revision Århus,8,0,18,58,85,2,83,82,84
mne23302,Steen Pedersen,BDO,0,0,1,4,5,0,5,5,5
mne42827,Stefan Gabriel Dracea,PricewaterhouseCoopers,4,0,141,134,279,0,279,277,279
mne28681,Jens Roesgaard,Roesgaard,139,0,106,88,333,0,333,318,333
mne24821,Peter Mølkjær,Deloitte,114,0,105,54,273,0,273,234,273
mne16812,Flemming Pave Agerbo,Agerbor Gruppen,1,0,17,88,106,0,106,106,106
mne36178,Klaus Nielsen,BDO,21,0,91,106,218,0,218,210,218
mne32727,Daniel Ulrich,Beierholm,75,1,28,91,195,3,192,186,195
mne661,Michael Harboe,Harboe Consult,24,0,52,326,404,2,402,402,402
mne34178,Line Kovsted,Martinsen,22,0,20,59,101,1,100,99,101
mne11740,Ole Laurits Vestergaard,Revisionsfirmaet Ole Vestergaard,77,0,24,129,230,0,230,228,230
mne16856,Henning Hansen,velas I/S,0,0,9,25,34,0,34,34,34
mne2564,Anne Marie Carøe Klitgaard,ABL Revision,0,0,0,135,135,0,135,135,135
mne32199,Lars Greve Jensen,Martinsen,65,0,138,242,445,0,445,431,445
mne2483,Poul Erik Brodersen,Leif Mikkelsen & Partnere,0,0,0,123,123,2,121,123,123
mne30216,Michael Kirkegaard Dalberg,Beierholm,52,0,30,66,148,0,148,140,148
mne21387,Poul Holmboe Borghus,Revisionshuset Tal & Tanker,8,2,30,64,104,12,92,103,104
mne33705,Alex Hoffmann Kristensen,Redmark,52,0,98,195,345,0,345,344,345
mne24824,Jørn Jepsen,BDO,63,0,148,41,252,0,252,221,252
mne36181,Casper Jensby,Beierholm,89,0,109,129,327,1,326,317,327
mne1828,Kim Christensen,BDO,3,0,18,24,45,0,45,44,45
mne24699,Marian Fruergaard,Redmark,72,1,63,78,214,0,214,207,214
mne9190,Mogens Nielsen,MN Revision v/statsaut. revisor Mogens Nielsen,0,0,0,9,9,0,9,9,9
mne47788,Rune Vangsøe Sunesen,RSM,9,0,40,59,108,0,108,106,108
mne12318,Kim Nygaard,PricewaterhouseCoopers,77,0,62,126,265,4,261,264,265
mne32777,Anders Flou,EY,8,0,56,54,118,0,118,114,118
mne31450,Søren Smedegaard Hvid,EY,260,0,63,159,487,1,486,413,482
mne16850,Lene Jeppesen,Beierholm,2,0,16,86,104,0,104,104,104
mne34262,Søren Fricke,RSM,8,0,31,97,136,0,136,136,136
mne12352,Per Kejser Jensen,Revisions-Partner,13,0,15,49,77,1,76,77,77
mne10776,Claus Lykke Jensen,Partner Revision,45,0,0,54,99,1,98,96,99
mne31447,Henrik Lund,Klar Revision,7,0,17,170,194,0,194,194,194
mne23183,Jan Juul Buskbjerg,BDO,0,0,71,128,199,0,199,199,199
mne47833,Emil Overlund,EY,67,0,39,90,197,0,197,178,196
mne47800,Jeppe Hillersborg Kristensen,Krøyer Pedersen Statsautoriserede Revisorer P/S,15,0,23,85,123,0,123,122,123
mne33756,Peter Kvistgaard Toft,BDO,11,0,57,136,204,0,204,198,204
mne26805,Peter Thor Kellmer,Beierholm,22,0,72,148,242,0,242,242,242
mne34124,Nicolai Groth-Christensen,N.G. Christensen Statsautoriseret Revisionsanpartsselskab,2,0,116,137,256,1,255,255,255
mne6304,Kirsten Møller,Center Revision Kjellerup,12,0,4,58,74,0,74,71,74
mne33711,Thomas Clausen,Baker Tilly Denmark,84,0,71,91,246,1,245,239,246
mne32115,Palle Habekost Jensen,PricewaterhouseCoopers,81,0,94,61,236,0,236,205,236
mne34511,Heino Hyllested Tholsgaard,Deloitte,78,0,64,46,188,2,186,175,188
mne34347,Pia Axelsen,Beierholm,41,0,33,43,117,0,117,104,117
mne3844,Margit Frølund Hansen,Søby Revisorer,1,1,17,73,92,0,92,92,92
mne15619,Finn Kehlet Schou,FKS Revision,0,0,17,130,147,0,147,147,147
mne45819,Mads Anker Jensen,Redmark,51,0,88,80,219,2,217,212,219
mne46608,Martin Bang,BDO,11,0,65,48,124,1,123,123,124
mne49093,Malene Schröder Pedersen,Redmark,32,0,26,41,99,0,99,93,99
mne34359,Mette Holy Jørgensen,PricewaterhouseCoopers,6,0,18,18,42,0,42,42,42
mne33216,Claus Bjørnlund,Agillix Fmba,0,0,0,106,106,0,106,106,106
mne34169,Henrik Forthoft Lind,PricewaterhouseCoopers,102,0,110,69,281,1,280,249,281
mne34145,Morten Gade Steinmetz,Deloitte,58,0,144,94,297,2,295,276,296
mne46256,Søren Busch,BDO,39,0,33,52,125,0,125,115,124
mne29391,Peter Wulff Andersen,Dansk Revision Wulff & Haaning,14,0,46,104,164,0,164,160,164
mne2371,Lars Ole Bärthel,Revisionshuset Tal & Tanker,0,0,0,32,32,5,27,32,32
mne34171,Morten Bjerrekær Nørgaard,Midt Revision,0,0,0,282,282,1,281,282,282
mne29474,Thomas Amby,Redmark,31,0,42,136,209,1,208,209,209
mne30207,Lars Brændgaard,BDO,26,0,124,290,440,0,440,435,440
mne16852,Jan Bjørn Laursen,Bjørnlaursen,58,0,13,243,314,0,314,313,314
mne2506,Henning Verner Holm,Egtved Revisionskontor,2,0,6,50,58,0,58,58,58
mne1022,Peter Ry Mathiasen,Revfirma Georg Mathiasen,55,1,7,48,116,1,115,111,111
mne26692,Henrik Rysgaard Christensen,Christensen & Kjær,23,1,40,105,169,1,168,168,169
mne35787,Peter Seeberg Nielsen,Redmark,77,0,24,96,197,2,195,193,197
mne47263,Jesper Abrahamsen,Abrahamsen Revision,3,0,27,134,164,0,164,164,164
mne18513,Kim Rosholm Mortensen,EY,26,0,0,14,44,0,44,33,40
mne33211,Ronald Hauch Brun,Dansk Revision Aalborg,14,0,42,84,140,0,140,140,140
mne11737,Ole Bernhard Nielsen,Revisionsfirmaet Edelbo,50,1,44,103,198,14,184,195,198
mne14950,Jens Ludvig Aaen,Grant Thornton,7,0,86,156,249,9,240,247,249
mne34159,Jacob Hall,Martinsen,91,0,78,138,307,0,307,291,307
mne10157,Henry Vesterholm,Dansk Revision Århus,21,0,7,23,51,0,51,49,51
mne45848,Katrine Søgaard Gybel,KPMG,20,3,11,14,49,1,48,41,48
mne28654,Henrik Strange Meldahl,EY,137,0,70,76,284,3,281,263,283
mne26825,Thomas Brorsen Jensen,BDO,22,0,78,81,181,0,181,179,181
mne47764,Thomas Aamand Lund,Deloitte,42,0,12,4,58,0,58,45,58
mne34300,Michael Carstens,Redmark,32,0,53,125,210,0,210,207,210
mne35455,Flemming Nymann,Roesgaard,48,1,197,205,451,1,450,448,451
mne34101,Søren Yde,RSM,21,0,33,37,91,0,91,83,91
mne34092,Jan Andreasen,Revision 2,32,0,29,103,164,1,163,163,164
mne51582,Frederik Grentzmann Pedersen,BDO,0,0,0,17,17,0,17,17,17
mne34290,Michael Jensby Jakobsen,Revisionsfirmaet Edelbo,169,0,54,155,378,19,359,371,378
mne18078,Palle Lysbjerg Hansen,Sønderup & Partnere,3,0,151,240,394,6,388,394,394
mne31399,Tommy Haubjerg Andersen,Partner Revision,89,0,62,147,298,0,298,289,298
mne18620,Hans Madsen,Krøyer Pedersen Statsautoriserede Revisorer P/S,14,0,10,41,65,0,65,65,65
mne26733,Jan Godtfred Christiansen,Kreston JC,44,0,55,176,275,3,272,274,275
mne35807,Dennis Høyer,Beierholm,38,1,109,135,283,0,283,278,283
mne34189,Lars Duisberg Jørgensen,Revisionscentret Aabenraa,13,0,141,230,384,2,382,382,384
mne34468,Jesper Havgaard Kongsted,Redmark,15,1,64,152,232,0,232,232,232
mne9261,Per Nilsson,Revisionvest,1,0,5,34,40,0,40,40,40
mne34514,Martin Godskesen,Revision 360 Statsautoriseret Revisionsinteressentskab,39,0,39,156,234,1,233,233,234
mne17801,Lars Heinrich Ballebye Jensen,Beierholm,2,0,41,108,151,0,151,151,151
mne32170,Søren Rasmussen,Beierholm,20,0,46,96,162,0,162,156,162
mne42777,Rasmus Ørskov,Beierholm,25,0,43,80,148,2,146,143,148
mne48473,Mike Bork Jun,Martinsen,22,0,46,143,211,0,211,207,211
mne42771,Jonas Busk Tangsgaard,EY,44,0,6,13,63,0,63,43,63
mne26745,Claus Dalager,PricewaterhouseCoopers,187,0,0,0,187,0,187,125,187
mne15927,Helle Halager Søgaard,VH Revision,0,0,0,55,55,0,55,55,55
mne4502,Lilly Jeppesen,RevisorGruppen v/Lilly Jeppesen,11,0,48,115,174,6,168,174,174
mne33221,Morten Ryberg Nielsen,Redmark,80,0,54,62,196,0,196,189,196
mne8317,Simon Hessellund,Sædding Revision,0,0,1,261,262,0,262,262,262
mne51058,Heidi Hvid Bertelsen,Beierholm,6,0,23,28,57,0,57,57,57
mne34151,Jens Villemann,Kreston SR,11,0,19,72,102,1,101,99,102
mne33767,Peter Højen Storgaard,BDO,2,0,0,0,2,0,2,0,2
mne27705,Tommy Wulff Andreasen,BDO,24,0,51,65,140,0,140,134,140
mne52091,Andreas Sigl Halsted Brems,FER Fyns Erhvervsrevision,5,1,14,81,101,0,101,101,101
mne11512,Flemming Nielsen,Redmark,24,1,73,147,245,0,245,243,245
mne32840,John Lindholm Bode,RSM,15,0,27,35,77,0,77,74,77
mne26645,Michael Kirkebæk Andreasen,Revimidt,8,0,13,124,145,8,137,142,145
mne34282,Kenneth Klitgaard Thomsen,Beierholm,9,0,16,31,56,0,56,56,56
mne28657,Jon Midtgaard,EY,56,28,48,59,193,1,192,172,191
mne32079,Johnny Skovgaard Rasmussen,Kovsted & Skovgård,42,0,121,95,258,1,257,254,258
mne33731,Jesper Sand,Kreston SR,2,0,11,64,77,0,77,77,77
mne31428,Thomas Witzky,BDO,40,0,83,80,204,0,204,195,203
mne46613,Nicolaj Haarup,Deloitte,46,0,54,36,136,0,136,127,136
mne31487,Mads Lundgaard Christensen,Beierholm,28,2,37,68,135,0,135,133,135
mne34331,Mikkel Thybo Johansen,Robæk,7,2,80,144,233,0,233,233,233
mne50650,Nikolaj Wædegaard Kallesøe,Revisionsfirmaet Axel Gram,0,0,21,115,136,8,128,136,136
mne1122,Anders Christian Worsøe Mogensen,K.T. Revision Vejle,6,0,0,54,61,1,60,58,60
mne28658,Carsten Thobo-Carlsen Mikkelsen,CTM Revision,2,0,0,46,48,0,48,48,48
mne23310,Poul Sunn Pedersen,Beierholm,29,2,25,49,105,1,104,95,105
mne36180,Christoffer Pedersen,Baker Tilly Denmark,26,1,115,152,294,5,289,291,294
mne18257,Torben Nielsen,Sydvestjysk Revision ApS Godkendt Revisionsselskab,5,0,18,46,69,0,69,69,69
mne27765,Henrik Ludvigsen,Partner Revision,71,0,75,69,215,0,215,205,215
mne52074,Lisette Røjkjær Kansy,Kovsted & Skovgård,2,2,14,86,104,0,104,104,104
mne32783,Kaj Kromann Laschewski,Martinsen,31,5,81,224,341,0,341,341,341
mne28679,Steen Kofod Bager,Grant Thornton,55,0,52,95,202,14,188,197,202
mne21326,Jesper Jørn Pedersen,EY,81,0,16,19,117,0,117,102,116
mne34332,Uffe Black Jensen,Beierholm,25,0,54,62,141,1,140,141,141
mne16029,Per Christensen,BDO,0,0,30,109,139,0,139,139,139
mne32775,Søren Vintersborg Nejmann,EY,60,0,30,66,158,0,158,123,156
mne30176,Jacob Nørmark,Deloitte,161,0,228,79,468,1,467,426,468
mne28701,Brian Pedersen,PricewaterhouseCoopers,106,0,64,96,266,0,266,225,266
mne18225,Torben Reib,Revision Ry & Hammel,11,0,65,52,128,1,127,128,128
mne35804,Steffen Damsgaard Sørensen,PricewaterhouseCoopers,46,0,39,134,219,1,218,215,219
mne49108,Lars Ehmsen Boysen,Sønderjyllands revision,49,0,57,81,187,1,186,184,187
mne49092,Dennis Valdeck Hansen,KPMG,16,0,5,0,21,0,21,14,21
mne32772,Michael Maass,Deloitte,34,0,19,26,79,0,79,64,79
mne28602,Michael Frederik Iuel,Robæk,3,0,27,35,65,0,65,64,65
mne28703,Bo Schou-Jacobsen,PricewaterhouseCoopers,109,0,4,17,134,0,134,93,130
mne12610,Flemming Peter von Wildenradt,Dansk Revision Sønderborg,3,0,13,94,110,0,110,108,110
mne494,Else Høy,Revisionsfirmaet Else Høy,0,0,0,15,15,0,15,15,15
mne34478,Malene Stagelund Mogensen,RSM,36,1,33,79,149,0,149,147,149
mne29379,Jane Haugaard Petersen,EY,9,0,14,37,60,0,60,57,60
mne44140,Morten Jacobsen,PricewaterhouseCoopers,60,0,3,22,85,0,85,80,85
mne25299,Anders Vad Dons,Deloitte,5,0,0,0,5,0,5,1,5
mne26711,Claus Muhlig,BDO,1,0,8,9,18,0,18,18,18
mne32209,Martin Lunden,PricewaterhouseCoopers,70,0,51,1,126,1,125,85,122
mne45950,Jesper Rosenvinge,Sønderjyllands revision,85,0,87,140,312,0,312,305,312
mne11194,Ole Madsen,Lidegaard Revision & Rådgivning,4,1,11,139,155,2,153,155,155
mne18512,Allan Schøne,Sønderjyllands revision,14,0,58,56,128,0,128,126,128
mne33683,Hans Peter Ingerslev Roug,RSM,50,1,54,58,163,0,163,157,163
mne29440,Jannick Kjersgaard,PricewaterhouseCoopers,120,1,103,80,304,1,303,285,304
mne16652,Claus Ejsing Andreasen,EY,35,3,15,21,76,1,75,66,74
mne33225,Søren Roesgaard,Roesgaard,123,0,67,93,283,1,282,262,283
mne17139,Anders Korsgaard,Korsgaard Revision,3,0,66,261,330,1,329,330,330
mne33262,Ulrik Ræbild,PricewaterhouseCoopers,172,0,26,10,208,1,207,151,208
mne26846,John Lindvig Christiansen,PricewaterhouseCoopers,47,1,17,7,72,0,72,53,72
mne34261,Kim Winther,BDO,12,0,49,85,146,0,146,142,146
mne36188,Henrik Paulsen,BDO,10,0,39,132,181,1,180,177,181
mne35800,Christian Haaning,Dansk Revision Wulff & Haaning,22,0,46,126,194,0,194,193,194
mne15253,Carsten Krarup Feidenhans`l,CKF Revision ApS Godkendt revisionsfirma,0,0,52,141,193,1,192,193,193
mne26812,Bent Nordestgaard Rønnest,Krøyer Pedersen Statsautoriserede Revisorer,1,0,0,0,1,0,1,1,1
mne472,Niels Erik Jensen,Revision Hatting,11,0,13,63,87,1,86,87,87
mne21427,Henrik Holmer Bretlau,Beierholm,75,3,40,46,164,0,164,152,164
mne7491,Mogens Møller Nielsen,Reg. Rev. Mogens Møller Nielsen,0,0,3,15,18,0,18,18,18
mne11588,Bo Bødker,Revisorgården i Odense,0,0,9,55,64,0,64,64,64
mne41307,Mikkel Aalykke,BDO,9,0,96,105,210,2,208,210,210
mne28583,Jan Sørensen,Beierholm,17,0,33,80,130,0,130,126,130
mne2386,Mogens Bech,RevisionsHuset-Viborg v/Mogens Bech,1,0,16,30,47,0,47,47,47
mne35408,Britt Balslev Larsen,Revisionsfirmaet John Schantz,5,1,29,129,164,0,164,164,164
mne8361,Ulla Hogan,Kovsted & Skovgård,2,0,16,32,50,0,50,50,50
mne3775,Jan Hansen,Hedelund revision & rådgivning,0,0,0,3,3,0,3,3,3
mne11061,Karin Astrup,Dansk Revision Odense,0,0,25,27,52,1,51,52,52
mne35802,Lasse Lynggaard Wolff,BDO,11,0,81,44,136,0,136,136,136
mne51485,Claus Dyrelund Johansen,Dansk Revision Slagelse,13,1,66,160,240,3,237,237,240
mne45893,Martin Ødum Madsen,Beierholm,30,0,55,75,160,0,160,153,160
mne32122,Bo Blaabjerg Odgaard,Deloitte,41,0,101,92,234,0,234,212,234
mne236,Claus Elley,Martinsen,1,0,2,36,39,0,39,39,39
mne18433,Peder Harbo Andersen,REVIFJORD Godkendt Revisionspartnerselskab,1,0,48,157,206,0,206,206,206
mne24826,Mads Meldgaard,PricewaterhouseCoopers,133,0,111,110,354,2,352,321,354
mne33770,Michel Mandrup,Revidata,42,0,26,111,179,0,179,177,179
mne11671,Lars Birner Sørensen,Deloitte,44,0,126,32,202,0,202,180,202
mne50702,Christian Miltersen Sørensen,KPMG,16,0,2,2,20,0,20,20,20
mne47887,Michael Brønnerup Madsen,Grant Thornton,2,0,40,92,134,8,126,133,134
mne31446,Henrik Sondrup,Redmark,67,0,62,64,193,0,193,188,193
mne33688,Joan Silberbauer,Beierholm,4,0,3,12,19,0,19,19,19
mne34327,Ruben Stæhr,Grant Thornton,8,1,67,157,233,2,231,233,233
mne2903,Finn Hønholt Christensen,Aktiv Revision Silkeborg,4,0,29,120,153,0,153,153,153
mne1101,Flemming Egelund Pedersen,Egelund Revision,4,0,1,20,25,0,25,25,25
mne34083,Kasper Toftegaard Winkler,Beierholm,7,0,82,152,241,2,239,239,241
mne35407,Ulrik Moeslund Olsen,BDO,41,0,91,62,194,0,194,189,194
mne10675,Lasse Bjørn Nørgård,Crowe,65,1,69,290,425,3,422,418,425
mne32737,Steffen Sjørslev Hansen,KPMG,94,3,18,23,138,0,138,101,138
mne27739,Steen Jensen,Redmark,80,0,24,70,174,0,174,171,174
mne34480,Ove Iversen,Partner Revision,23,0,34,77,134,0,134,121,134
mne30192,Jesper Hansen,Sønderjyllands revision,14,0,3,17,34,0,34,27,34
mne504,Morten Bruun Jacobsen,Dansk Revision Brønderslev,10,0,25,156,191,0,191,191,191
mne42788,Chris Mark,EY,10,0,4,1,15,0,15,14,15
mne48470,Clavs Nielsen,BDO,0,0,0,17,17,0,17,17,17
mne51529,Michael Helvig Nielsen Jensen,Grant Thornton,3,1,77,124,205,5,200,205,205
mne46641,Muhammad Ismaeel Rasul,Deloitte,11,0,0,0,11,0,11,7,11
mne16627,Henrik Vollandt,DVU,33,0,0,43,76,0,76,76,76
mne35625,Morten Trap Olesen,BDO,45,0,166,182,394,0,394,376,393
mne4109,Per Henrik Laursen,Dansk Revision Århus,7,0,33,93,134,3,131,131,133
mne31411,Karsten Nielsen,Anker Høst,2,0,63,134,199,2,197,199,199
mne16702,Peter Lange Rudbeck Jørgensen,Dansk Revision Skive,9,0,53,91,153,0,153,150,153
mne35421,Martin Jochens Lück,BDO,19,0,88,83,190,2,188,187,190
mne32904,Morten Wagner,E-Revisor.com,1,0,29,170,200,4,196,200,200
mne42790,Lene Thorgård,Søhøjlandets revision,0,0,22,22,44,0,44,44,44
mne6568,Ole Hansen,"Revisionsfirmaet Ole Hansen, Statsautoriseret Revisionsanpartsselskab",5,0,43,19,67,0,67,67,67
mne12631,Anette Frederiksen,BDO,0,0,0,89,89,0,89,89,89
mne30213,Niels Henrik Tange,RéVision+ Statsautoriseret Revisionsanpartsselskab,7,0,6,77,90,1,89,90,90
mne23347,Christian Sanderhage,Deloitte,82,3,18,10,118,0,118,86,113
mne42811,Jes Rotbøl Primdahl,Dansk Revision Esbjerg,6,0,15,59,80,0,80,79,80
mne31483,Thomas Kragh,W. Kragh,19,1,70,205,295,0,295,291,295
mne47319,Marie Louise Vester Sørensen,Deloitte,60,0,13,16,89,0,89,83,89
mne2378,Aksel Bech,Partner Revision,0,0,19,22,41,0,41,41,41
mne2892,Lars Skovbjerg Jeppesen,LJ Revision,0,0,0,53,53,0,53,53,53
mne5988,Jens Jensen,Revisions-Partner,2,0,11,7,20,0,20,20,20
mne34100,Thomas Nielsen,BDO,5,0,132,102,239,0,239,237,239
mne32206,Troels Løvschall,Powered-By Statsautoriseret Revisionspartnerselskab,1,0,36,55,92,2,90,91,92
mne17982,Henrik Svenstrup,Dansk Revision Viborg,6,0,18,39,63,0,63,63,63
mne32732,Morten Kronborg Friis,EY,114,0,8,3,131,0,131,96,125
mne34462,Ole Lynge Andersen,BDO,2,0,30,78,111,1,110,110,110
mne42244,Joachim Bardrum Munch,Ri Statsautoriseret Revisionspartnerselskab,28,1,14,93,136,2,134,133,136
mne50564,Nikolai Bundgaard Thomassen,Partner Revision,8,0,34,97,139,1,138,139,139
mne34119,Thomas Nyrup Baagøe,BDO,25,1,75,124,226,0,226,219,225
mne28663,Per Schøtt,Deloitte,58,0,76,25,159,0,159,138,159
mne48488,Ditte Jaedicke,BDO,4,0,27,36,67,0,67,67,67
mne41364,Michael Emanuel Kraul Rasmussen,KPMG,40,2,2,3,48,0,48,37,47
mne4297,Lotte Renbo Nygaard Andersen,MS Revision ApS,3,2,11,44,61,1,60,57,60
mne9795,Knud Østrup,Martinsen,7,0,1,17,25,1,24,23,25
mne6255,Hans Mougaard,Revisionsselskabet Mougaard,0,0,0,30,30,0,30,30,30
mne11396,Bjarke Kjær,Bjarke Kjær,2,0,33,146,181,0,181,181,181
mne34353,Line Borregaard,PricewaterhouseCoopers,39,0,22,18,79,0,79,64,79
mne2889,Lars Henrik Jeppesen,Revisionsfirmaet Lars Jeppesen ApS,7,0,34,308,349,0,349,349,349
mne50638,Martin Lillesø Larsen,LD&C Statsautoriseret Revisionsanpartsselskab,0,0,10,63,73,0,73,73,73
mne30221,Flemming Vang Eghoff,PricewaterhouseCoopers,170,0,78,76,324,0,324,269,324
mne11207,Michael Aalund,Revisionsfirmaet Hartvig & Aalund,12,0,1,55,68,0,68,68,68
mne47775,Thomas Hoff Andersen,BDO,20,0,34,52,106,0,106,103,106
mne33214,Henrik Sørensen,Leif Mikkelsen & Partnere,5,0,55,50,110,8,102,110,110
mne47866,Steffan Bækgaard Knudsen,Partner Revision,2,0,21,92,115,1,114,115,115
mne34539,Claus Lyngsø Sørensen,PricewaterhouseCoopers,71,0,127,0,198,0,198,170,198
mne19691,Michael Bach,Deloitte,34,0,100,59,193,0,193,180,193
mne32801,Kenneth Jørgensen,REVISION & RÅD STATSAUTORISERET REVISIONSPARTNERSELSKAB,16,0,120,129,265,1,264,261,265
mne50644,Nebojsa Stojkovic,Solveo Statsautoriseret Revisionspartnerselskab,0,0,10,20,30,0,30,30,30
mne10851,Lars Michael Storkehave,FER Fyns Erhvervsrevision,7,0,40,68,115,0,115,112,115
mne50609,Mathias Skovdahl Hansen,PricewaterhouseCoopers,22,0,0,0,26,0,26,15,22
mne16640,Henrik Bjerre,Beierholm,61,0,30,114,205,0,205,199,205
mne35406,Dan Mose Andersen,EY,19,0,1,0,20,0,20,13,20
mne27751,Mette Degn,Revisionsfirmaet Peder Holt,1,0,53,95,149,0,149,149,149
mne28824,Tonny Løbner,Kovsted & Skovgård,6,0,39,135,180,2,178,179,180
mne32171,Christian Svane Christiansen,EY,33,0,49,74,156,1,155,144,156
mne36025,Anne Albertsen-Evald,Beierholm,85,2,20,27,134,0,134,131,134
mne35833,Brian Richardt Helledie,Helledie Revision,14,0,26,146,186,1,185,186,186
mne5678,Jesper Hegaard Jensen,Hartvig & Aalund,2,0,0,30,32,0,32,32,32
mne24681,Søren Deleuran Andersen,Beierholm,52,0,26,67,145,0,145,138,145
mne29425,Christian Holm Pedersen,Martinsen,26,0,62,80,168,0,168,165,168
mne34351,Sanne Holm Kristensen,Aaen & Co.,5,0,34,112,151,0,151,151,151
mne26660,Brian Bruun Falkner,Lægers & Tandlægers Revisionskontor,0,0,0,47,47,0,47,47,47
mne16226,Sten Vedsted Kristensen,Grant Thornton,0,1,34,81,116,4,112,116,116
mne26824,Kurt Christensen,Mazars Statsautoriseret Revisionspartnerselskab,12,0,4,14,30,0,30,30,30
mne33226,Søren Ørjan Jensen,PricewaterhouseCoopers,29,0,0,0,30,0,30,13,29
mne34501,Lars Dam Østergaard,Deloitte,38,0,3,2,43,0,43,33,43
mne32084,Henrik Andersen,EY,7,0,1,4,12,0,12,9,12
mne34323,Jens Lauridsen,Deloitte,15,0,55,33,103,0,103,99,103
mne47803,Lasse Bjerregaard Pedersen,BDO,27,0,31,42,100,0,100,96,100
mne29531,Bo Skårup Sørensen,Ullits & Winther,51,0,44,86,181,0,181,174,181
mne34133,Marianne Christoffersen,Beierholm,46,0,102,180,328,1,327,317,328
mne8726,Laura Linde,JL Revisorer,7,1,9,66,83,0,83,83,83
mne46582,Murat Güler,Deloitte,4,0,6,3,13,0,13,13,13
mne33206,Tom Hedegaard-Kristensen,RSM,61,1,49,50,161,0,161,157,161
mne23254,Hans Børge Sinding Vistisen,EY,88,0,23,26,141,0,141,106,137
mne23430,Kristian Bredgaard Lassen,Deloitte,58,0,53,46,157,0,157,139,157
mne45822,Rasmus Volert Madsen,Deloitte,22,0,52,72,146,1,145,140,146
mne44143,Rasmus Grynderup Kiær Steffensen,Deloitte,206,0,0,12,218,0,218,207,218
mne48487,Dan Visti Abildgaard,Beierholm,13,0,54,108,175,0,175,173,175
mne24680,Steen Pedersen,BDO,1,0,34,17,52,0,52,52,52
mne44061,Kasper Rostgaard Munk,Roesgaard,92,0,38,75,205,1,204,186,205
mne45825,Jens René Serup,Deloitte,31,0,4,1,36,0,36,22,36
mne5758,Jørgen Randrup Thomassen,BDO,0,0,0,40,40,0,40,40,40
mne34400,Steen Ellebæk Nielsen,Ellebæk Revision godkendt revisionsanpartsselskab,15,0,22,69,106,8,98,106,106
mne33724,Claus Vium Jensen,Dansk Revision Esbjerg,11,0,23,75,109,1,108,105,109
mne16827,Poul Vigsø Bundgaard,Lemvigegnens Landboforening,1,0,0,77,78,0,78,78,78
mne10030,Per Sørensen,PricewaterhouseCoopers,1,0,0,2,3,0,3,3,3
mne23299,Ole Christian Kastberg Nielsen,BDO,56,0,15,49,120,0,120,98,120
mne29498,Dorthe Søndergaard Mikkelsen,Beierholm,1,0,0,1,2,0,2,2,2
mne24818,Hans Peter Hartzberg,Martinsen,68,1,76,302,447,2,445,447,447
mne19692,Peter Kløvborg,BDO,11,0,109,47,167,0,167,164,167
mne17379,Jens Anker Madsen,BDO,2,0,19,23,44,0,44,43,44
mne27727,Torben Toft Kristensen,PricewaterhouseCoopers,0,0,3,1,4,0,4,4,4
mne137,Ivan Huus Christensen,IHC Holding Kolding,0,0,0,4,4,0,4,4,4
mne42824,Søren Alexander,PricewaterhouseCoopers,116,0,28,60,206,2,204,176,204
mne1076,Kent Gjerløv Olesen,Dansk Revision Esbjerg,0,0,8,24,32,0,32,32,32
mne32244,Flemming Hansen,RSM,18,0,16,79,113,0,113,110,113
mne4038,Marianne Vibeke Larsen,Dansk Revision Aalborg,15,0,36,83,134,1,133,132,134
mne49051,Jesper Graakjær,JL Revisorer,3,0,33,46,83,0,83,82,82
mne8758,Jørn Mikkelsen Schmidt,Jørn m. Schmidt Statsautoriseret Revisionsanpartsselskab,20,0,17,78,115,1,114,104,115
mne27789,Søren Rudolph,Dansk Revision Odense,13,1,45,41,100,0,100,99,100
mne27779,John Andersen,Partner Revision,0,0,8,9,17,0,17,17,17
mne5614,Carsten Kvist Jensen,Kvist Revision ApS,0,0,15,88,103,0,103,103,103
mne17237,Hans Friis Børsting,Beierholm,8,0,26,40,74,0,74,73,74
mne3346,Tom Ornebjerghus Petterson,Toprevi,0,0,0,30,30,0,30,30,30
mne3007,Leif Otto Thode Christensen,Revisorgården i Odense,0,0,10,29,39,0,39,39,39
mne11349,Jess Hæstrup,ReviØst,2,0,17,56,75,0,75,75,75
mne11182,Britta Kristensen,Roesgaard,0,0,4,18,22,0,22,22,22
mne43433,Claus Møller Hansen,Revisionscentret Aabenraa,9,0,117,116,242,1,241,242,242
mne3395,Anton Schmidt,Landbrugsrådgivning Syd,0,0,0,134,134,0,134,134,134
mne42789,Henrik Konrad Hedelund,BDO,1,0,23,41,65,0,65,65,65
mne35475,Jonas Kirk Kristiansen,Beierholm,4,0,21,60,85,0,85,84,85
mne27796,Richard Hyldgaard Hansen,Beierholm,62,1,6,89,158,0,158,155,158
mne49100,Jeppe Lynggaard Kongensholm,Krøyer Pedersen Statsautoriserede Revisorer P/S,20,0,65,48,133,1,132,129,133
mne1616,Irene Madsen,Revision 2,2,0,8,27,37,0,37,37,37
mne605,Susanne Kamuk Hansen,Roesgaard,11,0,6,18,35,0,35,35,35
mne33677,Jeppe Pedersen,Baker Tilly Denmark,37,0,54,161,252,2,250,252,252
mne35809,Allan Breiling,Grant Thornton,44,0,90,49,184,4,180,174,183
mne8281,Søren Kahr,Revisionsfirmaet Søren Kahr,0,0,0,15,15,0,15,15,15
mne34299,Morten Bo Bjerregaard,Kallermann Revision,81,0,17,104,202,0,202,198,202
mne41302,Mads Madsen,BDO,33,0,60,102,197,0,197,195,195
mne26806,Lars Østergaard,Beierholm,31,0,50,73,154,1,153,150,154
mne982,Flemming Nørgaard,Nørgaard Revision,0,0,0,26,26,0,26,26,26
mne42832,Anders Nielsen,Christensen Kjærulff,60,0,77,133,270,0,270,264,270
mne33757,Søren Engelund Bærentsen,BDO,4,0,98,263,365,0,365,362,365
mne19708,Lars Kronow,Deloitte,32,0,4,1,37,0,37,25,37
mne4404,Jan Ole Edelbo,Revisionsfirmaet Edelbo,28,0,5,19,52,3,49,49,52
mne15648,Jens Elkjær-Larsen,JL Revisorer,9,1,16,55,81,3,78,78,81
mne517,Lennart Gutfelt,Revisionsfirmaet Gutfelt,2,0,39,61,102,0,102,102,102
mne49858,Helle Herbst,Redmark,17,0,25,42,84,1,83,84,84
mne49137,Michael Hansen,Revisionscentret Aabenraa,0,0,38,38,76,0,76,76,76
mne3154,Annette Bjerg Nielsen,Revisionskontoret,1,0,3,39,43,0,43,43,43
mne50652,Anders Olesen,Martinsen,12,0,92,141,245,1,244,243,245
mne11060,Lars Lindgreen,Vedbæk Revision,5,0,7,46,58,0,58,58,58
mne17313,Jan Kristensen,Martinsen,3,0,35,73,111,0,111,111,111
mne1246,Ib Rohde,Ib Rohde,25,0,36,181,242,0,242,242,242
mne11738,Jørgen Bo Stegmann,Beierholm,76,0,118,150,344,0,344,333,344
mne19709,Steen Skorstengaard,EY,37,0,5,0,43,0,43,22,42
mne43515,Kenny Dam Handberg,RSM,13,1,19,49,82,0,82,78,82
mne50605,Ricki Nevad Søgaard,REVISION & RÅD STATSAUTORISERET REVISIONSPARTNERSELSKAB,1,0,27,32,60,0,60,60,60
mne1480,Bendt Stendahl,Revisionsfirmaet Bendt Stendahl,0,0,0,30,30,0,30,30,30
mne29452,Kim Kjellberg,Grant Thornton,48,0,62,54,165,1,164,152,164
mne11036,Hans Christian Hansen,Dansk Revision Odense,5,0,45,67,117,0,117,115,117
mne10156,Jan Wilhelmsen,W. Kragh,7,0,11,50,68,0,68,68,68
mne47771,Stine Inger Pedersen,KPMG,24,0,3,1,29,0,29,17,28
mne27747,Sara Lissen Hammer,Albjerg,45,0,16,99,160,0,160,158,160
mne34469,Dennis Nymann,Advosion,33,0,32,68,133,0,133,123,133
mne3835,Leif Hansen,DSH-Revision,7,0,63,168,238,2,236,235,238
mne16913,Kenneth Barrett,Barrett revisionsanpartsselskab,8,0,12,238,258,1,257,258,258
mne34273,Anders Bærentzen,Din Revisor,0,1,44,215,260,2,258,260,260
mne34166,Claus Damhave,PricewaterhouseCoopers,89,0,20,10,120,0,120,89,119
mne31482,Thomas Rosquist Andersen,Deloitte,93,0,0,7,100,0,100,77,100
mne33285,Allan Østergaard,Partner Revision,20,0,9,14,43,1,42,41,43
mne47818,Anders Larsen,Deloitte,4,0,1,5,10,0,10,6,10
mne47835,Mikael Møller,Deloitte,25,0,0,1,26,0,26,12,26
mne30142,Torben Andersen,Registreret revisionsfirma Torben Andersen,0,0,4,31,35,0,35,35,35
mne40036,Kennet Hartmann,EY,115,0,9,3,133,0,133,104,127
mne51054,Mads Dyreborg Top,Redmark,37,0,38,18,93,1,92,90,93
mne33712,Claus Jorch Andersen,Deloitte,171,0,199,34,407,0,407,366,404
mne32063,Dorte Sørensen,Beierholm,2,11,32,111,156,0,156,156,156
mne33679,Allan Bernhard,Regnskabsfabrikanten,0,0,43,152,195,1,194,195,195
mne32201,Kim Danstrup,PricewaterhouseCoopers,47,0,0,2,49,0,49,31,49
mne29387,Claus Guldborg Nyvold,Dansk Revision Århus,8,5,18,78,109,6,103,108,109
mne32810,Jesper Strunge,MunkStrunge,0,0,70,170,240,3,237,240,240
mne51049,Anders Meyer Hansen,Martinsen,9,0,57,111,177,0,177,176,177
mne18049,Jørgen Larsen,Revisionsfirmaet Jørgen Larsen I/S,7,0,20,62,90,0,90,89,89
mne29456,Ulrik Nørskov,Buus Jensen,160,0,43,99,302,7,295,294,302
mne23370,Preben Bøgeskov Eriksen,PricewaterhouseCoopers,15,0,5,32,52,1,51,49,52
mne882,Finn Boe Nielsen,Revision Ry & Hammel,1,0,0,32,33,1,32,33,33
mne730,Tommy Karl Larsen,Revisionsfirmaet Tommy Larsen,2,0,13,133,148,1,147,148,148
mne7517,Svend Erik Rahbek,RéVision+ Statsautoriseret Revisionsanpartsselskab,0,0,6,40,46,2,44,46,46
mne46627,Jakob Dahl Jensen,Beierholm,26,0,110,127,263,0,263,260,263
mne35629,Michael Kurup Andersen,BDO,11,0,42,94,147,0,147,146,147
mne40030,Jan Krarup Mortensen,EY,36,0,24,1,62,0,62,53,61
mne19734,Ove Morten Ovesen,BDO,2,0,19,5,26,0,26,26,26
mne11706,Peter Nørrevang,Deloitte,35,0,23,10,68,0,68,65,68
mne26779,Anja Bjørnholt Lüthcke,KPMG,18,0,0,0,20,0,20,9,18
mne12365,Charlotte Schmidt,Schmidt Revision,2,1,9,74,86,0,86,86,86
mne16256,Laila Charlotte Hansen,REVISION & RÅD STATSAUTORISERET REVISIONSPARTNERSELSKAB,2,0,20,73,95,0,95,95,95
mne8942,Palle Søby,Søby Revisorer,4,0,31,55,90,0,90,90,90
mne10822,Allan Søborg Olsen,Deloitte,0,0,1,0,1,0,1,1,1
mne31407,Thomas Andersen,Beierholm,14,0,46,45,105,1,104,100,105
mne23327,Leif Ulbæk Jensen,PricewaterhouseCoopers,82,0,12,16,112,0,112,71,110
mne1025,Peter Dalsgaard Jørgensen,Dansk Revision Odense,16,0,63,97,176,0,176,176,176
mne47814,Thomas Bernth Jensen,PricewaterhouseCoopers,24,0,0,5,29,0,29,25,29
mne10798,Søren Nielsen,Addere Revision,151,0,5,9,165,1,164,156,165
mne33205,Klaus Rytz,KPMG,81,7,27,20,135,2,133,103,135
mne35456,Henrik West Rohden Pedersen,EY,57,0,28,1,98,0,98,64,86
mne50619,Michael Vestergaard Jensen,Beierholm,47,0,115,66,228,1,227,219,228
mne855,Jørgen Knudsen,PricewaterhouseCoopers,0,0,0,3,3,0,3,3,3
mne11809,Poul Møller,Landbrugsrådgivning Syd,0,0,0,20,20,0,20,20,20
mne48486,Allan Nørgaard Bergstedt,BDO,5,0,33,47,85,0,85,82,85
mne11697,Mona Blønd,EY,12,0,0,0,12,0,12,7,12
mne34493,Henrik Nordentoft Jensen,Grant Thornton,12,1,47,69,129,2,127,123,129
mne11675,Sten Peters,Powered-By Statsautoriseret Revisionspartnerselskab,9,0,42,76,127,8,119,125,127
mne19736,Kim Dalgaard,BDO,14,0,15,32,61,0,61,61,61
mne12478,Laila Olsen,Roesgaard,19,0,58,44,121,11,110,121,121
mne28607,Carsten Andreas Paulsen,Revision- og Regnskabskontoret,10,0,20,68,98,0,98,97,98
mne16532,Uffe Stengaard Veigert,Revision 2,10,0,11,45,66,0,66,66,66
mne18311,Alice Fyhn Kjær,Sagro,0,0,72,38,110,1,109,110,110
mne4043,Niels Walther Larsen,Sønderup & Partnere,2,0,24,24,50,0,50,49,50
mne47883,Nikolaj Wommelsdorff Leimand,BDO,14,1,7,24,46,0,46,44,46
mne35434,Kim Ulrik Buus Mogensen,RSM,3,0,45,128,176,1,175,176,176
mne29438,Morten Egholm Alsted,Beierholm,60,4,25,54,143,0,143,139,143
mne45826,Thomas Simoni,Deloitte,13,0,3,0,16,0,16,13,16
mne34117,Martin Bomholtz,Grant Thornton,47,0,53,73,173,3,170,162,173
mne31367,Jesper Steensbjerre,BDO,40,0,65,81,186,3,183,172,186
mne35394,Michael Bæk Pedersen,BDO,1,0,65,132,199,0,199,198,198
mne5318,Jørgen Gilling,Revisionsfirmaet Jørgen Gilling,1,0,0,67,68,0,68,68,68
mne6143,Jan Heesgaard,Blicher Revision & Rådgivning,14,0,5,23,42,0,42,42,42
mne34157,Henrik Berring Rasmussen,PricewaterhouseCoopers,82,0,25,25,134,0,134,101,132
mne537,Erik Guldbrandt Henningsen,Beierholm,15,0,20,37,72,0,72,70,72
mne47816,Morten Dyrholm Lykkeskov Porup,PricewaterhouseCoopers,15,0,57,100,172,1,171,170,172
mne34132,Søren Jensen,EY,19,0,4,0,26,0,26,16,23
mne2377,Niels Bebe,velas I/S,0,0,0,7,7,0,7,7,7
mne47801,Lica Lyngsø Møller,Deloitte,7,0,0,0,7,0,7,4,7
mne34503,Poul Peter Petersen,PricewaterhouseCoopers,3,0,0,0,3,0,3,3,3
mne35472,Jette Agerholm Pedersen,Beierholm,1,0,3,21,25,0,25,24,25
mne34266,Martin Husted,Revisionshuset Tal & Tanker,0,5,0,143,148,15,133,148,148
mne5627,Kim Helding Jacobsen,Revisionsfirmaet Kim Jacobsen,1,0,6,53,60,1,59,60,60
mne49840,Michael Benta-Albertsen,BDO,0,0,31,39,70,0,70,70,70
mne35793,Jacob Wetke Kronborg,Revisorhuset,0,0,20,56,76,1,75,76,76
mne32208,Lars Siggaard Hansen,Deloitte,15,0,0,0,16,0,16,1,15
mne42818,Henrik Juul Junker,PricewaterhouseCoopers,17,0,22,47,86,1,85,82,86
mne92,Michael Bagner,Kovsted & Skovgård,0,0,0,83,83,0,83,83,83
mne27707,Henning Wiese,BDO,50,0,105,125,281,1,280,276,280
mne6161,Jens Max Haugbyrd,Grant Thornton,6,2,8,14,30,0,30,30,30
mne5505,Henrik Kudsk Andreasen,Nyborg Erhvervsrevision,4,0,25,109,138,0,138,138,138
mne8845,Torben Aunbøl,BDO,9,3,85,58,155,0,155,154,155
mne11905,Jens Amstrup,Redmark,20,0,31,16,67,0,67,63,67
mne11724,Ole Bjørn Andersen,Pandrup Revision,0,0,0,11,11,0,11,11,11
mne29385,Søren Knudsen,Krøyer Pedersen Statsautoriserede Revisorer P/S,38,0,40,61,139,0,139,128,139
mne47766,Anders Nybo Pedersen,TJEK Revision & Rådgivning,14,0,51,94,159,0,159,157,159
mne35412,Kristian Pedersen,PricewaterhouseCoopers,31,0,13,1,46,0,46,36,45
mne18011,Steen Michael Laursen,Revision 2,0,0,72,84,156,1,155,156,156
mne8311,Mogens Kibsgaard,Mogens Kibsgaard. Statsautoriseretrevisionsanpartsselskab,14,0,10,14,38,0,38,37,38
mne21558,Søren Lindholm Mikkelsen,Beierholm,0,0,0,75,75,0,75,75,75
mne3020,Henning Jørgensen,Revisionscentret 5R Esbjerg,1,0,35,112,148,2,146,148,148
mne10998,Lisbeth Stenholt,Revisionsfirmaet Lars Olsen,0,0,8,28,36,0,36,36,36
mne4453,Jens Martin Engbjerg,Regnskabsfirmaet Martin Engbjerg ApS,0,0,0,20,20,0,20,20,20
mne16482,Orla Møller Kristensen,Revisionsfirmaet Lars Olsen,1,0,30,47,78,0,78,78,78
mne3043,Jørn Viggo Jørgensen,PricewaterhouseCoopers,11,0,8,18,37,0,37,35,37
mne10738,John Blendstrup,Nordisk Revision Godkendt Revisionsanpartsselskab,0,0,19,61,80,0,80,80,80
mne7644,Kaj Jacobsen Refslund,Patriotisk Selskab,3,0,8,44,55,0,55,55,55
mne32730,Anders Hübertz Mortensen,Redmark,74,0,40,39,153,1,152,142,153
mne33311,Brian Hansen,Christensen Kjærulff,30,0,25,71,126,1,125,122,126
mne47781,Niklas Rosenmaier Filipsen,KPMG,17,4,1,8,30,0,30,23,30
mne32085,Lone Nørgaard Eskildsen,EY,19,0,0,0,23,0,23,11,19
mne23296,Thomas Skinbjerg,Beierholm,27,17,20,42,106,2,104,101,106
mne45104,Martin Hansen,Inforevision,25,0,8,13,46,0,46,43,46
mne1041,Keld Dupont,Dupont Revision & Rådgivning,0,0,0,11,11,0,11,11,11
mne2587,Ole Guldbæk Dahl,Revisionsfirmaet Ole Dahl,0,0,0,30,30,0,30,30,30
mne45864,Simon Boye Andersen,Beierholm,49,2,61,279,391,4,387,387,391
mne4326,Gert Overgaard Ovesen,Revisionsfirmaet Gert Ovesen,0,1,0,18,19,0,19,19,19
mne32101,Rene Meilandt Mortensen,Partner Revision,60,0,100,139,299,4,295,299,299
mne5675,Arne Mørch Jakobsen,Martinsen,0,0,38,69,107,0,107,107,107
mne34459,Mikkel Trabjerg Knudsen,KPMG,36,1,15,17,69,1,68,49,69
mne16515,Lars Berg Rasmussen,RéVision+ Statsautoriseret Revisionsanpartsselskab,3,1,13,76,93,0,93,93,93
mne34161,Rasmus Mellergaard Stenskrog,PricewaterhouseCoopers,30,0,66,66,162,0,162,150,162
mne5602,Kim Busk Nørgaard,Agillix Fmba,0,0,0,30,30,0,30,30,30
mne11306,Hans Peter Berg,Revisionsfirmaet Peter Berg,6,0,24,40,70,0,70,70,70
mne48507,Jens Schnack-Petersen,RSM,48,0,45,125,218,1,217,216,218
mne23319,Michael Vejgaard Hansen,Beierholm,29,1,67,163,260,0,260,258,260
mne26718,René Otto Poulsen,PricewaterhouseCoopers,140,0,14,6,175,0,175,142,160
mne49080,Jamal Oliver Naveed Janjooa,Crowe,18,1,18,61,98,1,97,98,98
mne45820,Tommy Myllerup Schmidt,BDO,2,0,33,68,103,1,102,101,103
mne10659,Ellen Marie Vestergaard,EMV,0,0,0,21,21,0,21,21,21
mne18628,Jacob Fromm Christiansen,PricewaterhouseCoopers,111,0,24,29,165,0,165,124,164
mne270,Svend Lykke Bohnsen,Blicher Revision & Rådgivning,0,0,12,107,119,0,119,119,119
mne10288,John Kej Hansen,Beierholm,0,0,0,40,40,0,40,40,40
mne34464,Bjarne Hansen,Revisorhuset Hinnerup,1,1,58,137,197,1,196,197,197
mne46640,André Aalykke Jørgensen,Status Revision,3,0,34,110,147,2,145,147,147
mne2276,Finn Due Rasmussen,velas I/S,0,0,23,40,63,0,63,63,63
mne47765,Henrik Carstensen,EY,15,0,4,3,23,0,23,20,22
mne16306,Karen Helle Østergaard Jensen,TJEK Revision & Rådgivning,1,0,7,38,46,1,45,46,46
mne47790,Peter Leth Keller,Buus Jensen,13,2,29,42,86,11,75,86,86
mne33766,Morten Jarlund,Robæk,5,0,24,72,101,0,101,101,101
mne2272,Niels Peder Aalund,BDO,10,0,5,28,43,0,43,42,43
mne46611,Jonas Lund Jacobsen,BDO,6,0,3,1,10,0,10,10,10
mne11629,Ulrich Kaare von Cappeln,PricewaterhouseCoopers,38,0,14,1,53,0,53,28,53
mne15013,Kurt Lægaard,Lægård Revision,42,3,153,358,556,13,543,550,556
mne49841,Anders Bramming Vestergaard,Martinsen,9,1,54,107,171,0,171,169,171
mne42822,Anders Skøtt,BDO,60,0,46,49,155,1,154,149,155
mne5971,Holger Jeppesen,Nordjysk Revision HJ,0,0,0,10,10,0,10,10,10
mne21424,Svend Skaarup Sand,Beierholm,31,0,66,133,230,0,230,225,230
mne42896,Lasse Rosenborg Petersen,Beierholm,69,0,42,59,170,0,170,153,170
mne30203,Jan Østergaard,Haamann Statsautoriseret Revisionspartnerselskab,21,1,10,63,95,0,95,91,95
mne42785,Michaela Beeck,BDO,8,0,11,17,36,0,36,34,36
mne49133,Bjørn Nielsen,PJ Revision Statsautoriseret Revisionsanpartsselskab,7,0,23,329,359,0,359,359,359
mne33819,Kaare Kristensen Lendorf,EY,491,0,113,8,614,0,614,604,612
mne2562,Tommy Knudsen,Vestjysk Landboforening,0,0,0,48,48,0,48,48,48
mne23451,Claus Carlsen,Grant Thornton,93,6,235,208,542,7,535,535,542
mne32069,Søren Søndergaard Jensen,BDO,45,0,43,17,106,0,106,96,105
mne7645,Svend Erik Westh Rasmussen,velas I/S,0,1,12,17,30,0,30,30,30
mne35389,Lasse Østergaard Toft,BDO,33,0,69,48,150,1,149,137,150
mne42791,Morten Weinreich Larsen,EY,17,0,13,3,34,0,34,25,33
mne46625,Christina Smærup Hove,RSM,0,0,12,55,67,0,67,67,67
mne1366,Leif Aasten,RevisionsHuset Viborg v/Leif Aasten,0,0,0,20,20,0,20,20,20
mne34082,Thomas Olesen,CURA Revision,0,0,14,100,114,0,114,114,114
mne11183,Mary Elsebeth Hansen,Sagro,0,0,0,2,2,0,2,2,2
mne32173,Glenn Hartmann,Beierholm,27,0,107,114,248,1,247,242,248
mne29388,Jesper Nørrelund Bentzen,Beierholm,12,0,23,124,159,0,159,159,159
mne35442,Henrik Yoouphasook Jensen,KPMG,104,0,19,3,126,0,126,103,126
mne35419,Henrik Tranberg Madsen,EY,10,0,7,13,31,0,31,25,30
mne34475,Helle Medom Jensen,Partner Revision,4,0,29,46,79,0,79,79,79
mne11122,Arne Lauritsen,Beierholm,0,0,1,45,46,0,46,46,46
mne18514,Karsten Bøgelund Pedersen,Dansk Revision Slagelse,1,0,6,21,28,1,27,28,28
mne52080,Sebastian Pedersen,Dansk Revision Århus,2,0,8,9,19,2,17,19,19
mne15942,Gert Kjeld Andersen,Revisorhuset,0,0,26,83,109,0,109,109,109
mne15281,Ole Hagen Pedersen,Dansk Revision Esbjerg,2,0,65,123,191,0,191,190,190
mne48485,Louise Egebæk Greve,EY,17,0,6,44,70,0,70,65,67
mne45910,Mette Elmann Johansen,Beierholm,25,0,58,127,210,0,210,210,210
mne433,Erik Strunge Holm,Søby Revisorer,0,0,0,17,17,0,17,17,17
mne31406,Michel Kenneth Hansen,Kreston CM,51,0,78,237,366,0,366,363,366
mne17458,Erling Thomsen,Revision 1,0,0,0,61,61,0,61,61,61
mne15974,Heine Johansen,Grant Thornton,0,0,32,55,87,0,87,87,87
mne48481,Emil Damgaard Madsen,LD&C Statsautoriseret Revisionsanpartsselskab,0,0,8,20,28,0,28,28,28
mne727,Erling Jensen Lund,Revisionsfirmaet Hanne og Erling Lund,2,0,8,43,53,0,53,53,53
mne51057,Frederik Kjeldgaard,PricewaterhouseCoopers,8,0,0,0,8,0,8,8,8
mne34094,Sune Bacher,Revision og Rådgivningsgruppen,40,0,24,125,189,1,188,189,189
mne32794,Michael Beuchert,Grant Thornton,81,4,215,91,397,26,371,361,391
mne29384,Poul Johannessen,ARIES,25,0,23,53,101,0,101,100,101
mne26777,Poul Skovgaard,Deloitte,10,1,65,42,118,0,118,115,118
mne24830,Henrik Reedtz Petersen,EY,211,0,1,13,225,0,225,218,225
mne51513,Markus Skøtt Clausen,Martinsen,1,0,19,20,40,0,40,40,40
mne33687,Claus Christensen,PricewaterhouseCoopers,23,0,3,9,35,0,35,24,35
mne17625,Palle Høj,Vestjysk Landboforening,0,0,0,89,89,0,89,89,89
mne47884,Christian Fjordvald Mikkelsen,BDO,0,0,46,34,86,1,85,80,80
mne34485,Christian Øster Hjortshøj,Sønderup Godkendt Revisionsaktieselskab,32,3,97,202,334,1,333,327,334
mne45831,Daniel Warming Mogensen,PricewaterhouseCoopers,4,0,13,56,73,0,73,73,73
mne35855,Erkan Basoda,Danica,3,0,38,444,485,0,485,485,485
mne43513,Jannie Skovbo Madsen,Deloitte,4,0,10,18,32,0,32,32,32
mne33228,Michael Groth Funck Hansen,PricewaterhouseCoopers,21,0,0,0,22,0,22,6,21
mne25301,Annemette Bisgaard Olesen,REVIFJORD Godkendt Revisionspartnerselskab,0,0,3,52,55,0,55,55,55
mne18510,Jesper Smedegaard Larsen,BDO,5,0,15,4,24,0,24,20,24
mne30140,Claus Koskelin,Grant Thornton,57,4,256,207,524,38,486,503,524
mne15682,Claus Gottlieb Skoda,RéVision+ Statsautoriseret Revisionsanpartsselskab,0,0,0,7,7,0,7,7,7
mne34279,Villy Rabe Bech Mousten,Aros,5,0,64,138,207,0,207,207,207
mne31427,Jesper Hartmann Olesen,Beierholm,20,1,123,100,244,0,244,236,244
mne28702,Kristian Stenholm Koch,Ri Statsautoriseret Revisionspartnerselskab,12,0,7,16,35,1,34,35,35
mne34160,Rune Kjeldsen,PricewaterhouseCoopers,10,0,1,0,11,0,11,3,11
mne2521,Søren Holst,Sagro,0,0,0,2,2,0,2,2,2
mne6159,Kurt Kjær Madsen,PT af 27. juli 2004,1,0,5,26,32,0,32,32,32
mne49056,Marc Lennart Kongerslev,BDO,6,0,15,40,61,0,61,59,61
mne42782,Winnie Gaarsdal Nielsen,Søhøjlandets revision,0,0,12,48,60,0,60,60,60
mne40049,Jacob Tækker Nørgaard,Deloitte,39,0,6,7,52,0,52,33,52
mne29495,Jesper Pedersen,Rödl & Partner Danmark,28,0,6,28,62,0,62,62,62
mne11651,Torben Laurentz Wiberg,Christensen Kjærulff,48,0,84,30,162,0,162,151,162
mne49072,Christian Holdensen,BDO,0,0,6,13,19,0,19,19,19
mne11407,Carsten Østergaard,BDO,0,0,0,40,40,0,40,40,40
mne34080,Morten Alsted,Beierholm,122,1,38,81,242,2,240,235,242
mne34532,Niels Skannerup Vendelbo,Deloitte,15,0,1,0,16,0,16,4,16
mne11121,Birthe Nielsen,Agillix Fmba,0,0,0,3,3,0,3,3,3
mne35432,Morten Clement Skov,Beierholm,104,1,54,126,285,0,285,279,285
mne42786,Martin Stenstrup Toft,PricewaterhouseCoopers,23,0,20,45,88,0,88,88,88
mne12580,Hanne Helene Hergaard Henningsen,I.H. Revision v/ Hanne Henningsen,0,0,0,19,19,0,19,19,19
mne27729,Marianne Møllegaard Christoffersen,Deloitte,18,0,9,0,28,0,28,19,27
mne47777,Tony Ahle Mouridsen,Beierholm,27,4,96,155,282,4,278,273,282
mne33680,Christian Brasholt Larsen,BDO,13,0,44,60,117,0,117,111,117
mne30153,Brian Rasmussen,Grant Thornton,17,0,17,15,49,2,47,40,49
mne25346,Leif Tomasson,Martinsen,185,1,5,52,244,0,244,238,243
mne50621,Martin Fruergaard Knudsen,Baker Tilly Denmark,1,0,20,19,40,0,40,40,40
mne52070,Jens Erik Tougård Elbæk,Martinsen,5,0,33,50,88,0,88,88,88
mne50627,Jacob Vejdiksen,Rønne Revision,5,0,25,34,64,0,64,64,64
mne2645,Frank Kloster Eliasson,Greve Strands Revision,1,0,3,55,59,0,59,59,59
mne27865,Morten Kristoffer Nielsen,Beierholm,22,1,51,38,112,0,112,111,112
mne1516,Hans Christian Christensen,Revisionscentret Aabenraa,1,0,0,3,4,0,4,4,4
mne33750,Jacob Hjort,Kreston CM,53,0,65,85,203,5,198,196,203
mne32127,Bjørn Winkler Jakobsen,Deloitte,92,0,22,19,133,0,133,84,133
mne45821,Gösta Luis Gauffin,PricewaterhouseCoopers,5,0,9,5,19,0,19,17,19
mne3300,Vilhelm Krejberg Pedersen,Revisionsfirmaet Lars Olsen,0,0,7,16,23,0,23,23,23
mne17120,Henrik Aslund Pedersen,PricewaterhouseCoopers,177,0,99,143,419,0,419,389,419
mne29499,Søren Vestergaard Pedersen,Beierholm,2,0,17,13,32,0,32,32,32
mne18520,Søren Lassen,Deloitte,13,0,38,13,64,0,64,60,64
mne48472,Pia Bidstrup Larsen,BDO,5,0,27,50,82,0,82,81,82
mne46584,Jerrik Olsen,PricewaterhouseCoopers,6,0,25,40,71,0,71,71,71
mne15657,Morten Keld Fuder Andersen,MA Revision v/Morten Andersen,0,0,0,20,20,0,20,20,20
mne51499,Mathias Kock,RSM,0,0,5,31,36,0,36,36,36
mne2389,Vagn Bech,Lemvigegnens Landboforening,0,0,18,25,43,0,43,43,43
mne28677,Thomas Bruun Kofoed,EY,48,0,0,0,51,0,51,30,48
mne51501,Johan Skjødt Christensen,Redmark,5,0,21,43,69,1,68,69,69
mne387,Michael Fræmohs,Revisionsfirmaet Michael Fræmohs,0,0,0,16,16,0,16,16,16
mne49075,Mette Guldmann,Beierholm,1,0,15,30,46,1,45,46,46
mne45823,Chris Middelhede,Deloitte,86,0,46,10,142,0,142,134,142
mne3086,Anne-Marie Cilleborg,Revisionsfirmaet Peder Albertsen,5,0,1,16,22,0,22,22,22
mne35501,Allan Nørgaard,EY,41,0,23,4,71,0,71,47,68
mne1832,Poul Jensen Møller,Møller & Co.,0,0,0,18,18,6,12,18,18
mne52078,Michael Christiansen,Redmark,27,0,19,26,72,0,72,71,72
mne11288,Nils Rasmussen,Patriotisk Selskab,0,0,0,4,4,0,4,4,4
mne34129,Kristian Klarholt Jensen,Buus Jensen,13,0,2,10,25,1,24,25,25
mne35428,Mads Fauerskov,Deloitte,50,0,15,3,68,1,67,47,68
mne2511,Klaus Hjort-Enemark,Beierholm,0,0,0,65,65,0,65,65,65
mne9459,Jan Poul Crilles Tønnesen,Grant Thornton,43,0,98,122,263,3,260,251,263
mne52103,Lukasz Dawid Nidental,PricewaterhouseCoopers,1,0,1,25,27,0,27,27,27
mne34079,Thomas Rechter Thomsen,Beierholm,134,33,13,86,266,0,266,254,266
mne27758,Klaus Grønbæk Jakobsen,BDO,3,0,0,0,3,0,3,3,3
mne50563,Frederik Søndergaard Kjelkvist,Beierholm,9,0,53,65,127,0,127,127,127
mne26911,Leo Kjeldsmark,Addere Revision,12,0,20,63,95,0,95,95,95
mne34473,Chris Winther Bjørholm Dyhr,Martinsen,90,0,17,36,143,0,143,140,143
mne8315,Henning Daniel Hoppe,Agillix Fmba,0,0,0,36,36,0,36,36,36
mne35449,Martin Brinch Therkelsen,Revisionshuset Tal & Tanker,9,0,75,70,154,10,144,154,154
mne46588,Mads Olesen Klausen,EY,14,0,26,39,79,0,79,78,79
mne40021,Peter Damsted Rasmussen,BDO,9,0,1,19,29,0,29,29,29
mne50618,Jesper Dalsgaard Jørgensen,Dansk Revision Odense,1,0,15,52,68,0,68,68,68
mne41287,Peter Aagesen,Baker Tilly Denmark,44,0,152,180,376,2,374,371,376
mne10962,Jette Lund,Valsgård Revision,0,0,0,17,17,0,17,17,17
mne7033,Hanne Tønnesen Godskesen,Roesgaard,9,0,9,17,35,0,35,35,35
mne32182,Morten Stener,Beierholm,143,0,24,59,226,0,226,215,226
mne46632,Jacob Dahl Allentoft,Beierholm,5,0,34,56,95,0,95,95,95
mne28638,Jan Bøllingtoft Asmussen,Haamann Statsautoriseret Revisionspartnerselskab,14,0,30,97,141,1,140,140,141
mne50628,Eva Lynge Nielsen,Addere Revision,23,0,10,93,126,0,126,126,126
mne45828,Kasper Olesen,PricewaterhouseCoopers,0,0,123,0,123,0,123,123,123
mne35806,Nikolaj Erik Johnsen,Deloitte,12,0,14,23,49,1,48,46,49
mne9713,Peder Boris Pedersen,Deloitte,0,0,1,0,1,0,1,1,1
mne32822,Lars Danmark Baadsgaard Bruun,Talmennesker,2,0,17,69,88,0,88,88,88
mne32798,Johny Jensen,Redmark,44,0,7,10,61,0,61,54,61
mne50676,Lone Dalsgaard,PricewaterhouseCoopers,0,0,192,0,192,0,192,192,192
mne21329,Brian Majlund,Martinsen,1,0,0,1,2,0,2,2,2
mne4334,Jørgen Eluf Paulsen,Anker Høst,0,0,0,8,8,0,8,8,8
mne51510,Mads Daugbjerg Villadsen,Beierholm,4,0,19,16,39,0,39,39,39
mne9251,Bjarne Engbjerg-Pedersen,Bjarne Engbjerg-Pedersen,0,0,0,20,20,0,20,20,20
mne32789,Niels Høj Nygaard,Powered-By Statsautoriseret Revisionspartnerselskab,0,0,12,25,37,2,35,37,37
mne10043,Peter Falk Djernes,Nordmors Revision v/Peter Djernes,10,0,4,55,69,0,69,69,69
mne9977,Karl Jürgen Matzen,Dansk Revision Sønderborg,0,0,0,14,14,0,14,14,14
mne26731,Kurt Holm Hansen,Holm Hansen Statsautoriseret Revisionspartnerselskab,6,0,0,2,8,0,8,8,8
mne21337,Birgit Morville Schrøder,EY,16,0,10,1,34,0,34,17,27
mne44112,Kristian Højgaard Carlsen,PricewaterhouseCoopers,82,0,7,11,101,0,101,78,100
mne6185,Hans Kristian Markussen,Vestjysk Landboforening,0,0,0,20,20,0,20,20,20
mne34366,Kasper Elkjær Nielsen,PricewaterhouseCoopers,18,0,8,6,32,0,32,32,32
mne35812,Joan Pedersen,Revisionshuset Tal & Tanker,2,0,21,60,83,1,82,83,83
mne7110,Erik Bendtsen,BDO,2,0,0,0,2,0,2,2,2
mne44067,Maria Højborg,BDO,0,0,26,25,51,0,51,51,51
mne33251,Kim Tromholt,PricewaterhouseCoopers,11,0,0,0,12,0,12,4,11
mne12355,Ivan Refsgaard Jensen,Revision Horsens,0,0,0,50,50,1,49,50,50
mne15018,Anders Bisgaard,Beierholm,13,2,5,4,24,0,24,19,24
mne23492,Peter Steffen Schnedler Clausen,Christensen Kjærulff,40,0,0,40,80,0,80,79,80
mne32271,Martin Melchior Eiler,KPMG,45,0,5,0,52,0,52,23,50
mne10726,Leon Pinholt,LP Revision & rådgivning,1,0,0,8,9,0,9,9,9
mne12805,Kim Bay,Bays Revisionskontor,4,0,60,452,516,0,516,515,516
mne32052,Jesper Kirk,Revirk Rådgivning Statsautoriseret revisionsfirma,0,0,0,40,40,0,40,40,40
mne30141,Thomas Wraae Holm,PricewaterhouseCoopers,127,0,2,4,136,0,136,108,133
mne30222,Thyge Belter,PricewaterhouseCoopers,23,0,1,5,29,0,29,17,29
mne45858,Daniel Castiblanco Jakobsen,Inforevision,2,0,0,23,25,0,25,24,25
mne4452,Per Dyg,Beierholm,1,0,0,0,1,0,1,1,1
mne50606,Anders Maigaard Wraae Paulsen,BDO,0,0,9,20,29,0,29,29,29
mne33245,Lars Vagner Hansen,PricewaterhouseCoopers,49,0,98,83,230,2,228,224,230
mne12451,Lars Henrik Gotfredsen,Revisorgruppen v/Eva Kristensen og Lars Gotfredsen,14,1,25,106,146,14,132,146,146
mne33313,Christian Hansen,Baker Tilly Denmark,5,0,63,66,134,0,134,134,134
mne15094,Henrik Skriver Lykke,PricewaterhouseCoopers,7,0,9,14,30,0,30,28,30
mne24730,Christian Dalmose Pedersen,Deloitte,45,1,13,14,73,1,72,71,73
mne11019,Richard Laursen Christensen,CR Revison,0,0,0,20,20,0,20,20,20
mne33726,Brian Rønne Nielsen,PricewaterhouseCoopers,74,1,73,213,361,1,360,356,361
mne15683,Mads Michael Nielsen,Revisionsanpartsselskabet Jens Carl Nielsen,0,0,6,37,43,0,43,43,43
mne12414,Anette Overgaard Schmidt,Agillix Fmba,0,0,0,38,38,0,38,38,38
mne51056,Anders Vind,Beierholm,7,1,10,47,65,2,63,65,65
mne3106,Henrik Brünings,BDO,2,0,8,8,18,0,18,18,18
mne16553,Henrik Hougaard,Redmark,0,0,3,13,16,0,16,16,16
mne7943,Jan Guldager Rundstrøm,Leif Mikkelsen & Partnere,1,0,36,59,96,2,94,96,96
mne31520,Katja Møller Petersen,Nexø Revision A/S,0,0,15,95,110,0,110,110,110
mne19689,Torben Skov,Beierholm,28,0,104,83,215,1,214,211,215
mne32071,Carsten Ingemann Johansen,Grant Thornton,42,0,237,108,387,20,367,377,387
mne34295,Michael Thorngreen Markussen,Buus Jensen,70,4,29,91,194,3,191,190,194
mne41316,Jakob Aarestrup Bang,BDO,4,0,28,61,93,0,93,93,93
mne50641,Camilla Blegholm Hansen,PricewaterhouseCoopers,0,0,6,13,19,0,19,19,19
mne19760,Hans Christian Grube,Christensen Kjærulff,30,0,30,45,105,3,102,105,105
mne680,Jesper Thorup Nielsen,Redmark,1,0,44,58,103,0,103,103,103
mne24746,Jim Laursen,"JHL Revision, Esbjerg",0,0,48,106,154,1,153,154,154
mne1137,Jens Peter Mougaard,Revisionsselskabet Mougaard,0,0,0,4,4,0,4,4,4
mne418,Kurt Helweg Hundebøll,ECO Revision,0,0,0,94,94,0,94,94,94
mne17145,Kim Hald Schütt,Optimal Revision,27,1,117,337,482,1,481,482,482
mne8900,Esbern Vendelbo Andersen,Vendelbo,0,0,20,56,76,2,74,76,76
mne34465,Martin Bech Østergaard Jensen,Kvalitetsrevision,27,0,156,352,535,5,530,533,535
mne34326,Anders Søding Paulsen,Beierholm,18,1,120,191,330,0,330,324,330
mne16828,Ivan Bæk Andersen,Bæk Revision,0,0,1,39,40,0,40,40,40
mne51515,Nikolaj Ilsøe Jensen,BDO,0,0,0,53,54,2,52,53,53
mne2542,Benny Strømberg Klitbo,Multi Revision Ballerup,0,0,0,36,36,0,36,36,36
mne34110,Michael Sig,EY,20,0,2,1,23,0,23,19,23
mne33747,Henrik Wolff Mikkelsen,Deloitte,61,0,33,14,111,1,110,88,108
mne959,Kjeld Linnebjerg,Kjeld Linnebjerg Registreret Revisionsanpartsselskab,0,0,0,26,26,0,26,26,26
mne6314,Marianne Lise Mikkelsen,PM Revision,0,0,1,45,46,0,46,46,46
mne36193,Henrik Kjær Andersen,EY,20,0,38,32,90,0,90,89,90
mne46619,Chresta Egeberg Salling,Grant Thornton,5,0,31,141,177,12,165,177,177
mne40035,Martin Bøgsted,EY,0,0,12,28,40,0,40,40,40
mne40762,Rasmus Emil Dehn Larsen,Addere Revision,62,0,61,169,292,2,290,282,292
mne46583,Søren Albrechtsen,Revisionsfirmaet Albrechtsen,8,0,9,110,127,0,127,127,127
mne52086,Lina Margrethe Bunk,Beierholm,0,0,2,4,6,0,6,6,6
mne51483,Marcus Rathje,Deloitte,5,0,3,2,10,0,10,10,10
mne2505,Knud Erik Hjøllund,Partner Revision,6,0,19,54,79,0,79,78,79
mne23331,Lars Baungaard,PricewaterhouseCoopers,15,0,0,0,16,0,16,0,15
mne2574,Erik Krab Koed,K2 TOP Registreret Revisionsanpartsselskab,0,0,0,8,8,0,8,8,8
mne29445,Johnny Bækholm,Beierholm,6,0,51,74,131,0,131,131,131
mne48484,Monica Häckert Raavig,Mazars Statsautoriseret Revisionspartnerselskab,24,0,5,2,33,0,33,25,31
mne35422,Thomas Stubberup Kallehauge,EY,2,0,18,24,44,0,44,44,44
mne50738,Kasper Ladekjær,PricewaterhouseCoopers,0,0,10,89,99,0,99,99,99
mne27790,Flemming Larsen,Deloitte,52,0,5,0,57,0,57,35,57
mne35797,Mads Gerzymisch Lutz Jørgensen,Revision København Godkendt Revisionspartnerselskab,18,0,52,168,238,0,238,237,238
mne17140,Bjarne Ringgaard,RSM,0,0,1,52,53,0,53,53,53
mne34341,Christine Tveteraas,PricewaterhouseCoopers,16,0,5,1,23,0,23,18,22
mne10049,Ole Tønning Tønnesen,Statsautoriseret revisor Ole Tønnesen,10,0,0,17,27,0,27,27,27
mne10902,Flemming Tost,Revisioncentret Tønder/Skærbæk,2,0,1,3,6,0,6,6,6
mne26746,Kirsten Qvist Kiil-Nielsen,Deloitte,0,0,13,1,14,0,14,14,14
mne17363,Carsten Lindegård Thomsen,Revision og Rådgivningsgruppen,12,0,80,173,265,1,264,263,265
mne29486,Jannie Meidahl Hansen,Jørn m. Schmidt Statsautoriseret Revisionsanpartsselskab,0,0,7,23,30,0,30,30,30
mne47820,Joachim Filtenborg Flyman,Revision 360 Statsautoriseret Revisionsinteressentskab,16,0,15,26,57,0,57,57,57
mne3464,Gert Skjønnemand,"RevisionPlus, Grindsted",9,0,2,21,32,0,32,32,32
mne23136,Charlotte Elwain,Kerteminde Revision v/Charlotte Elwain,0,0,0,28,28,0,28,28,28
mne29479,Lars Strange Hansen,Beierholm,26,0,115,125,266,0,266,262,266
mne4089,Linda Skovgaard Lauritsen,Revisorhuset Hinnerup,0,0,0,11,11,0,11,11,11
mne34087,Per Jensen,Revisionshuset Tal & Tanker,12,1,64,76,153,11,142,152,153
mne29417,Kim Møller Nielsen,Beierholm,140,9,26,67,242,0,242,236,242
mne33742,Henrik Møller Engblom Danmark,Revision Sjælland,24,0,43,140,207,0,207,207,207
mne33775,Anders Jos Ilsøe,"Verum Cura, Godkendt Revisionsanpartsselskab",24,0,73,162,259,3,256,259,259
mne4338,Yvonne Kjeldal Pauly,Beierholm,19,2,11,55,88,0,88,86,87
mne44119,Henrik Meng Funch,Baker Tilly Denmark,2,0,12,25,39,0,39,39,39
mne32178,Søren Moesgaard,Inforevision,147,3,27,78,255,2,253,240,255
mne8107,Peter Rose,Registreret Revisor Peter Rose,0,0,0,4,4,0,4,4,4
mne34097,Torben Brun Petersen,Baagøe Schou,218,0,23,144,385,2,383,385,385
mne11503,Jens Jørgen Bay Simonsen,Beierholm,62,0,49,61,172,0,172,152,172
mne3189,Bjarne Nielsen,Beierholm,0,0,0,61,61,0,61,61,61
mne1932,Joan Flansmose Trelborg,Beierholm,7,0,2,1,10,0,10,10,10
mne44149,Benjamin Møller Obel,Buus Jensen,28,5,59,108,200,1,199,198,200
mne3882,Peter Engvang,Djurs Revision,0,0,15,42,57,1,56,57,57
mne34085,Carsten Smed Mikkelsen,Elite-Revision,0,0,9,27,36,0,36,36,36
mne5824,Torben Ulrik Jakobsen,Torben Jakobsen,0,0,0,33,33,0,33,33,33
mne47885,Allan Vissing Andersen,Ullits & Winther,7,0,3,15,25,0,25,25,25
mne45874,Rasmus Rolighed Asmussen,Kallermann Revision,95,0,36,117,248,3,245,248,248
mne32222,Dennis Bjørn Cronbach,Sønderup Godkendt Revisionsaktieselskab,21,1,58,186,266,1,265,265,266
mne23301,Søren Appelrod,Aaen & Co.,51,0,97,299,447,1,446,440,447
mne31471,Christian Lindegaard Jøker,EY,6,0,30,22,58,1,57,58,58
mne10154,Søren Anthon Thorup Pedersen,Martinsen,3,0,5,8,16,0,16,16,16
mne31476,Jesper Fenger Smidt,Aaen & Co.,26,1,167,222,416,0,416,407,416
mne49070,Naja Vestergaard Jessen,Deloitte,0,0,5,2,7,0,7,7,7
mne10489,Tom Sønderup,Sønderup Godkendt Revisionsaktieselskab,46,2,101,182,331,0,331,327,331
mne4023,Jørgen Larsen,Revisionsfirmaet Jørgen Larsen,4,0,12,36,52,0,52,52,52
mne19740,Jan Lundqvist,Beierholm,36,0,174,202,412,0,412,405,412
mne48469,Dorthe Ploug Badensø,Dansk Revision Roskilde,13,1,8,37,59,0,59,59,59
mne34090,Jan Stender,Beierholm,103,1,79,65,248,0,248,242,248
mne17787,Eva Pedersen,JL Revisorer,0,0,0,19,19,0,19,19,19
mne35431,Jane Johanne Tandrup Holm,Agillix Fmba,0,0,0,59,59,0,59,59,59
mne47823,Søren Strandgaard Nielsen,Roesgaard,11,0,8,9,28,0,28,28,28
mne26873,Glennie Ella Pedersen Christensen,Complet Revision,1,0,69,259,329,0,329,329,329
mne50648,Ane Hørbye Karlsen,PricewaterhouseCoopers,0,0,0,17,17,0,17,17,17
mne15510,Merete Leth,DM Revision,0,0,33,119,152,1,151,152,152
mne34313,Peter Andersen,EY,28,0,7,5,40,0,40,24,40
mne17960,Preben Bisgaard Svendsen,Sagro,0,0,0,17,17,0,17,17,17
mne32799,Kim Ladegaard,PricewaterhouseCoopers,2,0,19,7,28,0,28,27,28
mne15275,Jess Kirch Andersen,Revisionsfirmaet Kirch Andersen,0,0,7,61,68,0,68,68,68
mne10797,Ivan Kjeldsen,Revisionsfirmaet Ivan Kjeldsen,21,1,15,130,167,0,167,167,167
mne3398,Carsten Schmidt,Landwirtschaftlicher Hauptverein für Nordschleswig,0,0,5,28,33,0,33,33,33
mne35390,Henriette Nielsen,JL Revisorer,3,1,15,23,42,0,42,41,42
mne21406,Helle Lorenzen,Beierholm,9,0,0,16,25,0,25,25,25
mne10777,Anders Oldau Gjelstrup,Deloitte,31,0,0,2,34,0,34,19,33
mne2974,Jens Jørgen Johnsen,Revimidt,1,1,11,74,87,5,82,87,87
mne43474,Nicklas Rasmussen,Mazars Statsautoriseret Revisionspartnerselskab,29,0,7,18,56,0,56,46,54
mne1087,Lene Kildegaard,Trekroner Revision,1,1,45,58,105,1,104,105,105
mne30250,Martin Oluf Andersen,Lou Revision,5,0,58,136,199,1,198,199,199
mne49052,Kasper Held Buttler,BDO,4,0,23,47,75,0,75,74,74
mne32755,Ole Rygaard Andersen,Sønderup Godkendt Revisionsaktieselskab,12,0,55,168,235,0,235,234,235
mne32771,Morten Munk,Dansk Revision Hillerød,21,0,19,111,152,0,152,151,151
mne10812,Ove Nørskov,ON Regnskab & Rådgivning,0,0,4,20,24,0,24,24,24
mne35483,Thomas Baunkjær Andersen,PricewaterhouseCoopers,57,0,9,10,78,1,77,45,76
mne47303,Morten Staghøj,Beierholm,25,0,40,17,82,0,82,74,82
mne5306,Bjarne Nielsen,A-revisor,0,0,0,7,7,0,7,7,7
mne34264,Søren Loyola Bro Søndergaard,Bro Søndergaard Statsautoriseret Revisionsanpartsselskab,34,9,57,83,183,0,183,182,183
mne32200,Tue Stensgaard Sørensen,PricewaterhouseCoopers,74,0,1,4,80,0,80,51,79
mne29381,Palle Mørch,Revisionsfirmaet Edelbo & Lund-Larsen,60,0,14,135,209,0,209,209,209
mne34318,Lasse Sværke,Inforevision,19,2,8,30,59,1,58,57,59
mne18488,Søren Jonassen,Crowe,202,10,162,170,544,0,544,531,544
mne45340,Daniel Lindebæk Hansen,Beierholm,4,1,68,70,143,1,142,140,143
mne28699,Anders Røjleskov,PricewaterhouseCoopers,19,0,3,0,23,0,23,13,22
mne7553,Svend Rosendahl,Revisionsfirmaet Svend Rosendahl,0,0,0,3,3,0,3,3,3
mne33240,Mogens Rasmussen,Beierholm,43,1,37,118,199,0,199,194,199
mne26750,Helene Hempler,COMPTA,0,0,0,18,18,0,18,18,18
mne3409,Steen Quorning,Q-Revision,0,0,3,24,27,0,27,27,27
mne51052,Nikolaj Kjeldgaard Jørgensen,Revision Sjælland,18,1,36,107,163,0,163,161,162
mne18072,Britta Damgaard,Revisionsfirmaet Lars Olsen,0,0,11,10,21,0,21,21,21
mne6614,Bjarne Møller,Revisionsfirmaet Lund & Christiansen,1,0,5,8,14,0,14,14,14
mne21328,Jesper Møller Langvad,PricewaterhouseCoopers,8,0,0,1,9,0,9,7,9
mne49081,Marco Mosegaard Brøndsted,RSM,6,0,18,23,47,0,47,44,47
mne12177,Bjarne Albrechtsen,Revisionsfirmaet Albrechtsen,148,0,77,206,431,0,431,424,431
mne897,John Laursen,Beierholm,0,0,0,13,13,0,13,13,13
mne31543,Thomas Frommelt Hertz,Deloitte,129,0,97,29,255,0,255,226,255
mne3153,Bendix Hansen,Kolding Herreds Landbrugsforening,0,0,0,10,10,0,10,10,10
mne52104,Simon Lind Johannessen,Martinsen,0,0,1,19,20,0,20,20,20
mne32109,Bo Lysen,Grant Thornton,15,0,133,349,497,14,483,490,497
mne2602,Christian Haahr Danielsen,Revisionsfirmaet Christian Danielsen,8,0,33,107,150,0,150,148,148
mne47834,Kristian Bo Lorentzen,"Lorentzen & Partners, Statsautoriserede Revisorer ApS",6,0,32,52,90,2,88,90,90
mne3024,Henrik Søeborg,Centrum Revision v/ Henrik Søeborg,2,0,2,30,34,0,34,34,34
mne34352,Jesper Randall Petersen,PricewaterhouseCoopers,35,0,6,4,45,0,45,42,45
mne44062,Nikolaj Frausing Borch,PricewaterhouseCoopers,57,0,6,45,108,0,108,102,108
mne31489,Henrik Ødegaard,PricewaterhouseCoopers,46,0,15,23,88,0,88,79,84
mne30131,Bill Haudal Pedersen,Deloitte,340,0,0,0,340,0,340,289,340
mne7625,Birgit Merete Larsen,Revisorgruppen v/Eva Kristensen og Lars Gotfredsen,5,0,2,18,25,1,24,25,25
mne45914,Torben Rankenberg Hansen,Din Revisor,0,0,1,1,2,0,2,2,2
mne3626,Torben Hansen,Din Revisor,0,0,0,1,1,0,1,1,1
mne34482,Morten Friis Munksgaard,Baker Tilly Denmark,116,3,143,361,623,0,623,622,623
mne1425,Jørgen Krogh Tind,Revision Ry & Hammel,1,0,1,12,14,0,14,14,14
mne28682,Henrik Agner Hansen,Beierholm,52,0,85,96,233,0,233,219,233
mne50607,Daniel Dalbøge,BDO,1,0,8,40,49,0,49,48,49
mne1153,Harry Pharao,Revisionscentret Aabenraa,0,0,0,6,6,0,6,6,6
mne33732,Ole Rønne Becker,EY,110,0,48,1,177,0,177,138,159
mne34483,Kim Kresten Sørensen,BDO,27,0,99,125,251,0,251,247,251
mne47283,Jannie Caspersen,BDO,15,0,9,34,58,0,58,54,58
mne45875,Jacob Thomas Ulrikkeholm Klinkby,Kallermann Revision,97,0,20,156,273,0,273,270,273
mne17274,Niels Jørgen Villadsen,NF Plus Revision,1,0,2,5,8,0,8,8,8
mne26738,Michael Nicolaj Czelinski Nielsen,EY,111,0,0,0,111,0,111,78,111
mne32825,Lotte Nørskov,Buus Jensen,69,11,5,55,140,0,140,138,140
mne35441,Ferass Mahmoud Hamadé,BDO,26,1,225,193,445,1,444,435,445
mne24687,Henrik Kronborg Iversen,EY,20,0,0,0,21,0,21,7,20
mne45827,Hans Baunsgaard Eskildsen,PricewaterhouseCoopers,1,0,14,29,44,0,44,44,44
mne16440,Tommy Würtz Rathmann,Status Revision,0,0,0,1,1,0,1,1,1
mne23295,Tim Kjær-Hansen,Deloitte,43,1,27,7,79,0,79,68,78
mne10593,Carl Bjarne Mathiasen Madsen,BMM Consult,0,0,0,17,17,0,17,17,17
mne51546,Stefan Baundal,Nordkyst Revision Godkendt Revisionspartnerselskab,8,0,28,97,133,1,132,133,133
mne50622,Kasper Pagter Gjerløv,Redmark,7,0,30,31,68,0,68,65,68
mne30150,Heino Pedersen,BDO,0,0,7,27,34,0,34,34,34
mne35884,Ulrik Dahl,"JS Revision, Godkendt Revisionsaktieselskab",26,0,111,415,552,0,552,550,552
mne33236,Henrik Gislum Jacobsen,Nærrevision,16,0,14,71,101,0,101,99,101
mne34491,Morten Grønbek,Grant Thornton,55,0,76,108,239,9,230,224,239
mne46601,Morten Michael Kertesz,Grant Thornton,17,0,32,40,89,9,80,89,89
mne51505,Christoffer Falsig Jensen,BDO,0,0,0,26,26,0,26,26,26
mne11915,Jørgen Edgar Hansen,RevisionsCentrum,0,0,22,151,173,0,173,173,173
mne35841,Jesper Tranegaard Berril Andersen,Inforevision,38,0,43,76,157,1,156,152,157
mne3364,Henrik Kaldal,HKP Revision,2,0,0,14,16,0,16,16,16
mne16036,Arne Laursen,Dansk Revision Slagelse,0,0,0,70,70,0,70,70,70
mne32172,Morten Søndergaard Schwensen,Baker Tilly Denmark,104,0,100,115,319,5,314,310,319
mne32806,Morten Jørgensen,PricewaterhouseCoopers,317,0,79,49,445,0,445,415,445
mne7392,Carsten Bjørn Jensen,Carsten Bjørn Jensen,0,0,0,8,8,0,8,8,8
mne34372,Egon Ramskov Laursen,Christensen Kjærulff,66,1,9,106,182,0,182,179,182
mne47819,Sune Pagh Sølvsteen,Deloitte,16,0,17,11,44,0,44,43,44
mne48475,Randi Landergreen Andersen,Beierholm,10,0,61,125,196,0,196,196,196
mne47784,Jacob Skals,Beierholm,5,1,47,92,145,0,145,145,145
mne19811,Ole Jørgensen,BDO,0,0,1,1,2,0,2,2,2
mne26693,Mikkel Sthyr,EY,79,0,5,5,114,1,113,59,89
mne27750,John Momme Lauritzen,Revisionscentret Aabenraa,0,0,6,1,7,0,7,7,7
mne44150,Sigurd Skov Nielsen,PricewaterhouseCoopers,2,0,3,21,26,0,26,26,26
mne51532,Claus Træholt Bak,Beierholm,8,0,4,39,51,0,51,50,51
mne35447,Jacob Brinch,PricewaterhouseCoopers,23,0,0,0,23,0,23,15,23
mne19849,Carsten Hedelund,Hedelund revision & rådgivning,0,0,0,18,18,0,18,18,18
mne32741,Joan Valentin Christensen,Beierholm,75,6,44,162,287,0,287,286,287
mne50625,Mathilde Sørensen Lund,Beierholm,6,0,7,17,30,0,30,30,30
mne12713,Flemming Føns Petersen,Kolding Erhvervsservice,0,0,0,65,65,0,65,65,65
mne17473,Jan Qvist,Sagro,0,0,55,35,90,0,90,90,90
mne47262,Kenneth Eliasen Østergaard,PricewaterhouseCoopers,69,1,20,22,117,0,117,108,112
mne34287,Joan Gerdes Davies,Din Revisor Svaneke ApS Statsautoriserede revisorer,12,0,51,162,225,1,224,225,225
mne11747,Egon Nissen,BDO,0,0,0,1,1,0,1,1,1
mne2758,Bjarne Nørgaard Graversen,Sagro,0,0,0,4,4,0,4,4,4
mne47841,Karsten Vedel,Mazars Statsautoriseret Revisionspartnerselskab,31,0,6,5,45,0,45,32,42
mne32174,Thomas Riis,PricewaterhouseCoopers,61,0,0,0,61,0,61,40,61
mne3141,Anders Peter Frimann,ReviVision,6,0,25,128,159,0,159,159,159
mne35436,Susanne Nielsen,Talkymisten v/Reg. revisor Susanne Nielsen,0,0,0,13,13,0,13,13,13
mne33191,Per Eybye,Eybye Invest,0,0,0,27,27,0,27,27,27
mne3344,Torben Mahler Petersen,Dansk Revision Odense,8,0,19,58,85,0,85,84,85
mne18652,Per Timmermann,Deloitte,65,0,0,0,65,0,65,34,65
mne34301,Michael Pode Kristensen,RSM,17,0,47,63,127,1,126,127,127
mne10918,Henrik Braderup Olsen,Kildebjerg Revision,0,0,0,1,1,0,1,1,1
mne47867,Mikkel Bjørk Jeppsson,Revisionshuset Tal & Tanker,1,0,3,21,25,0,25,25,25
mne15202,Søren Møller Poulsen,Solveo Statsautoriseret Revisionspartnerselskab,0,0,17,13,30,0,30,30,30
mne545,Jens Henry Hedegaard,Konsulent Jens H. Hedegaard,0,0,3,8,11,1,10,11,11
mne51531,Tobias Hyttel Amstrup,Beierholm,6,0,4,8,18,0,18,18,18
mne34474,Iben Sun Hein Larsen,BDO,13,0,14,16,43,0,43,41,43
mne7049,Gustav Wraae Pedersen,velas I/S,0,0,9,20,29,1,28,29,29
mne30329,Stig Holm Mogensfeldt,Revisionsfirmaet Edelbo & Lund-Larsen,33,0,0,24,61,0,61,56,57
mne44101,Martin Steen Schrøder Siersen,Lou Revision,5,1,46,23,75,0,75,74,75
mne29490,Carsten Johnsen,Beierholm,12,0,25,123,160,0,160,160,160
mne7103,Henrik Brusgaard,Dansk Revision Holbæk,36,0,50,109,196,1,195,194,195
mne11637,Ken Woiremose Clausen,Revisionsfirmaet Woiremose & Partner,0,0,0,151,151,0,151,151,151
mne34499,René Carøe Andersen,Deloitte,237,1,128,56,422,0,422,401,422
mne31433,Flemming Bro Lund,BDO,0,0,1,0,1,0,1,1,1
mne33276,Nikolaj Thomsen,Deloitte,23,0,2,3,28,0,28,18,28
mne48532,Sarah Isabel Weble,BDO,1,0,1,0,2,0,2,2,2
mne32116,Darnell Vagnild,Redmark,51,0,34,118,203,0,203,203,203
mne23307,Bent Flemming Christensen,Aaen & Co.,36,0,6,74,116,2,114,116,116
mne35453,John Richardt Søbjærg,Inforevision,51,0,63,122,236,1,235,232,236
mne27735,Jens Ringbæk,Deloitte,11,0,3,0,15,0,15,12,14
mne5334,Erik Sondrup Andersen,57B ApS,0,0,0,1,1,0,1,1,1
mne16549,Henrik Anders Laursen,Deloitte,0,0,0,1,1,0,1,1,1
mne2637,Jesper Egebæk,JE Regnskabsservice,0,0,0,19,19,0,19,19,19
mne12357,Helle Vestergård Ebsen,Beierholm,0,2,34,44,80,0,80,80,80
mne18393,Birger Schyberg,Schyberg Lykke Registreret Revisionsanpartsselskab,0,0,23,83,106,0,106,106,106
mne18618,Poul Erik Nielsen,Roesgaard,2,0,0,3,5,0,5,3,5
mne47815,Frederik Tvedeskov Jantzen,PricewaterhouseCoopers,22,0,0,5,27,0,27,23,27
mne49054,Martin Aaager Juell-Hansen,Beierholm,9,8,27,48,92,0,92,92,92
mne2460,Mads Henrik Bødker,Registreret Revisor Mads Bødker,0,0,0,13,13,0,13,13,13
mne18209,Niels Gert Lemmeke Madsen,Nigelema v/Niels Lemmeke Madsen,3,0,1,21,25,0,25,25,25
mne47802,Maria Gammelgaard Poulsen,Beierholm,71,3,28,68,170,0,170,166,170
mne16567,Palle Valentin Kubach,Albjerg,116,1,5,66,188,1,187,185,188
mne42772,Lasse Lei Kjærsgaard,Ullits & Winther,4,1,30,48,83,1,82,82,83
mne35626,Morten Christensen,BDO,46,0,56,43,145,0,145,132,145
mne29465,Allan Knudsen,PricewaterhouseCoopers,44,0,2,3,50,0,50,36,49
mne32198,Maj-Britt Nørskov Nannestad,PricewaterhouseCoopers,121,0,11,1,138,0,138,102,133
mne34280,Philip Heick-Poulsen,Beierholm,261,53,37,127,478,3,475,459,478
mne33284,Lars Pedersen,Beierholm,26,0,58,219,303,0,303,301,303
mne34507,Bo Klitten Kjærgaard,Deloitte,0,0,0,1,1,0,1,1,1
mne34172,Jacob Sejer Christensen,Beierholm,0,1,1,1,3,0,3,3,3
mne51062,Natasha Skov Stengaard Mehlsen,Deloitte,0,0,0,5,5,0,5,5,5
mne17414,Finn Meier Melchiorsen,BDO,0,0,3,2,5,0,5,5,5
mne47780,Morten Ahrenst,Inforevision,55,2,75,119,251,0,251,248,251
mne3602,Ole Gert Christensen,Advosion,0,0,0,1,1,0,1,1,1
mne26765,Anders Kreiner,Deloitte,20,0,33,2,55,0,55,45,55
mne13723,Brian Frost Klogborg,ADDCO P/S Godkendte Revisorer,0,0,0,58,58,0,58,58,58
mne34138,Michel Vincent van Overdijk Laursen,Albjerg,45,0,18,177,240,8,232,237,240
mne50601,Morten Brandenborg,BDO,1,0,19,30,50,0,50,50,50
mne35799,Jesper Naur Larsen,Øernes Revision,3,0,33,125,163,0,163,161,161
mne11231,Jens Søndergaard,Revisionsfirmaet Jens Søndergaard,0,0,0,31,31,0,31,31,31
mne10047,Jahn Thorup,Advisor-Revision,59,1,0,196,256,0,256,256,256
mne10148,Jørgen Kjer,BDO,1,0,0,0,1,0,1,0,1
mne17390,Gitte Nybro Søndergaard,EY,6,0,0,3,9,0,9,9,9
mne47770,Jacob Rod Andersen,Grant Thornton,2,0,67,140,209,23,186,208,209
mne15450,Dorte Juel Viborg,Lejenregnskabschef.dk,0,0,0,80,80,0,80,80,80
mne47782,Thomas Funch,PKF Munkebo Vindelev,145,1,9,50,205,0,205,203,205
mne47799,Jannik Lehmann Lausten,Grant Thornton,2,0,12,11,26,2,24,25,25
mne12790,Hannah Rasmussen,Ri Statsautoriseret Revisionspartnerselskab,0,0,0,9,9,0,9,9,9
mne11664,Bent Lind Kofoed,Kreston CM,185,0,54,127,366,4,362,360,366
mne26826,Lars Josefsen,Revisionscentret Ribe,0,0,1,12,13,0,13,13,13
mne33765,Elan Lieck Schapiro,Christensen Kjærulff,103,2,84,63,252,0,252,240,252
mne17672,Kurt Bjarke Beck Pedersen,Roesgaard,0,0,6,0,6,0,6,6,6
mne1302,Ulla Svenningsen,Revisionsfirma Ulla Svenningsen,0,0,1,8,9,0,9,9,9
mne264,Henrik Ardal Andersen,Andersen og Partnere,3,0,0,72,75,1,74,75,75
mne29431,Stine Eva Grothen,Deloitte,63,0,102,60,225,0,225,218,225
mne21330,Dan Bøøk Malmstrøm,BDO,1,0,150,123,276,0,276,274,274
mne44386,Mads Juul Hansen,BDO,27,0,114,81,224,1,223,218,222
mne12316,Jan Kjeld Kokholm,Bille & Buch-Andersen,43,0,41,163,247,1,246,246,247
mne23408,Sten Pedersen,Inforevision,150,5,51,177,383,1,382,380,383
mne30212,Carsten Nielsen,Martinsen,30,0,2,15,47,0,47,47,47
mne35782,Thomas Roland,Revida,7,4,40,179,230,1,229,230,230
mne16691,Søren Peter Nielsen,BDO,35,0,3,0,38,0,38,32,38
mne2695,Bent Klejnstrup Frandsen,B.F. Rådgivning Herning,0,0,0,14,14,0,14,14,14
mne10900,Peter Begtrup Lind,Eco-Team,111,6,6,434,557,2,555,556,557
mne29383,Simon Morthorst,Inforevision,52,2,70,84,208,0,208,200,208
mne5673,Inge Marie Møller Ernst,Nordland Revision-Nordland,0,0,0,19,19,0,19,19,19
mne17911,Ken Trolle Gronemann,Gronemanns,0,0,21,81,103,1,102,102,102
mne46622,Simon Mørner Nielsen,Grant Thornton,9,0,66,81,156,2,154,152,156
mne19802,Mark Leerdrup Hansen,Redmark,11,0,27,55,93,0,93,92,93
mne32274,Niels Borum Madsen,Aaen & Co.,92,2,44,117,257,0,257,255,255
mne34335,Peter Krogsrud Eriksen,PKF Munkebo Vindelev,224,0,17,55,296,0,296,293,296
mne45868,Peter Krogh Johansen,PricewaterhouseCoopers,0,0,4,17,21,0,21,21,21
mne26748,John Mikkelsen,Christensen Kjærulff,77,2,196,150,425,1,424,418,425
mne17995,Kasper Enemark,AA revisionsanpartsselskabet,0,0,0,46,46,0,46,46,46
mne28909,Birgit Rønsbro Sode,Beierholm,23,4,31,62,120,0,120,115,120
mne47805,Martin Dahl Nielsen,JL Revisorer,3,1,34,33,71,0,71,69,71
mne50642,Stig Magne Tran Nielsen,EY,4,0,0,0,4,0,4,4,4
mne36026,Henrik Lund Jensen,Dansk Revision Hillerød,23,0,52,59,134,0,134,134,134
mne33208,Frederik Bille,RSM,21,0,88,222,331,1,330,329,331
mne31478,Thomas Viscovich,V & CO,25,0,86,152,263,0,263,263,263
mne18281,Kent Nymark Christensen,Redmark,3,1,122,129,255,3,252,255,255
mne34149,Martin Jon Pedersen,Ri Statsautoriseret Revisionspartnerselskab,35,0,12,25,72,1,71,68,72
mne48474,Lisbeth Wierling Schimmelmann,RevisorGården Holbæk A/S,1,0,24,123,148,0,148,147,148
mne52108,Thomas Ulvskov Jørgensen,Revision Sjælland,7,0,33,117,157,1,156,157,157
mne51544,Morten Rindom Bøndergaard,BDO,0,0,0,18,18,1,17,18,18
mne1236,John Schantz,Revisionsfirmaet John Schantz,0,0,0,2,2,0,2,2,2
mne33780,Rickard Halfdan Patel,Beierholm,19,1,53,71,144,0,144,140,144
mne30103,Brian Michael Vahlkvist,Revisions-Centret ApS,11,0,89,233,333,1,332,329,333
mne15658,Sten Bastrup Dalsten,VKST Revision,2,2,9,193,206,0,206,206,206
mne44060,Simon Kallesøe Blendstrup,EY,34,0,38,30,102,1,101,90,102
mne2000,Lars Ole Holland Wiese,Lars Ole Wiese,0,0,0,9,9,0,9,9,9
mne16537,Peter Rasborg,BDO,7,0,1,0,8,0,8,6,8
mne3224,Ewe Britt Bünsov Brøns,Dansk Revision Roskilde,41,2,12,124,179,0,179,179,179
mne11292,Charlotte Bechmann Danielsen,Dansk Revision Holbæk,0,1,10,52,63,0,63,63,63
mne41282,Mick Berthou Hagberg Andersen,Algade Revision,50,1,66,270,387,3,384,387,387
mne1495,Henning Frost Studsgaard,Dansk Revision Wulff & Haaning,1,0,0,0,1,0,1,1,1
mne12363,Jesper Bergaard Thygesen,Revisionscentret v/Jesper Thygesen,0,0,0,161,161,0,161,161,161
mne34152,Henrik Bremerskov Broe,Nejstgaard & Vetlov,20,0,32,119,171,2,169,171,171
mne44106,Christian Buchwald Nielsen,Beierholm,30,0,68,73,171,0,171,164,171
mne33754,Søren Nejstgaard Larsen,VKST Revision,1,0,39,56,96,0,96,96,96
mne50739,Vincent Mendel Tran,Deloitte,8,0,1,5,14,0,14,12,14
mne44181,Mads Lundemann,PricewaterhouseCoopers,12,0,30,30,72,0,72,71,72
mne32779,Ramazan Turan,Baker Tilly Denmark,71,0,59,85,215,1,214,202,215
mne15465,Erik Bøgild Reinsborg,Revisionsfirmaet Erik Reinsborg,0,0,0,10,10,0,10,10,10
mne18546,Claus Knudsen Tilsted,Beierholm,0,0,0,18,18,0,18,18,18
mne17730,René Georg Lange Sørensen,ReviNord,0,0,28,124,153,0,153,152,152
mne21336,Henrik Hansen,Advosion,1,0,0,1,2,0,2,2,2
mne29447,Dorte Grøndal Hansen,Beierholm,12,16,81,127,236,0,236,236,236
mne15369,Rene Kenneth Damgaard,Damgaard Revision,14,0,6,93,113,1,112,113,113
mne50781,Peter Bjerregaard Stensgaard,Beierholm,6,0,15,22,43,0,43,43,43
mne44139,Michael Kodama Krømmelbein,Vadskær Krømmelbein,2,0,67,146,215,1,214,215,215
mne41362,Martin Robert Dyhr Jørgensen,Christensen Kjærulff,5,1,6,45,57,1,56,57,57
mne34294,Martin Anders Dahl Jensen,BDO,57,1,74,62,196,1,195,188,194
mne42816,Jakob Thisted Binder,PricewaterhouseCoopers,62,0,16,24,106,0,106,95,102
mne34263,Zeljko Andjelic,Agenda Revision,15,0,49,88,152,0,152,147,152
mne34093,John Thomas Lindeberg Jensen,Lindeberg Storm Fischer,82,2,8,123,215,0,215,215,215
mne45897,Jes Vestergaard,BDO,4,0,14,31,49,1,48,48,49
mne15007,Ole Skou,Beierholm,104,2,38,37,182,1,181,171,181
mne1336,Anette Thomasen,Kompas Revision,0,0,11,32,43,0,43,43,43
mne45834,Øzgür Atan,Inforevision,2,0,0,15,17,0,17,17,17
mne35405,Nikolaj Kure Jensen,Baagøe Schou,24,7,49,186,266,0,266,266,266
mne41310,Henriette Sangelberg Nielsen,Vendia Revision og Regnskab,0,0,0,16,16,0,16,16,16
mne34537,Kasper Kjærsgaard,"JS Revision, Godkendt Revisionsaktieselskab",93,1,122,631,847,3,844,845,847
mne52100,Frederik Koldby Ekmann,Beierholm,3,6,40,96,145,3,142,145,145
mne2124,Per Obling,Registreret Revisor Per Obling,2,0,5,59,66,0,66,65,66
mne35446,Morten Plenge,Boreco,6,1,69,125,201,1,200,201,201
mne14951,Søren Cortsen,Statsautoriseret revisor Søren Cortsen,0,0,0,12,12,0,12,12,12
mne48468,Peter Birk Stokholm,Grant Thornton,19,0,58,54,133,15,118,123,131
mne47907,Bjarne Flyvbjerg Erichsen,Rödl & Partner Danmark,17,0,4,12,33,0,33,31,33
mne34535,Mikkel Thomsen,Lokal Revision - statsautoriseret revisionsanpartsselskab,45,2,40,252,339,2,337,338,339
mne10052,Henrik Vedel,Deloitte,1,0,0,0,1,0,1,0,1
mne41343,Jeppe Winding,BHA Statsautoriseret Revision,37,0,46,168,251,0,251,251,251
mne51516,Simon Lund Larsen,BDO,0,0,0,20,20,0,20,20,20
mne42779,Simon Bach Nielsen,Beierholm,15,0,100,101,216,0,216,214,216
mne44100,Casper Christiansen,Grant Thornton,8,0,81,115,204,0,204,202,204
mne51533,Anders Falslund Hansen,PricewaterhouseCoopers,0,0,2,8,10,0,10,10,10
mne18040,Torben Mortensen,Beierholm,55,0,134,52,241,1,240,236,241
mne49078,Malene Hvidt Haslund,PricewaterhouseCoopers,5,0,44,40,89,0,89,89,89
mne1556,Jan Christiansen,Kreston JC,1,0,0,0,1,0,1,0,1
mne26676,Kenn Erik Elmgren,Aaen & Co.,42,1,50,96,189,0,189,189,189
mne34524,Martin Dueholm,"Dueholm & Partnere, Godkendt Revisionshus",32,0,37,158,227,0,227,227,227
mne4493,Kurt Møller Pedersen,Grant Thornton,0,0,0,5,5,0,5,5,5
mne21382,Henrik Holmegaard Frandsen,Beierholm,62,0,157,189,408,1,407,398,408
mne44339,Hans Tauby,Deloitte,70,0,30,18,118,0,118,86,118
mne11479,Henrik Lerfeldt,Lerfeldt Revision,0,0,3,152,155,0,155,155,155
mne6060,Benny Lund Jensen,Revisionsfirmaet Benny Lund Jensen,0,0,0,7,7,0,7,7,7
mne41385,Tim Dürr Nielsen,Redmark,0,0,0,4,4,0,4,4,4
mne47843,Kristian Randløv Lydolph,Grant Thornton,21,0,29,139,189,6,183,184,189
mne30220,Anders Schelde-Mollerup Funder,Redmark,68,0,34,90,192,1,191,184,192
mne3373,Poul Erik Søndergaard Poulsen,Agillix Fmba,0,0,0,10,10,0,10,10,10
mne1077,Lotte Jensen,Øernes Revision,0,0,10,43,53,0,53,53,53
mne40143,Anders Christian Salomonsen,Albjerg,86,2,39,305,432,3,429,432,432
mne7423,Evan Bengtsson Klarholt,Revisionsfirmaet Evan Klarholt,0,0,0,95,95,0,95,95,95
mne11282,Jonna Christensen,Revisionskontoret i Asnæs,1,0,0,30,31,0,31,31,31
mne12506,Dorte Lodahl Krusaa,Dansk Revision Frederikssund,38,1,29,127,195,42,153,194,195
mne8926,Svend Aage Stolten,Beierholm,0,0,0,17,17,0,17,17,17
mne42815,Heidi Bonde,PricewaterhouseCoopers,12,0,9,14,35,0,35,28,35
mne28695,Claus Hansen,Nærrevision,23,0,13,55,91,0,91,91,91
mne977,Jørgen Evald Nielsen,Revisorhuset Halsnæs,0,0,3,22,25,0,25,25,25
mne27728,Henrik Esmann,Martinsen,2,1,6,7,16,0,16,16,16
mne35465,Peter Undall-Behrend Nielsen,PN Revision,22,1,14,57,94,0,94,94,94
mne10566,Britta Bang Mikkelsen,Asgård Finans,0,0,0,8,8,0,8,8,8
mne17818,Henrik Bonde Nielsen,Prima Revision,2,0,11,52,65,0,65,65,65
mne34380,Frantz Slisz,ReviTotal Statsautoriseret Revisionsfirma,5,3,72,288,368,8,360,368,368
mne15805,Michael Ryding,Nejstgaard & Vetlov,3,0,54,129,186,0,186,186,186
mne23256,Michael Brink Larsen,VERAX,3,1,4,19,27,0,27,27,27
mne453,Erik Halfdan Hultquist,Revisionsfirmaet Erik Hultquist,4,0,10,100,114,0,114,114,114
mne33252,Allan Erik Nielsen,Beierholm,71,0,22,45,138,0,138,122,138
mne21333,Kim Hansen Schwartz,Piaster Revisorerne,33,0,10,72,115,0,115,115,115
mne16875,Peter Hansen,Øernes Revision,17,0,44,149,211,0,211,208,210
mne45863,Lasse Babiel Vilhelm,Nærrevision,13,1,39,134,187,0,187,183,187
mne34370,Claus Holde,Sønderup Godkendt Revisionsaktieselskab,3,9,22,85,119,0,119,117,119
mne1392,Glenn Bache Vestergaard,GV Revision,0,0,0,22,22,0,22,22,22
mne52079,Charlotte Amalie Bathum Pedersen,BDO,0,0,0,17,17,0,17,17,17
mne47837,Mathias John Stensgaard Vintersbølle,Grant Thornton,0,0,7,37,44,1,43,44,44
mne36027,Martin Sloth Langhoff Hansen,PricewaterhouseCoopers,90,1,130,130,351,0,351,335,351
mne33698,Kenneth Bach Holmegaard,Multi Revision,3,0,42,189,234,0,234,232,234
mne33233,Henrik Brorsbøl Jakobsen,BDO,10,0,0,0,10,0,10,10,10
mne35458,Simon Vinberg Andersen,KPMG,29,6,11,21,70,0,70,60,67
mne51517,Mikkel Glenn Lauritsen,PricewaterhouseCoopers,0,0,0,7,7,0,7,7,7
mne40041,Jeppe Smed Sørensen,PricewaterhouseCoopers,0,0,1,1,2,0,2,2,2
mne24622,Allan Østergaard Jørgensen,Beierholm,75,0,43,76,194,1,193,186,194
mne11694,Heine Juel Thomsen,Sønderup Godkendt Revisionsaktieselskab,2,1,19,3,25,0,25,25,25
mne50562,Jonas Ellevang Vad,Deloitte,0,0,8,8,16,0,16,16,16
mne26712,Lars Hillebrand,Deloitte,32,0,0,0,32,0,32,25,32
mne46664,Abdul Wahab Ashraf,Deloitte,0,0,6,3,9,0,9,9,9
mne18185,Johnny Larsen,Krydsrevision,3,3,5,87,98,3,95,98,98
mne33210,Dan Rasmus Petersen,BDO,4,0,71,136,211,0,211,210,211
mne52075,Rasmus Ryberg Duvarci Rasmussen,Sønderup Godkendt Revisionsaktieselskab,2,0,37,87,126,0,126,126,126
mne34329,Christian Bjørk Hansen,Revision Vadestedet,14,3,56,103,176,0,176,175,176
mne2923,Elisabeth Jessen,Krogh & Thomsen,1,0,0,0,1,0,1,1,1
mne32726,Anders Ingemann Hansen,Christensen Kjærulff,63,9,35,60,167,0,167,159,167
mne29455,Steen Dahl Andersen,Piaster Revisorerne,66,1,92,175,334,1,333,332,334
mne34128,Thomas Lehmann Jensen,Buus Jensen,25,1,11,92,129,0,129,129,129
mne11743,Jan Nygaard,Beierholm,46,0,12,65,123,1,122,119,123
mne28705,Rasmus Friis Jørgensen,PricewaterhouseCoopers,46,0,0,0,47,0,47,19,46
mne16675,Niels Henrik Bechsøfft Mikkelsen,PricewaterhouseCoopers,86,0,21,9,122,0,122,95,116
mne35840,Morten Bo Hansen,Grant Thornton,25,0,80,100,205,16,189,193,205
mne27764,Søren Skouboe Tholle,Buus Jensen,68,3,50,88,209,0,209,203,209
mne12450,Peter Ulrik Jørgensen,Revisionsfirmaet Hartvig & Aalund,2,0,0,17,19,0,19,19,19
mne45890,Simon Daniel Elvemand,Boreco,19,0,35,177,231,0,231,231,231
mne2938,Jørgen Vain Christensen,JBC Revision v/Jørgen Christensen,3,1,21,20,45,0,45,45,45
mne5680,Lars Staunstrup Jensen,Sagro,0,0,0,8,8,0,8,8,8
mne2549,Gurli Koch,Sagro,0,0,0,3,3,0,3,3,3
mne7528,Per Skaarup Rasmussen,Registreret Revisor Per Skaarup Rasmussen,0,0,0,20,20,0,20,20,20
mne47792,David Bonde-Jørgensen,KPMG,5,0,0,0,7,0,7,4,5
mne51562,Morten Engberg Larsen,BDO,0,0,0,3,3,0,3,3,3
mne29496,Michael Bo Andersen,MBA Statsautoriseret Revisionsanpartsselskab,49,1,39,157,246,0,246,246,246
mne18651,Torben Jensen,PricewaterhouseCoopers,95,0,10,0,105,0,105,52,105
mne2108,Tonny Skov Pedersen,Erhvervs Consult ApS,9,0,0,49,58,0,58,58,58
mne34143,Henrik Hartmann Olesen,Deloitte,50,0,7,12,70,1,69,58,69
mne34348,Morten Willemar Kristensen,BDO,6,0,26,21,53,0,53,53,53
mne34123,Stefan Sølvhøj Johansson,Piaster Revisorerne,34,0,47,89,170,1,169,166,170
mne36078,Christian Lynge Vesth,eRevision Statsautoriseret Revisionsanpartsselskab,0,0,17,146,163,1,162,163,163
mne42871,Rasmus Sværke,Redmark,51,0,31,64,146,0,146,146,146
mne16613,Jacques Peronard,Deloitte,100,0,3,1,104,0,104,87,104
mne51050,Kevin Klitgaard Lindgaard,Dansk Revision Frederikssund,1,0,9,72,82,2,80,82,82
mne6542,Bent Sørensen,Landbrugsrådgivning Syd,0,0,0,5,5,0,5,5,5
mne11663,Kaj Christian Glochau,EY,1,0,0,0,1,0,1,1,1
mne10144,Mette Damgaard,Addvisers,0,0,0,23,23,0,23,23,23
mne16538,Lars Ole Mortensen,Partner Revision,2,0,0,0,2,0,2,0,2
mne35823,Michael Thorø Larsen,Deloitte,323,0,1,30,355,0,355,333,354
mne49134,Thomas Wessel Visbech Kristiansen,Profil Revision,3,0,47,256,306,1,305,306,306
mne35537,Jesper Præst,GoAudit,4,0,7,18,29,0,29,29,29
mne1192,Niels Jørgen Skjødt Møller,National Revision,1,0,0,0,1,0,1,1,1
mne25198,Henrik Pedersen,Consens,11,0,75,118,204,1,203,204,204
mne25075,Sven-Erik Vejlby,Christensen Kjærulff,30,0,46,79,155,0,155,154,155
mne46254,Dennis Skovby,Beierholm,26,0,24,93,143,1,142,142,143
mne33346,Michael Rugaard,RugaardRevision,37,0,0,19,56,0,56,56,56
mne33748,Thomas Hjortkjær Petersen,EY,125,0,7,8,156,0,156,115,140
mne52110,Simon Dyrmose Kuhr Gilfelt,PRO REVISION STATSAUTORISERET ANPARTSSELSKAB,2,0,9,64,75,0,75,75,75
mne19771,Peter Lund,Christensen Kjærulff,28,0,0,52,80,0,80,78,80
mne50154,Muqadas Rasheed,Baker Tilly Denmark,24,0,22,51,97,1,96,96,97
mne50257,Ronni Jeppesen,Vadskær Krømmelbein,0,0,18,128,146,0,146,146,146
mne45891,Lasse Poulsen,EY,0,0,3,1,4,0,4,4,4
mne49050,Nikolaj Duus Borup Nørgaard,BDO,0,0,3,9,12,0,12,12,12
mne19687,Søren Mark Thorbjørnsen,Aaen & Co.,9,0,14,74,97,1,96,97,97
mne11700,Leif Breum,Beierholm,12,0,2,2,16,0,16,16,16
mne34513,Kaspar Ian Kristoffersen,ADDCO P/S Godkendte Revisorer,20,1,60,147,230,1,229,228,228
mne7399,Anders Kofoed,Rønne Revision,18,0,73,134,225,0,225,220,225
mne12426,Flemming Jensen,Barrett revisionsanpartsselskab,8,0,16,32,56,0,56,56,56
mne2674,Claus Jørn Fetterlein,Fetterlein,2,0,0,9,11,0,11,11,11
mne21443,Bent Pallesen,Baagøe Schou,48,0,76,73,197,0,197,193,197
mne51055,Michael Tangstad,TANGSTAD - STATSAUTORISERET REVISIONSANPARTSSELSKAB,0,0,8,113,121,0,121,121,121
mne16820,Dorte Kjølhede Bastkjær Pedersen,DataBalance,0,0,0,6,6,1,5,6,6
mne8203,Jens Vindfeldt,Revisionsfirmaet Jens Vindfeldt,0,0,0,1,1,0,1,1,1
mne2537,Susanne Hedegaard Pedersen,Dansk Revision Frederikssund,11,0,26,86,123,21,102,123,123
mne31385,Jeanette Tofte Hansen,Bille & Buch-Andersen,5,5,44,134,188,1,187,188,188
mne52102,Henrik Møltrup Daasbjerg,Beierholm,0,0,5,7,12,0,12,12,12
mne47242,Ulrik Winkler Jakobsen,Deloitte,19,0,16,2,37,0,37,30,37
mne17410,Gert Nygaard Madsen,Sagro,0,0,0,1,1,0,1,1,1
mne47768,Dennis Nielsen,Grant Thornton,8,0,17,31,57,2,55,55,56
mne34455,Michael Plæhn,Trekroner Revision,69,1,33,154,257,1,256,257,257
mne32161,Thomas Ennistein,Dansk Revision Søborg,74,0,65,274,414,3,411,409,413
mne3644,Hans Munkebo Christiansen,PKF Munkebo Vindelev,135,1,13,79,228,1,227,224,228
mne8108,Morten Rosenqvist,Broernes Revision,3,0,9,49,61,0,61,61,61
mne3112,Kurt Bülow,Ecovis Danmark,47,0,15,44,106,0,106,99,106
mne21791,Ulrik Danmark,Revision Sjælland,15,0,59,177,251,2,249,249,251
mne42778,Jesper Bo Pedersen,KPMG,58,6,13,0,78,0,78,56,77
mne52169,Mathias René Kristensen,Beierholm,1,0,23,69,93,0,93,93,93
mne10279,Poul Mahrt,RH Revision Statsautoriseret Revisionsanpartsselskab,3,0,2,3,8,0,8,8,8
mne11067,Eddie Bützow Holstebro,BDO,4,0,15,32,51,0,51,51,51
mne32725,Anders Nyberg,Beierholm,14,1,95,171,281,0,281,281,281
mne45844,Annika Raunholt,BDO,28,0,14,30,72,1,71,67,72
mne32242,Allan Karl Christiansen,Kreston AKC,4,0,3,30,37,0,37,37,37
mne15744,Jesper Risom,Dansk Revision Slagelse,1,1,51,161,214,0,214,214,214
mne17904,Søren Tofte Jensen,Revisorgruppen v/Eva Kristensen og Lars Gotfredsen,0,0,0,11,11,0,11,11,11
mne6513,Peter Ørnfeldt Thomsen,Baker Tilly Denmark,0,0,0,4,4,0,4,4,4
mne2940,Jens Jørgen Damberg,Nordkyst Revision Godkendt Revisionspartnerselskab,13,0,45,322,380,0,380,380,380
mne8405,Michael Søren Kappelhøj,Michael Kappelhøj,0,0,0,12,12,0,12,12,12
mne32094,Brian Olsen Halling,BDO,115,0,35,57,209,0,209,194,207
mne34154,Mark Schneekloth Jensen,Inforevision,94,0,38,60,192,1,191,185,192
mne36169,Jacob Helly Juell-Hansen,Grant Thornton,34,0,14,17,72,2,70,51,65
mne2582,Bjarne Dahl,Beierholm,0,1,4,39,44,0,44,44,44
mne11802,Johannes Gotlieb Simonsen,Kvist & Jensen,0,0,1,0,1,0,1,1,1
mne8461,Jan Schmidt Kristensen,Revisionsfirmaet Jan Kristensen,7,0,11,66,84,0,84,84,84
mne35451,John Dennis Aabo Nielsen,Dansk Revision Holbæk,11,0,77,170,258,14,244,256,258
mne47889,Daniel Kønigsfeld Sitch,PricewaterhouseCoopers,10,0,0,0,11,0,11,9,10
mne18346,Erik Peter Andersen,Revisionsfirmaet Erik Andersen,0,0,0,2,2,0,2,2,2
mne30101,Morten Thornberg,2TalRevision,3,0,93,226,322,1,321,321,322
mne33282,Tabita Lotte Rachlitz,Revision og Rådgivningsgruppen,14,0,29,65,108,0,108,107,108
mne24819,Kristian Henning Pryds,Christensen Kjærulff,19,0,13,66,98,0,98,96,98
mne6735,Lillian Hauermann Lindgreen,Vedbæk Revision,0,0,2,79,81,0,81,81,81
mne12470,Søren Revsbæk,Revsbæk Revision,3,2,42,116,170,0,170,163,163
mne33384,Kristoffer Sune Hemmingsen,Deloitte,18,0,0,0,18,0,18,18,18
mne47840,Mark Gürtler Hansen,BG Statsautoriserede revisorer ApS,17,0,48,175,240,10,230,240,240
mne51051,Mikkel Kenneth Helsby,PricewaterhouseCoopers,0,0,5,11,16,0,16,16,16
mne970,Erik Foged Lund,Redmark,2,0,0,1,3,0,3,3,3
mne46585,Kia Witthøfft Holm Jensen,BDO,3,0,44,100,147,0,147,147,147
mne18589,Carl Verner Christiansen,Beierholm,1,0,0,1,2,0,2,2,2
mne50599,Kamilla Bang Penderup Kristensen,Deloitte,4,0,0,2,6,0,6,6,6
mne28697,Peter Kamper,Lou Revision,16,0,56,95,167,0,167,164,167
mne51528,Lars Jouper,KPMG,8,0,0,0,8,0,8,8,8
mne5588,Jan Andresen,ReviDK,1,0,0,0,1,0,1,1,1
mne35843,Jesper Qvindebjerg Hedin,Trekroner Revision,8,0,6,27,41,0,41,41,41
mne34283,Morten Høgh-Petersen,Grant Thornton,55,1,20,163,239,2,237,238,239
mne28752,Vibeke Hundevad,"Din Revisor Kolding ApS, registreret revisor",7,0,6,85,98,0,98,98,98
mne33281,Povl Henrik Sadolin Jørgensen,Baker Tilly Denmark,79,0,59,75,213,1,212,203,213
mne1770,Claus Nielsen,Revision Ryttergaarden,18,0,42,86,146,0,146,145,146
mne11681,Eskild Nørregaard Jakobsen,Deloitte,22,0,0,0,23,0,23,5,22
mne33702,Carsten Leth,Leth & Partnere,12,0,18,107,137,0,137,137,137
mne1051,Kai Momme,Revisionscentret Aabenraa,0,0,0,1,1,0,1,1,1
mne18599,Lars Steinbach,Beierholm,6,0,13,60,79,0,79,79,79
mne35403,Michael Steen Khathi - Jacobsen,Beierholm,25,6,24,131,186,0,186,184,186
mne51607,Frederik Petersen,Solveo Statsautoriseret Revisionspartnerselskab,0,0,27,113,140,0,140,140,140
mne9078,Bjarne Bertelsen,Bjarne Bertelsen,1,0,5,4,10,0,10,10,10
mne45851,Emil Lagstrøm,Piaster Revisorerne,4,0,26,109,139,2,137,139,139
mne26742,Peter Villiam Jensen,Bille & Buch-Andersen,3,0,7,7,17,0,17,17,17
mne35467,Martin Santino Lo Turco,RSM,18,0,118,280,416,0,416,415,416
mne35414,Jesper Ehlers,"Dalsgaard, Stahl & Wøldike",20,0,69,136,225,1,224,222,225
mne42792,Mads Vinding,EY,12,0,6,5,24,0,24,16,23
mne18830,Anders Gosvig Ladegaard,Beierholm,131,0,34,119,284,0,284,279,284
mne24625,Susanne Arnfred Møller,Deloitte,19,0,1,0,20,0,20,17,20
mne33275,Bruno Pilgaard,velas I/S,0,0,0,1,1,0,1,1,1
mne31474,Brian Hildskov Hansen,Addere Revision,75,1,63,123,262,1,261,255,262
mne32793,Martin Seidelin Haaning,Grant Thornton,24,0,113,100,237,25,212,230,237
mne31443,Karsten Ramsing Thunbo,Dansk Revision Slagelse,9,0,24,34,68,0,68,65,67
mne3747,Peter Norman Christensen,BDO,1,0,0,0,1,0,1,1,1
mne35842,Christian Berg Dohn,Kreston CM,28,4,56,162,250,8,242,249,250
mne32797,Michael Blom,PricewaterhouseCoopers,24,0,43,29,96,1,95,91,96
mne15022,Per Larsen,Asla Revision,0,0,31,84,115,0,115,115,115
mne5764,Anders Christian Gejlager,Team Revision,0,0,0,97,97,3,94,97,97
mne35435,Dan Linddal Bechmann Andersen,Rønne Revision,2,0,38,108,148,1,147,148,148
mne10068,Carsten Ellebye Madsen,Crowe,1,0,106,26,133,0,133,133,133
mne35454,Vicky Werfel,BDO,0,0,1,0,1,0,1,1,1
mne17944,Kim Foged Stuhr,"Rudersdal Revision, Registrerede revisorer",2,0,2,20,24,0,24,24,24
mne8201,Henrik Wulff Jørgensen,Christensen Kjærulff,4,0,0,0,4,0,4,2,4
mne2575,Kurt Hedelund Håkonsson,Centrum Revision V/Kurt Håkonsson,28,0,10,53,91,0,91,91,91
mne12275,Morten Rasmussen,Sønderup Godkendt Revisionsaktieselskab,15,4,50,94,163,0,163,161,163
mne52076,Nicki Klaus Blak,Øernes Revision,2,2,14,76,94,1,93,94,94
mne34089,Jesper Norlander Buch,BDO,6,0,10,34,50,0,50,49,50
mne15516,Johnny Ejler Hansen,Johnny Hansen Registreret Revisionsanpartsselskab,0,0,0,63,63,0,63,63,63
mne28680,Lars Rynord,Deloitte,3,0,0,0,3,0,3,2,3
mne3403,Hugo Schmidt,Landwirtschaftlicher Hauptverein für Nordschleswig,0,0,0,4,4,0,4,4,4
mne45829,Anders Kloster Rasmussen,BDO,0,0,2,5,7,0,7,7,7
mne7404,Arne Bang,Revisionsfirmaet Arne Bang,21,0,0,32,53,0,53,53,53
mne16345,Henrik Lund Eriksen,HE Revision,0,1,18,54,73,0,73,73,73
mne17802,Gert Hunosøe,Beierholm,6,0,23,93,122,0,122,122,122
mne26807,Henrik Skjøtt Sørensen,PricewaterhouseCoopers,0,0,0,1,1,0,1,1,1
mne49954,Philip Bak Vienberg,Piaster Revisorerne,6,1,25,61,93,2,91,93,93
mne45862,Nicolai Tobias Visti Pedersen,BDO,16,0,28,70,114,0,114,111,114
mne19784,Steffen Møller Jensen,Beierholm,0,0,1,1,2,0,2,2,2
mne19797,Jan Knudsen,Deloitte,1,0,1,0,2,0,2,1,2
mne50703,Jesper Madsen,TT REVISION,1,0,9,12,22,0,22,22,22
mne859,Søren Bøggild Lund,Revisionsfirmaet Axel Gram,0,0,5,0,5,1,4,5,5
mne51488,Ali Saadi Ali Al-Badri,Dansk Revision Søborg,18,1,41,54,116,3,113,114,114
mne2913,Ulrik Bloch-Sørensen,Grant Thornton,5,0,28,44,77,2,75,75,77
mne35416,Anders Baumbach,Agillix Fmba,0,0,0,1,1,0,1,1,1
mne44182,Christina Nilsson,Deloitte,29,0,61,33,123,0,123,118,123
mne888,Flemming Juhl Nielsen,Registreret Revisionsanpartsselskab Flemming Juhl Nielsen,0,0,14,49,63,0,63,63,63
mne11630,Johan Groth,Revisionsfirmaet Edelbo,1,0,0,4,5,0,5,5,5
mne1870,Per Tranekær Nielsen,Martinsen,0,0,0,1,1,0,1,1,1
mne32080,Britt Steen,VKST Revision,10,0,23,33,66,0,66,66,66
mne47811,Anders Lund,Christensen Kjærulff,17,0,31,109,157,0,157,154,157
mne805,Poul Neumeyer,Revision 1-2-3,14,0,3,46,63,0,63,63,63
mne35461,Rasmus Berntsen,EY,145,0,0,16,171,0,171,154,161
mne28627,Martin Alsbæk,EY,15,0,0,5,20,0,20,13,20
mne3336,Per Frank Petersen,Plan Revision v/Per Petersen,0,0,23,83,106,0,106,106,106
mne7552,Michael Kjeldgaard Nielsen,Beierholm,29,0,35,90,154,0,154,152,154
mne9414,Benny Jensen,Revisionsfirmaet Benny Jensen,1,0,4,14,21,0,21,19,19
mne34533,Anette Sejer Petersen,SR Revision,7,0,7,37,51,0,51,51,51
mne18256,Jørgen Raymond Jensen,Nærrevision,0,0,0,87,87,0,87,87,87
mne10023,Rene Flemming Mina Jakobsen,Christensen Kjærulff,12,1,34,35,82,0,82,80,82
mne3258,Henrik Lykke,Schyberg Lykke Registreret Revisionsanpartsselskab,3,0,20,59,82,0,82,82,82
mne41369,Daniel Jacobsen,Mer Revision,0,0,9,71,80,0,80,80,80
mne26784,Thomas Henckel,Aage Maagensen,28,2,44,109,183,2,181,175,183
mne35785,Peter Arent Benkjer,RSM,29,3,17,40,89,0,89,87,89
mne44141,Morten Zanoni Lønsbo,Beierholm,41,0,60,115,216,3,213,213,216
mne166,Morten Henrik Christensen,Østdansk Landboforening,0,0,0,46,46,0,46,46,46
mne41308,Ronnie Lund Jensen,Grant Thornton,17,2,34,49,102,0,102,99,102
mne11073,Kurt Rosenkrantz Iversen,TJEK Revision & Rådgivning,0,0,0,1,1,0,1,1,1
mne35462,Niels Kristian Tordrup Mørk,Piaster Revisorerne,34,0,48,109,192,1,191,187,191
mne12354,Jakob Bo Løkke,Agenda Revision,1,0,19,42,62,0,62,62,62
mne18296,Inge Charlotte Bidstrup,Bidstrup Revision,0,0,6,26,32,0,32,32,32
mne18146,Stig Lennart Suttiwanna Skovly,Nærrevision,2,0,34,61,97,1,96,97,97
mne26864,Jesper Bo Winther,Øernes Revision,32,0,52,95,181,0,181,171,179
mne47779,Shpend Rasimi,Inforevision,56,3,27,67,153,0,153,144,153
mne34346,Kaspar Holländer-Mieritz,Grant Thornton,14,0,43,67,124,6,118,120,124
mne784,Bent Madsen,Revisionsfirma Bent Madsen,0,0,0,31,31,0,31,31,31
mne32179,Kim Holm Larsen,Beierholm,65,1,6,47,119,2,117,106,119
mne17116,Klaus Østergaard,Regnskabs- og Revisionskontoret for Storkøbenhavn,0,6,2,34,42,0,42,42,42
mne7040,Steffen Frederik Høgsted Grønborg,Grønborg Revision,1,0,0,45,46,0,46,46,46
mne2738,Steen Henrik Gilfelt,Gilfelt Revision,13,0,31,96,140,0,140,140,140
mne90,Svend Aggerholm,PS Revision,0,0,0,3,3,0,3,3,3
mne10923,Mette Quottrup,MQ Revision,0,0,0,30,30,0,30,30,30
mne45895,Anders Hoberg Hedegaard,EY,7,0,0,0,7,0,7,7,7
mne10813,Lars Østerkryger,Willads & Vibe-Hastrup,5,0,14,64,83,0,83,83,83
mne18279,Flemming Stahl,"Dalsgaard, Stahl & Wøldike",2,0,54,149,205,1,204,205,205
mne51502,Morad Alili,Fidura Statsautoriseret Revisionsanpartsselskab,0,0,4,18,22,0,22,22,22
mne2691,Anni Jytte Corvenius Foli,AB-Revision,0,0,1,63,64,0,64,64,64
mne23371,Brian Christiansen,PricewaterhouseCoopers,8,0,0,2,10,0,10,7,10
mne26741,Keld Juel Danielsen,Betternumbers P/S,0,0,3,26,29,0,29,29,29
mne7418,Jan Mogens Jefting,Christensen Kjærulff,4,1,8,24,37,0,37,37,37
mne30218,Tina Ørum Hansen,Aage Maagensen,15,1,45,51,112,2,110,110,112
mne18213,Lars Thruesen,Beierholm,0,0,1,0,1,0,1,1,1
mne17429,Stig Henriksen,Kvalitetsrevision,2,0,49,196,247,0,247,247,247
mne51087,Martin Bækgaard,Beierholm,23,0,27,165,215,1,214,215,215
mne9270,Erling Fogh,KOA CPH ApS,1,0,0,4,5,0,5,5,5
mne47829,Alice Garðalið,Grant Thornton,7,0,7,19,33,0,33,33,33
mne27785,Karsten Laursen,Revisionsfirmaet Ole Vestergaard,0,0,0,2,2,0,2,2,2
mne34597,Niklas Tullberg Hoff,Baagøe Schou,14,1,19,122,156,5,151,155,156
mne33249,Jens Vadekær,Grant Thornton,0,0,10,50,60,3,57,60,60
mne4274,Claus Bjarne Overgaard Olsen,CDO Revison,0,0,0,50,50,1,49,50,50
mne40142,Louis Frits Strøm,Baagøe Schou,12,0,21,92,125,0,125,125,125
mne10636,Mads Myrtue Thomsen,"MADS MYRTUE THOMSEN, STATSAUTORISERET REVISIONSANPARTSSELSKAB",0,0,0,6,6,0,6,6,6
mne33231,Torben Peter Madsen,TT REVISION,6,0,45,76,127,0,127,125,127
mne10825,Niels Peter Fisker-Andersen,Revisionsfirmaet Mentor,1,0,15,90,106,0,106,106,106
mne33931,Tobias Hill Nygaard,THN Revision,4,2,30,50,86,0,86,86,86
mne15937,Martin Skovholm,RevisorGården Holbæk A/S,20,0,56,132,208,3,205,207,208
mne33799,Dennis Mikkelsen,Nærrevision,3,0,43,197,243,1,242,243,243
mne36191,Sebastian With Raunstrup,Grant Thornton,16,0,106,95,217,23,194,209,217
mne33697,Lars Kenneth Hansen Larsø,Nejstgaard & Vetlov,18,0,26,90,134,2,132,134,134
mne27740,Per Frost Jensen,BDO,31,0,34,28,93,0,93,87,93
mne18500,Per Eriksen,Lyngen Revision statsautoriseret revisionsanpartsselskab,2,0,1,19,22,0,22,22,22
mne48524,René Daniel Poulsen,PricewaterhouseCoopers,9,0,28,41,78,0,78,78,78
mne36177,Jesper Drud Rasmussen,BDO,0,0,0,1,1,0,1,1,1
mne6176,Frank Børge Jakobsen,F.J. Revision,0,0,0,22,22,0,22,22,22
mne18573,Claus Elgaard Carlsen,Claus Carlsen,0,0,0,30,30,0,30,30,30
mne27872,Bo Langtoft Larsen,Ecovis Danmark,46,7,49,109,211,0,211,208,211
mne28610,Lene Zenia Hviid Hansen,GBH Revision & Rådgivning,1,0,17,33,51,0,51,51,51
mne7911,Torben Tranberg Jensen,Tranberg,2,0,0,0,2,0,2,2,2
mne15091,Jesper Peter Falk,Piaster Revisorerne,9,0,20,39,68,0,68,68,68
mne8946,Erik Møller,Revicor,1,0,0,0,1,0,1,1,1
mne49136,Mohammad Shahbaz Qasim,Harboe Consult,12,0,16,43,71,1,70,71,71
mne34440,Maibrit Abildgaard Jeppesen,R3 Revision,0,0,6,46,52,0,52,52,52
mne46630,Jette Jordan Andersen,Beierholm,4,0,6,30,40,0,40,40,40
mne8707,Else Winther Larsen,ESSET,0,0,0,3,3,0,3,3,3
mne4314,Søren Olsen,Østdansk Landboforening,0,0,0,18,18,0,18,18,18
mne40045,Rene` Kirkegaard,EY,0,0,0,1,1,0,1,1,1
mne46258,Lars Dalgaard Agersted,PricewaterhouseCoopers,7,0,0,0,8,0,8,5,7
mne7637,Jonna Henriette Roth,Kappelskov Revision,0,0,5,45,50,0,50,50,50
mne276,Søren Stolt Askly,Revisionsfirmaet Søren Askly,0,0,0,56,56,0,56,56,56
mne34367,Christian Carl Agerholm,Christensen Kjærulff,15,0,33,101,149,0,149,148,149
mne41368,Anne Cathrine Nielsen,Baker Tilly Denmark,9,0,44,24,77,0,77,76,77
mne46662,Kristian Ehrenreich Hansen,Deloitte,96,0,0,0,96,0,96,91,96
mne49077,Jonas Søren Due Haustrøm,Beierholm,13,0,25,53,91,0,91,91,91
mne17268,Torben Gudmundsen,Beierholm,0,0,30,65,95,0,95,95,95
mne33213,Kasper Green Jensen,Beierholm,39,4,77,112,232,0,232,222,232
mne33734,Henrik Juul Thomsen,Redmark,51,0,13,83,147,1,146,143,147
mne16541,Jan Larsen,"Larsen, Statsautoriseret Revisionsanpartsselskab",3,0,9,8,20,0,20,19,20
mne34354,Mads Blak Melgaard,PricewaterhouseCoopers,7,0,0,0,7,0,7,2,7
mne33232,Henrik Westh Thorsen,Bornholms Revision,16,0,30,39,85,2,83,80,85
mne7731,Arne Finn Jakobsen,Aage & Povl Holm,6,0,4,77,87,0,87,87,87
mne23309,Mogens Michael Henriksen,Deloitte,50,0,4,6,60,0,60,54,60
mne16679,Michael Bach,Beierholm,2,0,0,0,2,0,2,1,2
mne3105,John Cubbin,Trekroner Revision,56,1,13,64,134,1,133,134,134
mne31448,Morten Skovbjerg Kristiansen,Grant Thornton,11,0,91,126,228,29,199,227,228
mne18012,Michael Wienberg,Dansk Revision Søborg,13,0,49,163,226,2,224,224,225
mne33215,Bo Wulffsberg,Revisionsfirmaet Tage Sørensen,15,0,86,209,310,0,310,309,310
mne17356,Finn Erik Rasmussen,Revisor Finn Erik Rasmussen,0,0,0,177,177,0,177,177,177
mne40044,Martin Enderberg Lassen,RSM,24,1,18,28,72,0,72,63,71
mne49135,Emil Enggaard Knudsen,Beierholm,56,2,15,74,147,0,147,147,147
mne26802,Susanne Sørensen,Beierholm,1,0,0,7,8,0,8,8,8
mne34481,Helle Brandt Møller,Baker Tilly Denmark,43,2,41,100,186,0,186,184,186
mne46321,Thomas Holm Christensen,Deloitte,2,0,0,0,2,0,2,2,2
mne5811,Torben Gull Thomsen,"Kvist & Jensen, Grenaa",0,0,0,1,1,0,1,1,1
mne31382,Linnea Weinreich,Trekroner Revision,25,0,23,26,74,0,74,74,74
mne12662,Elna Pilgaard,Pilgaard Revision V/Elna Pilgaard,0,0,0,1,1,0,1,1,1
mne51530,Nicolai Vöge Grønvall Elleby,KPMG,0,3,2,1,6,0,6,6,6
mne24695,Michael Johansen,Sønderjyllands revision,0,0,0,1,1,0,1,1,1
mne30195,Hans Henrik Aabenhus Berthing,Verifica,0,0,0,29,29,0,29,29,29
mne36030,Dennis Martin Torkenholdt Mielcke,Dansk Revision Hillerød,33,0,33,94,162,0,162,154,160
mne27778,Per Henrik Larsen,PricewaterhouseCoopers,40,0,98,62,200,0,200,196,200
mne45855,Casper Larsen,PricewaterhouseCoopers,32,0,2,0,34,0,34,31,34
mne47839,Stefan Andersen,Andersen & Novakovic statsautoriseret revisionsanpartsselskab,1,0,10,92,103,0,103,103,103
mne44063,Martin Pieper,Deloitte,33,0,0,0,37,0,37,26,33
mne40120,Mads Harboe Vainisto Nørring,Harboe og B.,0,0,18,130,148,12,136,148,148
mne33728,Michael Nymark Jensen,Revisionsfirmaet Edelbo,1,0,0,1,2,0,2,2,2
mne2445,Jan Ole Buch,Buch&Nørgaard,4,0,50,118,172,0,172,172,172
mne47844,Allan Møller Paulsen,BDO,0,0,3,3,6,0,6,6,6
mne50608,Emil Odfeldt,Grant Thornton,3,0,37,92,132,9,123,132,132
mne46621,Mikkel Mauritzen,BDO,23,0,17,3,45,0,45,36,43
mne34580,Kim Pilegaard Melin,Dansk Revision Holbæk,6,0,30,55,91,1,90,91,91
mne2657,Jeanette Mingon,Nem Revisor ApS,11,0,85,88,184,0,184,184,184
mne50558,Mathias Estrup Hornbæk,Beierholm,3,2,38,69,112,0,112,112,112
mne17365,Søren Schmidt Wienke,Plan Revision v/Per Petersen,0,0,0,17,17,0,17,17,17
mne33745,Simon Høgenhav,Inforevision,52,0,96,90,238,2,236,236,238
mne9638,Leif Åhl Petersen,Revision & Råd,0,0,0,1,1,0,1,1,1
mne17476,Susan Eeg Risom,Egtved Revisionskontor,0,0,0,1,1,0,1,1,1
mne36173,Lars Fogtmann Juelsen,Ullits & Winther,1,0,0,0,1,0,1,1,1
mne49873,Rebin Menmi,Counted ApS,0,0,7,8,15,0,15,15,15
mne14773,Thøger Rude Andersen,Grant Thornton,9,0,53,56,118,16,102,118,118
mne41286,Kenneth Brøndum,Beierholm,25,0,47,96,168,1,167,165,168
mne34451,Jesper Frank,Beierholm,0,0,0,1,1,0,1,1,1
mne17153,Jeanette Vetlov,Beierholm,1,0,11,45,57,0,57,57,57
mne51604,Abdallah Mohamed Said Sheikh Farah,Martinsen,6,0,1,6,13,0,13,13,13
mne16039,Sten Jørgensen,S.J. Revision,0,0,4,44,48,0,48,48,48
mne45859,Frederik Geer Harvest,Beierholm,22,0,70,82,174,1,173,173,174
mne52071,Jonas Andreas Folkmann Petersen,BDO,0,0,4,8,12,0,12,12,12
mne10287,Lone Friis Hansen,Sagro,0,0,0,1,1,0,1,1,1
mne9390,Kirsten Kirkhoff,Kirkhoff,3,0,5,38,46,0,46,45,46
mne11314,Karsten Nielsen,Kolding Herreds Landbrugsforening,0,0,0,4,4,0,4,4,4
mne1130,Steen Bo Petersen,Revision & Data,0,0,32,271,303,0,303,303,303
mne10850,Søren Henrik Larsen,Baagøe Schou,40,1,23,19,83,0,83,79,83
mne2479,Niels Steenholm Brandt,RSM,0,0,1,0,1,0,1,1,1
mne778,Poul Lundsgaard,Grant Thornton,0,0,0,1,1,0,1,1,1
mne41462,Hakan Keser,RéVision+ Statsautoriseret Revisionsanpartsselskab,0,0,43,110,153,1,152,153,153
mne32800,Anders Stig Lauritsen,PricewaterhouseCoopers,39,0,4,2,48,0,48,20,45
mne32827,Ulrik Benedict Vassing,EY,14,0,0,2,16,0,16,14,16
mne52099,Sarhat Kara,Kara Statsautoriseret Revisionsanpartsselskab,0,0,2,8,10,0,10,10,10
mne41315,Morten Lund Wilhelmsen,RevisorGården Holbæk A/S,7,0,42,129,178,2,176,178,178
mne2546,Lis Petrea Kristensen,ABL Revision,0,0,0,1,1,0,1,1,1
mne576,Lennard Skjoldemose Hansen,Syddansk Revision,0,0,0,1,1,0,1,1,1
mne112,Bjarne Jørn Christensen,B.C. Revision,0,0,0,7,7,0,7,7,7
mne2673,Frank Feilskov,Capture,1,0,3,31,35,0,35,35,35
mne34458,Jacob Louis Mogensen,Beierholm,26,5,23,100,154,0,154,151,154
mne48673,Brian Bilde Sørensen,Ri Statsautoriseret Revisionspartnerselskab,9,0,9,22,40,1,39,40,40
mne4503,Lise Birgitte Anemone Andersen,L.A. Revision,0,0,3,35,38,0,38,38,38
mne51504,Michael Riddersholm Høj,Deloitte,97,0,0,4,101,0,101,101,101
mne50620,Anders Rødgaard Østdal,Deloitte,2,0,9,8,19,0,19,19,19
mne12420,Kenn Ingemann Andersen,Dansk Revision Holbæk,8,1,26,74,109,0,109,107,109
mne47769,Søren Kjeldgaard Stadel,PricewaterhouseCoopers,2,0,2,5,9,0,9,9,9
mne27850,Peter Willads,Willads & Vibe-Hastrup,3,0,61,129,193,0,193,193,193
mne32072,Søren Kjeld Møller-Jensen,Møller-Jensen Statsautoriseret Revisionsanpartsselskab,5,0,54,112,171,0,171,170,171
mne31426,Allan Birkmose Bjørn,A. Bjørn - Statsautoriseret revisionsanpartsselskab,0,0,0,1,1,0,1,1,1
mne35395,Mads Kokholm,Christensen Kjærulff,19,1,4,29,53,1,52,51,53
mne50614,Jesper Nymark Frandsen,BDO,0,0,2,6,8,0,8,8,8
mne32856,Palle Harting Johansen,BHA Statsautoriseret Revision,15,0,37,96,148,1,147,147,148
mne52245,Kristian Ødegaard Knudsen,Ødegaard Statsautoriseret Revisionsanpartsselskab,0,0,14,14,28,0,28,28,28
mne49102,Jacob Thøgersen,EY,49,0,15,30,96,1,95,86,94
mne2995,Bjarne Valdemar Nordenbæk Jørgensen,BJ Regnskab,25,0,54,108,188,0,188,186,187
mne34342,Thomas Lillemose Lauritsen,PricewaterhouseCoopers,8,2,1,10,23,0,23,21,21
mne110,Bjarne Bastved,Revisorkompagniet,14,2,60,84,160,1,159,157,160
mne49852,Søren Grundtvig Hansen,LPOG ApS,0,0,38,75,113,0,113,113,113
mne6394,Flemming Hansen,Revisionsfirmaet Flemming Hansen,55,0,6,55,116,0,116,114,116
mne24692,Kenn Klejnstrup Jensen,Partner Revision,0,0,0,1,1,0,1,1,1
mne18020,Flemming Brøgger,Delta Administration,0,0,0,13,13,0,13,13,13
mne8729,Inge Linkamp,Revisor Inge Linkamp  ApS,0,0,0,16,16,0,16,16,16
mne44080,Tommy Schormand Johansen,Deloitte,1,0,0,0,1,0,1,1,1
mne27757,Arne Otto Sørensen,Buus Jensen,52,0,20,72,144,1,143,144,144
mne51500,Sebastian Bodin Kmet Thune,Dansk Revision Holbæk,31,1,15,38,85,1,84,84,85
mne46620,Anders Mathias Jessen,Albjerg,15,1,3,4,23,0,23,23,23
mne40050,Brian Schmit Jensen,Deloitte,50,0,3,2,55,0,55,37,55
mne36175,Kasper Sone Randrup,Grant Thornton,11,0,22,39,72,0,72,68,72
mne1313,Claus Meldgaard,Beierholm,8,0,3,13,24,0,24,24,24
mne52093,Nicholas Brager Væring Loumann,Beierholm,3,1,6,20,30,0,30,28,30
mne49036,Mathias Meineche Rosenkrantz,BDO,6,0,18,31,55,0,55,55,55
mne49045,Anders Westphal Klinke,Nejstgaard & Vetlov,11,0,8,80,99,2,97,99,99
mne15009,Benny Erik Voss,PricewaterhouseCoopers,30,0,7,20,57,0,57,48,57
mne2968,Poul Johansson,Sønderup Godkendt Revisionsaktieselskab,33,0,32,173,238,0,238,238,238
mne34547,Louise Camilla Kring,Kreston SR,0,0,0,1,1,0,1,1,1
mne51512,Jonas Lyngberg,Grant Thornton,0,0,9,30,39,1,38,39,39
mne623,Henning Jensen,Beierholm,32,8,30,79,149,0,149,148,149
mne3044,Hanne Kildahl,HK-revision,1,0,0,22,23,0,23,23,23
mne51099,Andreas Skovbak Christensen,BDO,0,0,0,3,3,0,3,3,3
mne19908,Jens Olsson,PricewaterhouseCoopers,38,0,14,8,60,0,60,52,60
mne26720,Boye Gregers Rynord,MTMLB,2,0,8,73,83,0,83,83,83
mne34155,Michael Krath,Beierholm,27,0,13,49,89,0,89,86,89
mne47793,Mads Kristoffer Buch Bay Larsen,Deloitte,7,0,0,5,12,0,12,9,12
mne34486,Anders Arentoft,Egon Pedersen Revision,16,0,19,64,100,0,100,97,99
mne27762,Lars Andersen,Deloitte,24,0,4,4,32,0,32,24,32
mne35925,Lennert Nørgaard Schultz,Nørgaard Schultz Godkendt Revisionsanpartsselskab,0,0,0,65,65,0,65,65,65
mne50610,Rasmus Søgaard Nielsen,RSM,1,0,5,20,26,0,26,26,26
mne48534,Louise Hänsch Olsen,EY,5,0,0,0,5,0,5,0,5
mne47772,Sebastian Wilhelm Gottfred Diemer,BDO,35,0,2,13,50,0,50,46,50
mne33715,Steen Storm Winther,Revisionsfirmaet Jan Kristensen,5,0,4,54,63,0,63,63,63
mne52096,Peter Grønholdt Martensen,Grant Thornton,1,0,0,3,4,0,4,4,4
mne9432,Poul Rexen Thomsen,Revisionsfirmaet Poul Rexen Thomsen,7,0,1,9,17,0,17,17,17
mne4001,Gunnar Kjærgaard Larsen,Revisor Gunnar Kjærgaard Larsen,0,0,0,9,9,0,9,9,9
mne42245,Jesper Stier,EY,0,0,0,1,1,0,1,1,1
mne34490,Kåre Kansonen Valtersdorf,Deloitte,2,0,0,0,2,0,2,0,2
mne15627,Lasse Hougaard Larsen,Revisor/Lasse Larsen,0,0,0,45,45,1,44,45,45
mne45866,Brian Bay,Grant Thornton,2,2,36,62,102,12,90,102,102
mne45854,Anette Beltrão-Primdahl,PricewaterhouseCoopers,4,0,0,0,4,0,4,2,4
mne753,Per Kristiansen,PKF Borup ApS,1,0,0,57,58,0,58,58,58
mne35448,Jacob Nissen Kronow,Beierholm,17,0,11,56,84,0,84,84,84
mne47826,Philip Kjær,PricewaterhouseCoopers,13,0,0,0,14,0,14,6,13
mne17457,Michael Bo Petersen,Revisionsfirmaet MBP,11,0,0,0,11,0,11,11,11
mne30354,Per Hailand,Revisorerne Bastian og Krause,26,0,20,124,170,2,168,170,170
mne26754,Morten Riise Andersen,GBH Revision & Rådgivning,9,3,14,123,149,0,149,149,149
mne18499,Carsten Mønster,Grant Thornton,11,0,43,28,82,0,82,80,82
mne34550,Anders Pedersen,LPOG ApS,14,0,42,139,195,5,190,193,195
mne27749,Henrik Leire,Øernes Revision,0,0,14,55,69,0,69,69,69
mne10842,Per Holtet Bering,GBH Revision & Rådgivning,0,0,21,57,78,0,78,78,78
mne3328,John Lorey Petersen,Dansk Revision Roskilde,92,2,42,136,272,1,271,269,272
mne28660,Kim Thomas Nielsen,Dansk Revision Slagelse,25,0,98,108,231,0,231,226,231
mne15324,Kim Verner Lisse Sørensen,Øernes Revision,1,0,36,67,104,0,104,104,104
mne22452,Benjamin Elleby Jensen,GE Revision & Rådgivning,3,0,7,39,49,1,48,49,49
mne10155,Stiig Ostenfeld,Ostenfeld Revision,0,1,12,58,71,0,71,71,71
mne15628,Charlotte Holm Olsen,Øernes Revision,0,0,0,3,3,0,3,3,3
mne17412,Dennis Rehhof Malle,"DM Revisionsfirma af 1993, Registreret Revisionsanpartsselskab",0,0,15,44,59,0,59,59,59
mne955,Søren Skree Nielsen,Køge Nord Revision,0,0,0,13,13,0,13,13,13
mne32212,Jens Thordahl Nøhr,EY,24,0,0,0,24,0,24,14,24
mne4479,Karin Juel,Karin Juel Registreret Revisionsvirksomhed,0,0,0,14,14,0,14,14,14
mne3443,Torben Henrik Simonsen,Revision Køge,0,0,8,27,35,0,35,35,35
mne7581,Preben Denis Vilhelm Rasmussen,Furesø Revision,0,0,0,3,3,0,3,3,3
mne30121,Christoffer Torlund,Revisionsfirmaet Torlund,2,0,14,37,53,0,53,53,53
mne23314,Claus Tanggaard Jacobsen,EY,21,0,3,2,28,0,28,21,26
mne28605,Morten Gøttsche,LPOG ApS,6,2,36,113,157,1,156,156,157
mne6706,Niels Christian Sørensen,Registreret Revisor N. C. Sørensen,0,0,2,0,2,0,2,2,2
mne2812,Flemming Karger Bernth,Beierholm,23,0,20,31,74,0,74,71,74
mne49955,Christian Berg Johannesen,Sønderup Godkendt Revisionsaktieselskab,5,3,9,20,37,0,37,36,37
mne11481,Per Kronborg Jensen,Revisionsfirmaet Per Kronborg,44,0,158,84,286,0,286,286,286
mne2343,Bent Ivar Andrup,Statsautoriseret revisionsfirma Bent Andrup,0,0,0,3,3,0,3,3,3
mne7587,Tommy Kjær Nielsen,TK Revision,1,0,1,54,56,0,56,56,56
mne32117,Leif Stolberg-Rohr Nørskov,Revision Vadestedet,16,2,5,37,60,0,60,59,60
mne34268,Gitte Vang,Din Revisor Amager ApS Godkendte revisorer,3,0,7,33,43,0,43,43,43
mne34213,Gitte Vilstad,Vilstad Revision og Regnskabsservice,0,0,0,18,18,0,18,18,18
mne36174,Brian Grøndahl Hansen,Revision København Godkendt Revisionspartnerselskab,6,2,14,156,178,1,177,176,178
mne36161,Michael Dam-Johansen,Inforevision,85,1,44,94,224,3,221,220,224
mne2747,Hans Christian Bayer,Revisionsfirmaet Bayer,0,0,1,17,19,0,19,18,18
mne35660,Christian Dahlstrøm,Deloitte,7,0,8,5,20,0,20,20,20
mne34334,Søren Kristiansen Bünger,Redmark,18,0,17,36,71,0,71,71,71
mne2720,Torben Fritzbøger,Revisor Fritzbøger,0,0,0,20,20,0,20,20,20
mne12607,Marianne Kobstrup,Kobstrup,0,0,0,38,38,0,38,38,38
mne3051,Henning Anders Mejner Christiansen,Langelinierevisionen,0,0,0,26,26,0,26,26,26
mne3965,Bente Bille,ReviVision,6,0,11,78,95,0,95,95,95
mne6598,Birgitte Susanne Jensen,Revisorhuset Halsnæs,0,2,13,43,58,0,58,58,58
mne16724,Pernille Sørensen,Øernes Revision,0,0,1,8,9,0,9,9,9
mne27841,Troels Vibe Carlsen,Beierholm,12,4,39,146,201,0,201,201,201
mne6436,Arne Peter Møller,Revisionsfirmaet A P MØLLER,0,0,0,22,22,0,22,22,22
mne12299,Lene Boldt Lindholm,Lindholm Revision,0,0,5,45,50,0,50,50,50
mne962,Jan Sander Nielsen,RB Revision,0,0,1,43,44,0,44,44,44
mne26797,Søren Skov Larsen,EY,16,0,3,0,22,0,22,9,19
mne17515,Henrik Johansen,BDO,5,0,30,67,102,0,102,102,102
mne21323,Per Hulgaard Jansen,Grønlands Revision Godkendt Revisionspartnerselskab,50,0,44,64,158,0,158,148,158
mne3606,Lars Klinkby,Klinkby Revision v/Lars Klinkby,1,0,0,22,23,0,23,23,23
mne1195,Knud Oxenvad,Oxenvads Regnskabsservice ApS,0,0,0,20,20,0,20,20,20
mne15471,René Friis Rasmussen,Kongevejens Revision,14,0,23,84,121,0,121,121,121
mne2627,Pernille Dupont,Dupont Revision,4,0,2,16,22,0,22,22,22
mne24828,Lars Hansen,Deloitte,19,0,0,0,21,0,21,7,19
mne34495,Allan Lunde Pedersen,EY,125,0,0,0,126,0,126,120,125
mne33691,Finn Thomassen,EY,16,0,0,0,16,0,16,11,16
mne34112,Ulrik Dyreby Kock,Grant Thornton,5,3,18,73,99,8,91,99,99
mne4533,Jimmy Vestphael,Nærrevision,3,0,11,21,35,0,35,33,35
mne28708,Michael Winther Rasmussen,Grant Thornton,0,0,9,5,14,0,14,14,14
mne43413,Dennis Herholdt Rasmussen,Mazars Statsautoriseret Revisionspartnerselskab,5,0,2,2,9,0,9,7,9
mne31396,Finn Christensen,Dansk Revision Roskilde,6,0,9,6,21,0,21,21,21
mne1020,Per Ole Nielsen,Dansk Center Revision,0,0,1,15,16,0,16,16,16
mne10149,Johnny Peter Kofoed-Jensen,Beierholm,13,0,15,31,59,1,58,59,59
mne23138,Jan Christensen,2TalRevision v/Jan Christensen,0,0,23,41,64,0,64,64,64
mne5845,Niels Gregers Holm-Nielsen,Revisionsfirmaet Zinnsgade,1,0,11,33,45,0,45,45,45
mne34111,Anders Holmgaard Christiansen,Grant Thornton,6,0,30,50,86,5,81,85,86
mne33771,Dorthe Sander Nielsen,RB Revision,0,0,0,12,12,0,12,12,12
mne49094,Suzette Hansen,Beierholm,0,2,12,48,62,0,62,62,62
mne28700,Lars Christian Schjødt Ankersen,Addere Revision,28,2,19,76,125,0,125,125,125
mne7444,Bjarne Müller Kring,BK-Revision,0,0,0,22,22,0,22,22,22
mne12250,Michael Kim Frejvald Petersen,Martinsen,21,0,0,6,27,0,27,27,27
mne33718,Kenny Madsen,Inforevision,129,0,55,53,237,0,237,228,237
mne15125,Helle Rugaard,PricewaterhouseCoopers,16,0,0,6,22,0,22,22,22
mne34548,Lone Vindbjerg Larsen,PricewaterhouseCoopers,4,0,3,0,8,0,8,6,7
mne8923,Mogens Stern,Christensen Kjærulff,1,0,16,10,27,0,27,27,27
mne2526,Marianne Mortensen,Registreret revisor Marianne Mortensen,0,0,0,25,25,0,25,25,25
mne27702,Preben Pedersen,Ecovis Danmark,1,0,8,1,10,0,10,9,10
mne3299,Uffe Berg Pedersen,Reg Revisor Uffe Berg Pedersen,0,0,0,9,9,0,9,9,9
mne35784,Christina Wibholm,Aage Maagensen,6,5,36,25,72,0,72,71,72
mne35503,Rasmus Bloch Jespersen,EY,10,0,7,2,21,0,21,19,19
mne31453,Claus Bech,BDO,14,0,17,28,60,0,60,57,59
mne47842,Ilhan Dogan,KPMG,3,0,0,0,3,0,3,2,3
mne49066,Sammi Chikri,Dansk Revision Søborg,3,0,15,44,62,0,62,62,62
mne12193,Peter Henriksen,Kappelskov Revision,6,0,7,45,58,1,57,58,58
mne41372,Samuel Jacobsen,Mer Revision,0,0,14,145,159,2,157,159,159
mne33717,Jan Cotte Olsen,EY,5,0,0,0,7,0,7,0,5
mne33804,Jeanne Kubel,Beierholm,3,2,24,51,80,0,80,80,80
mne2630,Svend Dørffer,Revisionsfirmaet Svend Dørffer,9,0,2,50,61,0,61,61,61
mne33685,Michael Svejgaard Søby,BDO,14,0,31,50,95,0,95,94,95
mne15283,Claus Christensen,Brønshøj Regnskab,2,0,0,2,4,0,4,4,4
mne32167,Anne Cathrine Allentoft,PricewaterhouseCoopers,2,0,0,0,2,0,2,1,2
mne49097,Lars Hvidt Benneborg,Christensen Kjærulff,3,0,2,1,6,1,5,6,6
mne318,Svend Røhling Andersen,Andersen Revision & Rådgivning,0,0,0,14,14,0,14,14,14
mne51525,Irene Bendid Nørskov Jensen,Deloitte,2,0,0,0,2,0,2,2,2
mne51509,Anders Christian Lau Reifling Nielsen,Grønlands Revision Godkendt Revisionspartnerselskab,8,0,15,16,39,0,39,39,39
mne5635,Annette Mariane Holm Jensen,AHJ Revision,0,0,0,42,42,0,42,42,42
mne15625,Jens Otto Arboe Sonne,Bornholms Revision,22,0,38,27,87,0,87,84,87
mne7492,Vita Gunborg,Luni Revisions Anpartsselskab,3,0,8,52,63,0,63,63,63
mne27794,Per Damgaard Laugesen,Grønlands Revision Godkendt Revisionspartnerselskab,0,0,2,0,2,0,2,2,2
mne9220,Per Abelsen,Revisionsfirmaet Per Abelsen,0,0,1,7,8,0,8,8,8
mne15428,Peter Damborg,Damborg Revision og Rådgivning,0,0,0,5,5,0,5,5,5
mne24634,Bo Colbe Nielsen,BDO,4,0,1,0,5,0,5,4,5
mne5529,Mogens Breum Andersen,Agenda Revision,0,0,0,19,19,0,19,19,19
mne26769,Ole Ørnstrup,Deloitte,17,0,0,0,17,0,17,14,17
mne12315,Peter Bastholm,Toldbodens Revision & Regnskab,4,0,0,43,47,0,47,47,47
mne454,Jan Valther Hansen,Revisor-fællesskabet af 1976,9,0,0,13,23,0,23,22,22
mne34293,Ole Bonderup,Rønne Revision,2,0,11,16,29,1,28,29,29
mne47863,Christopher Thor Kowalczyk,PricewaterhouseCoopers,10,0,33,26,69,0,69,68,69
mne10906,Lasse Jensen,BDO,6,0,0,0,6,0,6,6,6
mne48591,Trine Tofting Hvidkjær,BDO,1,0,4,7,12,0,12,12,12
mne9384,Eigil Hansen,Powered-By Statsautoriseret Revisionspartnerselskab,0,0,3,16,19,1,18,19,19
mne29421,Kasper Bruhn Udam,Deloitte,7,0,0,0,7,0,7,6,7
mne14956,Jens Jørgensen Baes,Deloitte,0,0,1,3,4,0,4,4,4
mne17094,Dan Kobbernagel Andresen,Beierholm,5,1,17,43,66,0,66,64,66
mne30144,Jimmi Christensen,Sønderup,0,1,0,6,7,0,7,7,7
mne50624,Niels Frøland Johansen,Deloitte,17,0,1,23,41,0,41,41,41
mne34277,Christoffer Jensen,Buus Jensen,15,2,7,8,32,0,32,32,32
mne28632,Lars Rhod Søndergaard,EY,111,0,0,0,120,0,120,92,111
mne29461,Claus Køhler Carlsson,PricewaterhouseCoopers,5,0,1,0,7,0,7,4,6
mne28631,Lars Jørgen Rasmussen,Ri Statsautoriseret Revisionspartnerselskab,37,0,0,5,42,0,42,40,42
mne10901,Jesper Otto Edelbo,PricewaterhouseCoopers,42,0,0,4,46,0,46,42,46
mne9940,Bjarne Jensen,Revisionsfirmaet Edelbo & Lund-Larsen,10,0,1,39,50,0,50,50,50
mne42826,Henrik Kofod Dich,H D Consult,0,0,5,2,7,0,7,7,7
mne5502,Lone Østergaard Andersen,Kjær Revision,1,0,9,19,29,0,29,29,29
mne1295,Hans Jørgen Rasmussen,SR Revision,3,0,4,18,25,0,25,25,25
mne4893,Finn Randrup Diemer,Registreret Revisionsvirksomhed FD Revision,0,0,0,1,1,0,1,1,1
mne6247,Lisbeth Wyrwik,Wyrwik,0,0,0,17,17,0,17,17,17
mne34191,Sara Carstensen,KPMG,18,0,0,0,18,0,18,3,18
mne24841,Bo Zwicky Ørum,NU-REVI,8,0,0,34,42,0,42,42,42
mne33234,Christian Schwenn Albrecht Johansen,EY,14,0,0,0,18,0,18,13,14
mne10117,Tommy Jensen,Sønderup Godkendt Revisionsaktieselskab,0,0,0,3,3,0,3,3,3
mne16030,Peter Krog Christoffersen,Revisionsfimaet W. Bach Nørgaard,8,0,14,71,93,0,93,93,93
mne23316,Jan Hetland Møller,PricewaterhouseCoopers,2,0,3,0,5,0,5,5,5
mne3866,John Dalgaard,"John Dalgaard, Statsautoriseret Revisionsanpartsselskab",0,0,0,9,9,0,9,9,9
mne40028,Henrik Kyhnauv,PricewaterhouseCoopers,71,0,1,3,75,0,75,61,75
mne34084,Katja Grønkjær Jakobsen,ReviVision,0,0,5,14,19,0,19,19,19
mne32126,Stefan Vastrup,PricewaterhouseCoopers,3,0,0,0,3,0,3,2,3
mne8304,Bent Jørgensen,Revisionsfirmaet Bent Jørgensen,0,0,0,17,17,0,17,17,17
mne11384,Olav Borg Christensen,Borg Revision v/Olav Borg Christensen,0,0,0,7,7,0,7,7,7
mne16045,Susanne Jensen,Kappelskov Revision,1,0,24,52,77,0,77,77,77
mne44180,Christian Engelbrecht Friis,Crowe,2,0,8,9,19,0,19,19,19
mne12472,Jimmy Bergøe,Revision Nord,8,0,15,41,64,2,62,62,64
mne7602,Laila Yvonne Boesen Rasmussen,MBL Revision,0,0,13,34,47,0,47,47,47
mne851,Per Bjarne Knudsen,Hestehavens Revison,0,0,7,3,10,0,10,10,10
mne44111,Christian Møller Gyrsting,PricewaterhouseCoopers,18,0,2,1,21,0,21,14,21
mne9880,Inge Nilsson,Skatteinform,6,0,0,34,40,0,40,40,40
mne16987,Bodil Jacobsen,Uniconsult,0,0,0,12,12,0,12,12,12
mne12581,Lone Nordskov Mortensen,Registreret Revisionsvirksomhed Nordskov Revision,0,0,0,74,74,0,74,74,74
mne16665,Carsten Nielsen,TALSTABLEREN REGISTRERET REVISIONSANPARTSSELSKAB,0,0,11,31,42,1,41,42,42
mne21358,Kirsten Aaskov Mikkelsen,Deloitte,1,0,0,0,1,0,1,0,1
mne395,Carsten Eg Hansen,Revida,0,0,1,5,6,0,6,6,6
mne487,Jan Ole Håkonsson,Øernes Revision,3,0,0,2,5,0,5,5,5
mne7203,Jørgen Krøyer,Nærrevision,0,0,0,8,8,0,8,8,8
mne5883,Kurt Friborg Jensen,Talsnedkeren,0,0,8,9,17,0,17,17,17
mne4317,Niels Kristian Strunch,ADDCO P/S Godkendte Revisorer,0,0,0,15,15,0,15,15,15
mne24732,Anders Duedahl-Olesen,EY,5,0,0,0,5,0,5,3,5
mne49037,Daniel Gaardsdal Lauridsen,Grant Thornton,1,0,7,25,33,0,33,33,33
mne52171,Lasse Berg Rosfeldt,PricewaterhouseCoopers,9,0,16,0,25,0,25,25,25
mne50632,Rasmus Christiansen,Deloitte,49,0,0,3,52,0,52,52,52
mne21390,René Hattens,Deloitte,1,0,0,0,1,0,1,1,1
mne28675,Claus Kronbak,EY,2,0,0,0,4,0,4,0,2
mne1032,Niels Jørn Frost Nielsen,Registreret Revisionsanpartsselskab j. Gilbert Nielsen,2,0,1,1,4,0,4,4,4
mne9577,Carsten Øhauge Pedersen,Beierholm,1,0,0,0,1,0,1,1,1
mne4540,Tonni Robert Viktorius,JH Revision,1,0,0,0,1,0,1,1,1
mne320,Søren Funder Andersen,Funder & Henriksen,0,0,0,1,1,0,1,1,1
mne34355,Henrik Bernhardt Nyvang,PricewaterhouseCoopers,0,0,1,1,2,0,2,2,2
mne10067,Gerhard Henrik Paaske,Buus Jensen,8,0,4,0,12,0,12,10,12
mne7881,Birgitte Kiirdal,CBK Revision,24,0,0,5,29,0,29,27,29
mne1332,Henrik Blixenkrone,Henrik Blixenkrone Registreret Revisionsanpartsselskab,0,0,0,1,1,0,1,1,1
mne116,Claus Skov Christensen,Revifirmaet,1,0,0,11,12,0,12,12,12
mne9542,Johnny Ole Berggreen Osmark,Osmark,1,0,0,3,4,0,4,4,4
mne15575,Peter Henrik Deiborg,Revisionsfirmaet Peter Deiborg,0,1,0,2,5,0,5,3,3
mne2601,Preben Arnt Danborg,Danborg Revision,2,0,0,23,25,0,25,25,25
mne30257,Pia Lund Lillebæk,Mazars Statsautoriseret Revisionspartnerselskab,5,0,0,1,6,0,6,6,6
mne9053,Kenneth Birkelund,Revisionsfirmaet Kenneth Birkelund,0,0,0,14,14,0,14,14,14
mne51508,Nurettin Korkmaz,Tetras Statsautoriseret Revisionsanpartsselskab,6,0,11,56,73,0,73,73,73
mne19716,Leif Åke Linden,Kallermann Revision,1,0,0,1,2,0,2,2,2
mne31510,Jan Greve,Konde ApS,0,0,0,6,6,0,6,6,6
mne34156,Sanne Bech Davidsen,DR Revision,1,1,8,23,33,0,33,33,33
mne21360,Jess Kjær Mogensen,PricewaterhouseCoopers,1,0,0,0,1,0,1,0,1
mne46667,Anders Roe Eriksen,EY,8,0,1,4,13,0,13,9,13
mne745,Lisa Charlotte Bébe Kolbye,Revisionsfirmaet Gutfelt,2,0,22,21,45,2,43,45,45
mne10284,Jane Pia Lading Pedersen,Revisorgården v/Jane Lading Pedersen,0,0,0,10,10,0,10,10,10
mne50701,Johannes Sønderris Pedersen,Grant Thornton,1,0,13,19,33,6,27,33,33
mne343,Lisette Pedersen,Kvalitetsrevision,0,0,0,26,26,0,26,26,26
mne4623,Steen Aalstrup,SAa Revision,0,0,2,22,24,0,24,24,24
mne34498,Morten Qvist Hansen,Prima Revision,0,0,9,88,97,0,97,97,97
mne19759,Flemming Andreasen,Inforevision,1,0,0,0,1,0,1,1,1
mne50634,Arif Aygar,Deloitte,7,0,13,5,25,0,25,25,25
mne52069,Jacob Dalsgaard Enkebølle,Grant Thornton,0,0,3,15,18,0,18,18,18
mne4280,Buller Tex Flemming Olsen,Buller Tex Flemming Olsen,7,0,0,0,7,0,7,7,7
mne9287,Jens Rye,"Jens Rye, Statsautoriseret Revisor",0,0,2,7,9,0,9,9,9
mne16626,Peter Steen Christensen,Excell Revision,0,0,0,18,18,0,18,18,18
mne718,Ole Borup Kallesøe,OBK Revision,0,0,0,19,19,0,19,19,19
mne3896,Steen Koch,Steen Koch Registrerede revisorer,0,1,6,41,48,0,48,48,48
mne15008,Pia Søndergaard,Albjerg,1,0,0,7,8,0,8,8,8
mne16780,Peter Carsten Høg,Revisionsfirmaet Peter Høg,0,0,0,7,7,0,7,7,7
mne10032,Tom Rasmussen,T. Rasmussen Revision,20,0,0,22,42,0,42,42,42
mne49062,Henrik Bøye Laursen,PricewaterhouseCoopers,8,0,0,0,8,0,8,8,8
mne30263,Claus Pio,Piaster Revisorerne,9,0,2,3,14,0,14,14,14
mne6251,Ole Marquard,Buus Jensen,0,1,10,39,50,1,49,50,50
mne7610,Holger Vilhelm Torsten Rasmussen,Torsten Rasmussen,0,0,0,26,26,0,26,26,26
mne34443,Helle Schulz Jørgensen,RevisorGården,0,0,0,14,14,0,14,14,14
mne29494,Jens Michael Colstrup,Nejstgaard & Vetlov,17,0,9,19,45,0,45,43,45
mne10778,Henrik Barner Christiansen,KPMG,4,0,0,0,6,0,6,2,4
mne9191,Lise Foss Nielsen,Kreston CM,8,0,12,23,43,0,43,42,43
mne16181,Kim Andkjær Christensen,Øernes Revision,0,0,2,38,40,0,40,40,40
mne33716,Sumit Sudan,Deloitte,12,0,0,0,12,0,12,5,12
mne44102,Salina Sørensen,Din Revisor Amager ApS Godkendte revisorer,1,0,3,10,14,1,13,14,14
mne47807,Frederik Juhl Hestbæk,Audit Advisor ApS,0,0,11,9,20,0,20,20,20
mne52164,Tobias Mads-Emil Christiansen,PricewaterhouseCoopers,0,0,4,3,8,0,8,7,7
mne47886,Jacob Dannefer,PricewaterhouseCoopers,10,0,4,1,15,0,15,13,15
mne6032,Ebbe Jensen,Revision Vadestedet,1,0,0,0,1,0,1,1,1
mne9201,Leif Gundelach Rasmussen,Statsautoriseret Revisor Leif G. Rasmussen,0,0,0,39,39,0,39,39,39
mne15473,Jens Jørgen Christensen,Østdansk Landboforening,0,0,0,18,18,0,18,18,18
mne4471,Jørgen Asger Pedersen,Revisionsfirmaet Obsen & Nielsen,2,0,1,7,10,0,10,10,10
mne9664,Jesper Jørgensen,Deloitte,2,0,2,1,5,0,5,5,5
mne2503,Flemming Israelsen,F I Revision,2,0,0,41,43,0,43,43,43
mne16653,Robert Christensen,EY,1,0,1,1,3,0,3,3,3
mne34148,Stinus Tschentscher Andersen,Betternumbers P/S,0,0,2,17,19,0,19,19,19
mne52106,Jacob Møldrup Larsen,Redmark,0,0,0,10,10,0,10,10,10
mne34453,Elife Savas,PricewaterhouseCoopers,20,0,0,0,20,0,20,19,20
mne2861,Tommy Licht Jensen,Sønderup Godkendt Revisionsaktieselskab,2,0,3,16,21,0,21,19,21
mne2556,Nils Kamp Knudsen,Nils Knudsen NK - REVI,0,0,0,41,41,0,41,41,41
mne32067,Jan Storgaard,JST Revision,0,0,0,13,13,0,13,13,13
mne49058,Anne Grete Bøgh,Aage Maagensen,0,0,9,25,34,0,34,34,34
mne3069,Peter Amund Jørgensen,Dansk Revision Hillerød,0,0,5,0,5,0,5,5,5
mne692,Børge Nørvang Jensen,Revision København Godkendt Revisionspartnerselskab,2,0,0,0,2,0,2,2,2
mne49053,Lise Hillersborg Madsen,Deloitte,0,0,0,2,2,0,2,2,2
mne10655,Jan Erik Vegge,Statsaut. Rev. Jan Vegge,0,0,0,4,4,0,4,4,4
mne49853,Daniel Sveistrup Kramer,Bisbjerg & Partners P/S,2,0,5,45,52,1,51,52,52
mne10123,Thomas Thorup Møllgaard,R-Vision,0,0,0,9,9,0,9,9,9
mne19800,Jørn Krusegaard,Øresund Revision Statsautoriseret Revisionsanpartsselskab,15,0,3,3,23,0,23,21,21
mne51550,Andreas Lottrup Windahl,KPMG,1,0,0,0,1,0,1,1,1
mne47806,Troels Stenholm,RSM,0,0,6,31,37,0,37,37,37
mne29436,Steen Kjær,Kjær Revision,0,0,20,69,89,0,89,89,89
mne18323,Jørn Rene Christensen,AC Revision - Registreret Revisionsanpartsselskab,0,0,0,1,1,0,1,1,1
mne3452,Erik Henning Christensen,EC Økonomi og regnskab,1,0,0,4,5,0,5,5,5
mne51490,Michela Stine Bjørk Hansen,Revision Vadestedet,3,2,4,11,20,0,20,20,20
mne47918,Christoffer Anholm Salmon,Grant Thornton,6,0,7,6,19,0,19,19,19
mne47264,Nikolaj Bo Pedersen,PricewaterhouseCoopers,6,0,0,1,7,0,7,7,7
mne34137,Leon Lillholm Stokkebye,Beierholm,1,0,0,0,1,0,1,1,1
mne46624,André Nielsen,PricewaterhouseCoopers,7,0,2,2,11,0,11,10,11
mne46065,Mads Blichfeldt Fjord,PricewaterhouseCoopers,7,0,14,11,33,0,33,29,32
mne51048,Kim Eghave Edvardsen,BDO,2,0,0,3,5,0,5,5,5
mne49095,Simon Boling Tønnesen,KPMG,4,0,0,0,5,0,5,2,4
mne11058,Anne Mette Høffner,Registreret Revisor Mette Storgaard Høffner,0,0,0,13,13,0,13,13,13
mne16682,Kenneth Lehmann Andersen,Nærrevision,0,0,0,28,28,0,28,28,28
mne29394,Henrik Christian Grønnegaard,Deloitte,0,0,3,2,5,0,5,5,5
mne5292,Asger Briete Wiuff,Revisionsfirmaet Asger Wiuff Andersen,2,0,0,0,2,0,2,2,2
mne51495,Sebastian Frøkjær-Lorendsen,Grant Thornton,3,0,1,7,11,0,11,11,11
mne4562,Peter Michael Westergaard,BDO,0,0,0,2,2,0,2,2,2
mne9738,Jan Noer Sahl,Krøyer Pedersen Statsautoriserede Revisorer,2,0,0,0,2,0,2,1,2
mne15126,Allan Kamp Jensen,PricewaterhouseCoopers,0,0,2,1,3,0,3,3,3
mne11022,Carsten Ågård,ADDCO P/S Godkendte Revisorer,0,0,0,46,46,0,46,46,46
mne11673,Vibeke Düring Reyes Jensen,Inforevision,19,0,2,4,25,0,25,25,25
mne18239,Karsten Jens Andersen,Karsten Andersen Registreret Revisionsvirksomhed,0,0,2,1,3,0,3,3,3
mne16258,Kim Johnny Toft Sørensen,Toft Revision,0,0,4,22,26,0,26,26,26
mne47789,Rolan Atl Caballero Pena Espedal,EY,10,0,0,0,10,0,10,5,10
mne33781,Max Flemming Krogholt Nielsen,FN Revision,2,13,2,7,32,0,32,24,24
mne44147,Rasmus Friborg Andersen,EY,13,0,0,0,13,0,13,10,13
mne7588,Morten Westergaard Rasmussen,Registreret revisor Morten Rasmussen,0,0,0,2,2,0,2,2,2
mne49068,Tinne Kruse,EY,13,0,1,3,17,0,17,17,17
mne45105,Daniel Nielsen,TT REVISION,0,0,8,23,31,0,31,31,31
mne49837,Oliver Svane,PricewaterhouseCoopers,6,0,0,15,21,0,21,21,21
mne15578,Johnny Per Karleby,Rådgivningsgruppen,1,0,1,8,10,0,10,10,10
mne4028,Kirsten Margrethe Larsen,NET-Revision,0,0,0,6,6,0,6,6,6
mne29389,Kasper Vindelev,PKF Munkebo Vindelev,1,0,0,0,1,0,1,1,1
mne6154,Iben Green Madsen,IGM Revision v/iben green madsen,0,0,0,9,9,0,9,9,9
mne27711,Trine Rasch,Beierholm,0,0,1,7,8,0,8,8,8
mne3677,Ole Hvid Christiansen,Rehvidsion,0,0,0,2,2,0,2,2,2
mne52082,Mathias Rolighed Thornbull,BDO,0,0,0,10,10,0,10,10,10
mne15606,Tine Nygaard Larsen,Revisionskontoret i Faxe,0,0,0,1,1,0,1,1,1
mne25196,Børge Jimmy Højmose Christiansen,Revisionsfirmaet Højmose Christiansen ApS,2,0,0,2,4,0,4,4,4
mne34194,Vanja Margrethe Lawaetz Schultz,Christensen Kjærulff,2,0,2,4,8,0,8,8,8
mne10944,Kim Takata Mücke,BDO,3,0,0,0,3,0,3,1,3
mne11243,Jens Daniel Hansen,ReviVision,0,0,3,18,21,0,21,21,21
mne742,Michael Kure,Svaneke Revision I/S,0,0,2,0,2,0,2,2,2
mne34470,Pia Vejby Høtoft,Sønderup Godkendt Revisionsaktieselskab,0,0,0,1,1,0,1,1,1
mne10922,Brigitte Bonet Ringvad,Dansk Revision Roskilde,1,0,0,4,5,0,5,5,5
mne34528,Allan Wøhlk Høgh,PricewaterhouseCoopers,11,0,7,0,18,0,18,17,18
mne34357,Steffen Kaj Thostrup Pedersen,"JS Revision, Godkendt Revisionsaktieselskab",0,0,0,1,1,0,1,1,1
mne52109,Victoria Åkerlund Niemeier,PricewaterhouseCoopers,0,0,0,6,6,0,6,6,6
mne33260,Peter Frankov Nissen,PricewaterhouseCoopers,2,0,0,0,2,0,2,1,2
mne47832,Sune Christensen Bjerre,PricewaterhouseCoopers,0,0,0,6,6,0,6,6,6
mne19787,Ole Nørrelund Hansen,Beierholm,3,0,0,1,4,0,4,4,4
mne3404,Jørn Erik Schmidt,Jes Revision,0,0,0,2,2,0,2,2,2
mne33800,Tenna Hauge Jørgensen,Deloitte,17,0,0,0,17,0,17,13,17
mne2897,Eva Marianne Christensen,Østdansk Landboforening,0,0,0,5,5,0,5,5,5
mne17376,Birgit Lykke Munksgaard,ABM-Revision,0,0,0,1,1,0,1,1,1
mne33746,Henrik Lykke-Rasmussen,Veritas,1,0,0,2,3,0,3,3,3
mne9539,Ole Olsen,Beierholm,0,0,0,12,12,0,12,12,12
mne9246,Jens Peter Elgum,Beierholm,0,0,0,1,1,0,1,1,1
mne12007,Jan Almtoft Hansen,RND Partner,0,0,0,1,1,0,1,1,1
mne3491,Jørn Skaaning,Revisionsfirmaet Højvar & Skaaning,0,0,0,2,2,0,2,2,2
mne33316,Kasper Marqvertsen,Bille & Buch-Andersen,0,0,0,5,5,0,5,5,5
mne49107,Josef Steen Renner Petersen,Christensen Kjærulff,0,0,0,1,1,0,1,1,1
mne43596,Rie Merete Kjær Larsen,Deloitte,5,0,0,0,5,0,5,5,5
mne44159,Qasam Hussain,PricewaterhouseCoopers,3,0,0,0,3,1,2,3,3
mne11175,Connie Dalsgaard Melander,Øernes Revision,0,0,0,1,1,0,1,1,1
mne50617,Jens Peter Brusen Rasmussen,PricewaterhouseCoopers,4,0,0,0,4,0,4,4,4
mne40824,Jakob Lindberg,Deloitte,26,0,0,0,26,0,26,25,26
mne16090,Anette Skovborg Jespersen,Skovborg & Co. P/S,0,0,0,1,1,0,1,1,1
mne51542,Christian Lønne,PricewaterhouseCoopers,0,0,0,0,1,0,1,0,0
mne49914,Leon Thomas Ravn Fagerlind,Deloitte,3,0,4,1,8,0,8,7,8
mne673,Jørgen Leif Joost,Beierholm,0,0,0,4,4,0,4,4,4
mne5456,Michael Vinther Andersen,TimeVision,1,0,1,0,2,0,2,2,2
mne34139,Allan Auning-Hansen,Ri Statsautoriseret Revisionspartnerselskab,0,0,0,1,1,0,1,1,1
mne3362,Frank Lindquist Poulsen,FP Revision,1,0,0,0,1,0,1,1,1
mne46614,Christian Møllegaard Larsen,KPMG,0,3,0,0,3,0,3,3,3
mne51489,Símun Petur Arge Poulsen,Deloitte,18,0,0,2,20,0,20,20,20
mne42833,Peter Kyhnauv-Vejgaard,Deloitte,2,0,0,0,2,0,2,1,2
mne28656,Uffe Østergaard Bertelsen,CTM Revision,0,0,0,1,1,0,1,1,1
mne14986,Jens Sejer Pedersen,Deloitte,3,0,0,0,3,0,3,2,3
mne33507,Rikke Lund-Kühl,PricewaterhouseCoopers,2,0,0,0,2,0,2,2,2
mne19737,David Olafsson,KPMG,2,0,0,0,4,0,4,2,2
mne10061,Tommy Nørskov Rasmussen,Albjerg,0,0,0,2,2,0,2,2,2
mne11735,Peter Møller Holm,Barrett revisionsanpartsselskab,0,0,1,1,2,0,2,2,2
mne49860,Onur Yüksel,KPMG,1,0,0,0,1,0,1,1,1
mne3545,Margit Søgaard Paaske Svendsen,KPMG,1,0,0,0,1,0,1,1,1
mne51605,Mette Schüsler,Inforevision,0,0,0,1,1,0,1,1,1
mne49901,Lars Kristian Poulsen,Powered-By Statsautoriseret Revisionspartnerselskab,0,0,0,4,4,0,4,4,4
mne18292,Jane Hemmingsen,PJ Revision ApS Registrerede Revisorer,0,0,0,4,4,0,4,4,4
mne51486,Sebastian Reinbach Kilde Hye,Deloitte,3,0,3,6,12,0,12,12,12
mne50598,Amanda Sommer Degn,PricewaterhouseCoopers,0,0,0,8,8,0,8,8,8
mne16561,Lars Bo,Revisionsfirmaet Lars Bo,1,0,3,4,8,0,8,8,8
mne11354,Søren Lund,Sønderup,0,0,0,1,1,0,1,1,1
mne23419,Hakon Rønn Jensen,Beierholm,1,0,0,0,1,0,1,1,1
mne31449,Jakob Westerdahl,Redmark,1,0,0,0,1,0,1,1,1
mne42812,Nikolai Selch,Grant Thornton,0,0,2,3,5,0,5,5,5
mne28670,Anni Henriette Haraszuk,Revisionsfirmaet Albrechtsen,0,0,0,4,4,0,4,4,4
mne29453,Martin Vadgaard Kristensen,PricewaterhouseCoopers,1,0,0,0,1,0,1,1,1
mne8936,Per Svenningsen,PJ Revision Statsautoriseret Revisionsanpartsselskab,0,0,0,1,1,0,1,1,1
mne50643,Simon Mohammadi Andersen,KPMG,0,8,1,6,15,0,15,15,15
mne5591,Hans Michael Anker,Beierholm,0,0,2,3,5,0,5,5,5
mne49079,Mohammad Zoraiz Khushdil,Grant Thornton,0,0,2,12,14,0,14,14,14
mne9096,Jan Peter Rasmussen,Asset,0,0,0,1,1,0,1,1,1
mne26819,Michael Gjelstrup Stenskrog,Statsautoriseret revisor Michael Stenskrog,0,0,0,1,1,0,1,1,1
mne51503,Frederik Winckler Lensbøl,BDO,0,0,0,5,5,0,5,5,5
mne10028,Claus Derso Bishaw-Witt,Rödl & Partner Danmark,0,0,2,1,3,0,3,3,3
mne35423,Anders Flymer-Dindler,Beierholm,1,0,2,1,4,0,4,4,4
mne18639,Steen Bjerggaard,BJERGGAARD Regnskab og Rådgivning v/ Steen Bjerggaard,0,0,0,2,2,0,2,2,2
mne18498,Jørgen Roager,Exacta Gruppen,0,0,0,1,1,0,1,1,1
mne32175,Tore Randinsen Falk Kolby,Inforevision,1,0,1,0,2,0,2,2,2
mne32734,Gitte Henckel,Rödl & Partner Danmark,0,0,0,2,2,0,2,2,2
mne21386,Per Lund,BDO,1,0,0,0,1,0,1,1,1
mne46265,Anders Simon Houmann,Deloitte,1,0,0,0,1,0,1,1,1
mne10077,Carsten Bjørn Nielsen,DP Hillerød P/S,0,0,0,1,1,0,1,1,1
mne12086,Peter Hermanns,Revisorteamet.dk,0,0,0,2,2,0,2,2,2
mne9405,Søren Piilgaard Henschel,Beierholm,0,0,1,0,1,0,1,1,1
mne15273,Kjeld Torben Birk,Nordkyst Revision Godkendt Revisionspartnerselskab,0,0,0,1,1,0,1,1,1
mne10678,Iver Haugsted,Christensen Kjærulff,0,0,0,3,3,0,3,3,3
mne6621,Leib Eluf Falk Hansen,FER Fyns Erhvervsrevision,0,0,0,1,1,0,1,1,1
mne21332,Torben Poul Bender,EY,4,0,0,0,4,0,4,3,4
mne42825,Martin Lennart Birch,PricewaterhouseCoopers,0,0,1,1,2,0,2,2,2
mne2910,Henry Jespersen,Landboforeningen Gefion,0,0,0,1,1,0,1,1,1
mne51059,Patrick Orbæk,PricewaterhouseCoopers,1,0,0,0,3,0,3,1,1
mne29482,Thomas Bylov,Lou Revision,0,0,0,1,1,0,1,1,1
mne551,Carl Erik Jacobsen,C&J Revision,0,0,0,1,1,0,1,1,1
mne26859,Lotte Engel Johansen,DP Hillerød P/S,0,0,0,1,1,0,1,1,1
mne50649,Rune Andreas Berg Vølding,KPMG,0,0,1,0,1,0,1,1,1
mne17362,Jesper Flemming Brøns,Dansk Revision Roskilde,0,0,0,1,1,0,1,1,1
mne46359,Rikke Nanet Bach Buchholt,EY,2,0,0,0,2,0,2,2,2
mne50629,Lars Andersen,EY,1,0,0,0,1,0,1,1,1
mne51524,Rasmus Nordam Andersen,NORDAM STATSAUTORISERET REVISIONSVIRKSOMHED ApS,0,0,0,1,1,0,1,1,1
mne51498,Pernille Louise Jensen,Beierholm,0,0,0,1,1,0,1,1,1
mne2049,Bent Rasmussen,HvidebækRevisoren,0,0,0,1,1,0,1,1,1
