mne,pub_month,antal,aktive
mne32096,6,90,0
mne41306,12,13,1
mne33822,11,7,0
mne23420,2,25,0
mne34028,2,16,0
mne30211,3,14,1
mne34456,3,14,0
mne27864,6,62,0
mne40029,12,4,0
mne16922,1,14,0
mne18547,7,9,0
mne1167,6,86,0
mne47795,5,15,0
mne35811,11,13,0
mne35391,3,42,0
mne18474,6,34,0
mne11645,2,23,0
mne11645,1,24,0
mne32848,12,49,1
mne34484,7,25,0
mne29369,7,59,0
mne32096,10,27,0
mne43455,4,31,0
mne33212,3,71,0
mne26713,4,32,1
mne48490,3,19,0
mne35388,10,15,0
mne7435,6,23,0
mne1442,9,1,0
mne44109,6,69,0
mne34467,5,10,0
mne34095,11,18,0
mne10823,6,31,0
mne49147,9,5,0
mne35811,10,8,0
mne49962,6,42,0
mne21334,6,44,0
mne31444,10,11,0
mne29469,10,2,0
mne29393,7,35,0
mne3097,6,17,0
Ukendt revisor,7,273,1
mne11348,5,34,0
mne19674,11,6,0
mne34536,10,24,0
mne33686,5,44,0
mne369,5,2,0
mne24825,6,69,1
mne41367,4,19,0
mne35838,2,44,0
mne35811,5,33,1
mne4173,1,22,1
mne34272,6,102,0
mne35664,2,9,0
mne31397,10,10,0
Ukendt revisor,11,146,0
mne30151,2,15,0
mne46609,6,63,1
mne1826,6,83,1
mne30224,6,125,3
mne10084,7,33,0
mne18473,6,52,0
mne32792,6,60,0
mne29432,5,22,0
mne45861,11,9,0
mne27708,11,5,0
mne34099,3,23,0
mne32204,4,35,0
mne23324,7,54,0
mne29393,12,44,0
mne35822,6,100,0
mne35430,1,13,0
mne17323,3,39,0
mne503,6,24,0
mne40065,6,96,5
mne1341,7,86,0
mne10547,6,66,0
mne7504,12,13,0
mne40065,5,35,6
mne48483,6,75,4
mne49042,3,23,0
mne31387,12,26,0
mne34336,9,20,0
mne2376,6,51,0
mne16813,12,26,0
mne34502,12,35,0
mne17386,12,8,0
mne47791,12,10,0
mne26783,12,19,0
mne41365,6,115,0
mne46607,11,7,0
mne35803,3,21,0
mne50559,9,11,0
mne32736,11,18,0
mne35808,6,55,2
mne46636,11,12,0
mne31412,12,10,0
mne604,11,6,1
mne15784,6,17,0
mne17402,6,66,0
mne34460,5,5,0
mne32774,12,17,0
mne47904,6,35,0
mne167,1,4,0
mne36182,1,20,0
mne27873,3,40,1
mne32205,11,15,0
mne23297,11,5,0
mne29432,6,63,0
mne40962,4,13,4
mne26714,4,15,0
mne19744,6,79,2
mne607,5,6,0
mne34162,1,12,0
mne9748,2,14,0
mne28683,6,69,0
mne33725,12,41,0
mne33197,6,22,0
mne27741,6,72,0
mne35460,7,28,0
mne2573,9,6,0
mne23420,5,32,0
mne10734,7,30,0
mne11348,7,18,0
mne17138,6,100,0
mne18898,6,27,0
mne33196,6,89,0
mne2896,7,44,0
mne23414,3,21,0
mne31404,11,51,0
mne15370,6,13,0
mne35822,4,40,0
mne48483,9,3,0
mne867,3,15,0
mne35822,3,35,0
mne45930,3,25,0
mne46629,7,27,0
mne47808,12,12,0
mne27741,12,19,0
mne31413,12,7,0
mne34289,6,89,0
mne34518,3,22,3
mne32849,6,81,0
mne27866,3,52,0
mne27873,2,12,0
mne44151,2,14,0
mne5783,3,27,0
mne34316,3,30,0
mne10427,3,2,0
mne27773,5,11,0
mne24820,3,43,0
mne35391,4,32,0
mne34371,7,15,0
mne46610,6,68,0
mne12488,5,6,0
mne24638,7,17,0
mne15931,7,16,0
mne2427,6,29,0
mne34095,5,31,0
mne49105,4,12,0
mne7947,6,23,0
mne34109,3,13,0
mne35413,5,39,0
mne16817,2,4,0
mne15931,6,58,0
mne3901,3,26,0
mne21381,8,5,0
mne196,3,8,0
mne26713,3,66,0
mne24737,6,21,0
mne35810,7,10,0
Ukendt revisor,12,314,3
mne31436,3,21,0
mne8217,3,24,0
mne28659,12,11,0
mne18623,7,17,0
Ukendt revisor,3,279,1
mne34103,6,132,1
mne35805,12,11,2
mne30145,4,36,0
mne34506,6,137,0
mne18617,4,17,0
mne23324,6,87,0
mne24773,5,6,0
mne33693,12,19,0
mne11348,10,23,0
mne34289,4,40,0
mne36029,5,35,0
mne34371,6,72,0
mne27703,10,24,0
mne30154,6,23,0
mne34546,11,9,0
mne17021,5,58,0
mne1826,7,19,0
mne12006,11,8,0
mne47422,3,37,0
mne34028,6,34,0
mne35464,6,65,0
mne46626,1,25,0
mne46586,4,12,0
mne35838,6,76,0
mne34144,6,58,0
mne45845,6,78,0
mne32056,4,44,0
mne32750,6,91,0
mne29432,7,60,0
mne41306,10,3,0
mne27773,3,10,0
mne29476,10,14,0
mne32128,11,18,0
mne11062,9,6,0
mne33779,6,106,0
mne32133,6,58,1
mne32750,5,14,0
mne7480,5,19,0
mne23293,7,27,0
mne23328,5,11,0
mne31463,11,6,0
mne46609,5,22,0
mne12488,6,31,0
mne33708,6,62,0
mne34536,7,66,0
mne31470,5,57,4
mne19698,3,46,0
mne47767,6,81,0
mne35420,4,26,0
mne35801,6,39,0
Ukendt revisor,6,593,8
mne16922,2,18,0
mne12040,6,14,0
mne29390,3,7,0
mne23294,4,37,0
mne34103,4,95,0
mne33708,11,3,0
mne31480,7,148,0
mne23333,7,26,3
mne18473,7,25,0
mne12510,10,15,0
mne31480,3,76,1
mne34333,6,39,0
mne23297,3,15,0
mne42184,4,10,0
mne33689,6,87,0
mne26753,1,8,0
mne34302,6,28,0
mne45833,5,24,0
mne33762,2,21,0
mne41365,5,50,0
mne35464,10,11,0
mne23304,6,95,0
mne34028,5,27,0
mne26694,4,20,0
mne17138,11,30,0
mne19789,1,6,0
mne34512,6,50,0
mne17814,6,38,0
mne19688,6,51,0
mne28629,1,12,0
mne17138,12,27,0
mne32372,12,23,0
mne41365,12,21,0
mne10547,9,3,0
mne34099,6,67,0
mne26713,1,25,0
mne42794,4,37,0
mne27873,7,33,0
mne33194,3,23,0
mne34536,11,25,0
mne27866,2,36,0
mne33854,10,25,0
mne29356,3,17,1
mne6529,10,21,0
mne44113,4,6,0
mne26753,5,20,0
mne17319,5,17,0
mne23420,4,35,0
mne27737,2,4,0
mne33710,6,41,0
mne23279,5,14,0
mne33207,2,16,0
mne49099,6,76,0
mne34276,2,30,0
mne34373,11,4,0
mne1341,9,7,0
mne50653,6,53,1
mne31481,9,8,0
mne30127,4,10,1
mne28606,3,34,0
mne50633,3,5,0
mne26734,4,22,0
mne33854,1,8,0
mne26734,6,81,0
mne32728,2,18,0
mne32231,1,12,0
mne18495,3,6,0
mne15429,5,45,0
mne18574,7,26,0
mne32848,4,45,0
mne12488,3,11,0
mne29497,6,65,0
mne1277,2,3,0
mne31458,4,16,0
mne34536,2,17,0
mne23366,6,99,1
mne12588,11,7,0
mne36182,12,47,0
mne34543,5,11,0
mne33209,11,17,0
mne11645,8,4,0
mne15784,9,2,0
mne35794,9,4,1
mne33686,9,7,0
mne33822,12,13,0
mne23293,11,20,0
mne26778,7,38,0
mne47813,12,16,0
mne34472,6,47,0
mne33723,5,32,0
mne33773,1,15,0
mne35388,7,18,0
mne41313,11,22,0
mne42285,12,61,0
mne33195,6,63,0
mne30193,6,80,0
mne29393,3,57,0
mne15242,10,5,0
mne27738,1,5,0
mne41312,6,25,0
mne35801,10,5,0
mne33256,1,16,0
mne41367,11,6,0
mne26695,1,16,0
mne41367,5,16,0
mne27768,11,28,0
mne44108,6,71,0
mne27768,10,19,0
mne34522,6,34,0
mne42794,7,78,0
mne9642,6,27,0
mne32133,5,55,0
mne46636,1,18,0
mne28659,6,61,0
mne42773,2,41,0
mne34336,4,32,3
mne30224,5,55,0
mne47767,7,16,0
mne28606,12,22,0
mne23334,6,40,0
mne36186,1,23,0
mne29497,12,41,0
mne32748,10,2,0
mne34324,9,14,0
mne33854,3,53,0
mne11106,2,5,0
mne17154,6,29,0
mne43455,12,13,0
mne10954,2,7,0
mne3376,6,20,0
mne33722,11,11,0
mne33693,7,15,0
mne33212,2,33,0
mne23297,6,35,0
mne24638,6,40,0
mne32064,4,24,0
mne33224,3,31,3
mne31429,6,46,0
mne18625,6,55,0
mne26804,3,4,0
mne11469,5,15,0
mne32733,6,92,0
mne42817,4,11,0
mne31400,4,16,1
mne31457,5,32,0
mne31477,11,14,0
mne47824,5,45,0
mne3376,5,11,0
mne34140,3,37,0
mne35664,6,29,0
mne42794,2,22,0
mne2896,6,76,1
mne34554,4,13,0
mne12199,3,30,0
mne36189,3,9,0
mne42773,11,6,0
mne33198,4,44,0
mne6353,10,26,0
mne26771,6,136,1
mne33779,3,24,0
mne33753,6,115,2
mne10887,5,6,0
mne24822,4,21,0
mne24807,2,2,0
mne29466,11,6,0
mne29462,6,72,0
mne27701,6,48,0
mne34108,9,22,0
mne34108,5,42,0
mne5657,10,14,0
mne10746,11,2,0
mne32848,1,26,0
mne34536,6,155,0
mne24769,12,19,1
mne33710,9,8,0
mne35478,6,59,1
mne50559,6,95,0
mne33761,11,14,0
mne30183,3,39,0
mne32221,1,10,0
mne35789,6,30,0
mne48471,3,21,2
mne16302,6,18,0
mne47785,1,13,0
mne36190,9,13,0
mne34339,7,12,0
mne31400,5,28,3
mne35834,3,21,1
mne34496,6,73,0
mne23414,10,19,0
mne42828,3,36,1
mne35438,7,53,3
mne33755,6,214,1
mne23368,3,11,0
mne15429,6,68,0
mne34271,3,31,0
mne16826,7,26,2
mne31412,5,41,1
mne36029,3,11,0
mne21318,7,35,0
mne32743,7,18,0
mne11903,1,4,0
mne34321,3,35,0
mne47822,6,66,0
mne19677,11,17,3
mne27741,7,38,0
mne28661,2,24,0
mne33198,7,32,0
mne34103,5,63,0
mne17340,5,8,0
mne5657,5,29,0
mne17021,6,100,0
mne30224,1,4,1
mne24684,12,14,0
mne11748,6,45,0
mne51045,10,1,0
mne34140,1,22,0
mne29419,7,35,0
mne27742,4,40,0
mne36183,2,19,0
mne26734,2,26,0
mne23294,3,26,0
mne48482,1,20,0
mne17225,10,10,0
mne29390,6,27,0
mne32739,4,34,0
mne32128,6,24,0
mne16912,6,54,7
mne33195,5,15,1
mne33198,5,39,0
mne23368,6,32,0
mne689,10,14,0
mne43455,5,34,0
mne46587,11,5,0
mne862,3,27,0
mne34442,10,12,0
mne23324,11,33,0
mne34289,10,9,0
mne3913,1,4,0
mne2584,6,15,0
mne35471,5,28,0
mne33198,12,22,0
mne34517,6,73,0
mne15969,5,37,0
mne32785,3,161,0
mne31373,6,63,0
mne33244,5,48,0
mne35388,6,66,1
mne32181,4,35,0
mne33854,6,109,1
mne42784,3,164,0
mne11645,6,107,1
mne34088,2,21,0
mne48482,3,17,0
mne196,4,5,0
mne12488,11,5,0
mne32133,3,19,0
mne26762,6,54,0
mne48482,4,48,0
mne29420,1,16,0
mne34276,3,67,2
mne27703,5,54,0
mne28666,6,36,0
mne35463,5,6,0
mne34276,7,56,0
mne31397,6,67,0
mne49112,6,56,0
mne23420,1,23,0
mne19699,11,17,1
mne32107,6,75,0
mne21381,2,18,0
mne19698,4,79,0
mne32857,8,3,0
mne16912,2,9,0
mne33762,5,32,0
mne11745,6,105,0
mne1547,3,31,0
mne45892,7,4,0
mne10948,6,64,0
mne32735,6,103,0
mne33714,6,126,0
mne24813,11,15,0
mne33693,2,26,0
mne47904,12,4,0
mne46610,2,17,0
mne33707,10,7,0
mne35437,12,5,0
mne19677,7,51,3
mne16560,8,4,0
mne33686,12,50,1
mne34554,5,15,1
mne31488,6,56,0
mne34274,7,12,0
mne42793,7,55,0
mne33733,11,23,0
mne16868,11,3,0
mne26695,6,81,0
mne30224,4,56,1
mne34272,7,27,0
mne43455,11,19,0
mne6428,9,4,0
mne7480,6,35,1
mne3109,6,54,0
mne23366,5,45,0
mne34520,1,19,0
mne23318,5,33,0
mne1547,6,64,1
mne33723,1,4,0
mne42894,3,22,0
mne31412,4,19,0
mne36186,6,88,1
mne23413,6,61,12
mne503,12,15,0
mne1826,10,10,0
mne867,5,14,0
mne49065,5,6,0
mne15867,1,18,0
mne52143,5,22,0
mne17402,12,19,0
mne18547,10,8,0
mne21405,10,13,0
mne27703,6,82,0
mne34505,10,13,0
mne32204,6,119,0
mne19674,6,42,0
mne17073,4,12,0
mne23297,5,15,0
mne47778,12,7,0
mne17897,6,32,0
mne34278,5,30,0
mne32802,1,11,0
mne44064,10,7,0
mne35438,4,30,2
mne29444,11,12,0
mne48730,3,6,0
mne24721,4,35,0
mne16302,7,14,0
mne1068,3,24,0
mne31481,3,52,2
mne16902,10,11,0
mne35786,12,19,3
mne689,11,2,0
mne35805,4,6,0
mne33686,6,117,0
mne2584,12,8,0
mne47798,6,34,0
mne24773,6,10,1
mne35457,4,19,0
mne34114,11,4,0
mne34298,6,87,0
mne34390,7,96,0
mne2433,12,4,0
mne47812,11,8,0
mne17323,12,24,0
mne48730,6,19,0
mne44064,12,15,0
mne2501,11,15,0
mne24817,6,70,0
mne19674,12,17,0
mne42831,11,8,0
mne23302,10,2,0
mne604,6,19,0
mne34271,10,18,0
mne19744,5,13,0
mne12006,12,9,0
mne34505,7,28,1
mne34543,6,54,0
mne28681,12,22,0
mne34272,2,22,0
mne15242,3,12,1
mne33779,9,7,0
mne31480,12,36,0
mne49147,3,17,0
mne29356,12,20,3
mne16812,3,11,0
mne36178,7,21,0
mne32727,1,8,0
mne661,7,69,0
mne32739,6,123,0
mne27866,5,78,1
mne3097,12,17,0
mne34178,12,11,0
mne11740,9,7,0
mne1826,12,30,0
mne48482,11,12,0
mne16856,7,12,0
mne2564,11,14,0
mne27737,5,14,0
mne27703,7,37,0
mne32199,7,25,0
mne2483,2,8,0
mne34536,12,46,0
mne17402,3,17,0
mne30216,6,38,0
mne34460,11,10,0
mne33725,6,124,0
mne21387,2,9,2
mne32727,12,15,1
mne33705,4,43,0
mne24824,5,24,0
mne34276,4,44,0
mne36181,9,13,0
mne32857,6,61,0
mne48483,8,1,0
mne1828,6,14,0
mne24699,11,12,0
mne9190,6,5,0
mne47788,3,6,0
mne12588,6,32,0
mne49099,5,22,0
mne12318,1,17,1
mne36190,3,41,0
mne42773,3,31,0
mne32777,6,60,0
mne32739,5,53,0
mne31450,11,10,0
mne16850,5,12,0
mne34262,5,28,0
mne12352,6,18,0
mne35391,1,30,0
mne10776,2,7,0
mne35838,1,18,0
mne31447,1,8,0
mne23183,9,13,0
mne47833,7,37,0
mne23304,7,34,0
mne47800,7,16,0
mne33756,4,30,0
mne26805,3,17,0
mne34124,3,51,0
mne19744,11,20,0
mne6304,6,22,0
mne33711,12,46,0
mne26694,2,19,0
mne23279,10,5,0
mne32115,7,13,0
mne34511,4,23,0
mne34347,6,28,0
mne3844,3,8,0
mne35438,6,94,2
mne15619,5,17,0
mne45819,7,21,0
mne32181,9,17,0
mne30224,7,64,0
mne15242,11,4,0
mne24773,2,5,0
mne49105,6,31,0
mne44113,7,39,0
mne46636,6,72,0
mne46608,5,13,0
mne49093,6,29,0
mne34359,6,18,0
mne33216,6,39,0
mne34169,1,11,0
mne34145,8,5,0
mne31481,11,8,0
mne46256,4,11,0
mne29391,12,9,0
mne2371,11,10,2
mne34171,2,31,0
mne33725,2,4,0
mne29474,4,25,0
mne30207,4,58,0
mne46609,3,17,0
mne29476,6,17,0
mne31400,3,32,2
mne16852,4,52,0
mne19677,8,4,0
mne32857,2,14,0
mne2506,5,6,0
mne1022,5,15,0
mne26692,11,6,0
mne35787,12,7,0
mne32733,12,35,0
mne34276,12,35,0
mne47263,6,54,0
mne32221,10,9,0
mne18513,5,13,0
mne32205,7,16,0
mne33211,3,28,0
mne11737,7,26,1
mne31488,4,26,0
mne14950,6,96,2
mne862,6,181,1
mne34159,6,88,0
mne33212,5,71,1
mne32739,3,60,0
mne10157,6,19,0
mne45848,6,8,0
Ukendt revisor,4,223,0
mne28654,6,94,0
mne46610,3,30,0
mne24813,4,8,0
mne26825,6,55,0
mne47764,4,19,0
mne3901,6,50,0
mne34300,7,9,0
mne35391,2,37,0
mne49105,11,7,0
mne31404,12,71,0
mne32205,6,49,0
mne35455,11,33,0
mne32107,5,37,0
mne34092,6,64,1
mne34456,6,10,0
mne51582,1,1,0
mne34290,6,106,4
mne18078,6,131,3
mne12352,7,2,0
mne31399,9,18,0
mne24638,3,14,0
mne18620,1,4,0
mne34101,6,31,0
mne26733,3,26,0
mne35807,9,14,0
mne18078,11,34,0
mne34189,3,39,0
mne34468,4,21,0
mne16912,5,16,5
mne9261,8,2,0
mne34514,5,28,0
mne17801,6,59,0
mne604,5,9,0
mne34173,2,11,0
mne27768,5,16,0
mne33854,12,28,1
mne32170,10,6,0
mne10887,11,4,0
mne10887,8,2,0
mne33207,6,118,2
mne42777,6,46,0
mne48473,6,70,0
mne15619,10,9,0
mne47422,6,29,0
mne33779,4,23,0
mne34522,3,8,0
mne34290,1,87,0
mne31480,2,55,0
mne42771,3,14,0
mne15927,6,13,0
mne34144,1,18,0
mne29369,4,10,0
mne34173,5,37,0
mne47767,12,10,0
mne30183,7,21,0
mne31450,6,161,0
mne4502,1,5,0
mne30193,7,20,0
mne33221,10,12,0
mne11469,9,2,0
mne28629,4,64,0
mne34272,5,30,0
mne2896,12,38,0
mne24820,5,49,0
mne35664,3,10,0
mne12488,2,8,0
mne33689,4,30,0
mne8317,5,21,0
mne26804,2,3,0
mne6353,12,47,1
mne48483,5,29,2
mne34339,6,30,0
mne33198,1,3,0
mne30207,12,28,0
mne51058,3,11,0
mne16922,4,26,0
mne42894,7,5,0
mne34140,6,56,1
mne28606,4,32,0
mne32735,3,38,0
mne34472,10,12,0
mne33198,11,24,0
mne41367,3,17,0
mne34151,11,6,0
mne34324,11,24,1
mne1068,6,30,3
mne27705,5,26,0
mne32107,9,3,0
mne32231,12,14,0
mne16922,10,25,0
mne52091,1,5,0
mne11512,6,69,0
mne32129,6,186,0
mne15429,1,11,0
mne35464,9,14,0
mne34162,10,6,0
mne5783,9,6,0
mne47808,4,5,0
mne32840,6,17,0
mne33221,2,21,0
mne12006,3,7,0
mne44108,4,1,0
mne29391,4,21,0
mne32777,7,2,0
mne26645,10,4,0
mne31373,3,29,2
mne34282,1,2,0
mne45848,5,5,0
mne28657,4,8,0
mne32204,3,43,0
mne32079,11,33,0
mne42777,5,20,0
mne2427,12,7,0
mne26783,5,29,0
mne36178,4,26,0
Ukendt revisor,10,169,4
mne41306,11,8,0
mne33731,4,6,0
mne31428,3,37,0
mne17386,5,7,0
mne46608,2,7,0
mne35471,11,9,1
mne32840,11,9,0
mne26805,12,22,0
mne35794,12,29,0
mne34468,5,24,0
mne23333,6,10,0
mne5783,4,35,0
mne33221,7,9,0
mne31487,4,15,0
mne41367,2,7,0
mne27866,12,30,0
mne32733,5,52,0
mne34109,4,11,0
mne23334,4,22,0
mne32840,7,13,0
mne34028,1,12,0
mne34331,2,10,0
mne24817,5,31,0
mne32727,6,68,0
mne9642,2,10,0
mne32372,6,81,0
mne34108,6,66,0
mne26733,7,48,3
mne36190,7,9,0
mne32728,12,11,0
mne50650,1,8,0
mne1122,2,8,0
mne18623,2,9,0
mne23279,6,40,0
mne34144,10,6,0
mne26771,4,37,0
mne28658,1,4,0
mne23318,3,40,0
mne35464,4,30,0
mne23310,2,10,0
mne34511,9,16,1
mne28683,7,31,0
mne15969,12,23,0
mne23334,12,15,0
mne31428,4,14,0
mne34103,2,63,0
mne34159,7,57,0
mne2896,11,13,0
mne36180,5,37,0
mne32129,7,57,0
mne27864,12,17,0
mne18257,9,1,0
mne34028,7,16,0
mne10734,1,18,0
mne27765,5,14,0
mne34140,4,16,0
mne36186,12,38,0
mne23183,7,34,0
mne52074,3,14,0
mne32783,9,10,0
mne40760,3,10,1
mne33212,4,57,0
mne28679,4,20,2
mne24721,6,115,0
mne32739,11,14,0
mne36190,4,57,0
mne21326,9,10,0
mne34332,4,18,0
mne31412,3,26,0
mne32199,6,159,0
mne32181,12,31,0
mne19688,3,17,0
mne47800,2,10,0
mne4502,6,74,0
mne28606,11,7,0
mne16029,5,38,0
mne28681,7,46,0
mne30176,4,91,0
mne28701,7,25,0
mne27765,6,56,0
mne32848,3,44,0
mne33209,6,132,0
mne27703,9,19,0
mne24824,6,51,0
mne34169,2,14,0
mne33211,4,18,0
mne33755,12,36,0
mne44151,10,5,0
mne27708,3,16,0
mne18225,1,4,0
mne34514,6,57,0
mne23328,4,2,0
mne35804,6,75,1
mne26714,10,16,0
mne34169,6,82,0
mne31463,9,8,0
mne26645,11,5,0
mne49108,6,28,0
mne34546,6,19,0
mne32792,11,18,0
mne49092,5,2,0
mne32772,5,12,0
mne28602,7,17,0
mne27741,5,16,0
mne32204,5,36,0
mne34088,11,20,0
mne12610,12,12,0
mne26734,9,17,0
mne494,6,6,0
mne34478,9,10,0
mne32775,6,24,0
mne31450,12,20,1
mne29379,6,30,0
mne17319,6,59,0
mne44140,12,4,0
mne33711,6,52,0
mne31399,6,71,0
mne25299,4,1,0
mne3844,12,13,0
mne33256,11,15,0
mne1828,12,4,0
mne26711,12,7,0
mne34506,7,55,0
mne16029,3,19,0
mne46610,7,37,0
mne27708,12,22,0
mne32727,3,21,0
mne45950,6,72,0
mne31400,1,10,0
mne33714,11,11,0
mne11194,4,12,0
mne34511,7,42,0
mne31481,5,41,0
mne18512,5,18,0
mne34316,10,29,0
mne23297,10,7,0
mne51058,11,4,0
mne32748,12,2,0
mne32133,12,20,0
mne40037,7,40,0
mne31428,5,15,0
mne33211,5,13,0
mne33683,3,9,0
mne48482,2,6,1
mne49105,3,10,0
mne29440,10,20,0
mne31400,6,63,1
mne17021,7,32,1
mne27765,7,21,0
mne32743,5,19,0
mne27701,4,18,0
mne31412,6,40,1
mne33225,12,21,0
mne17139,5,41,0
mne33262,6,39,0
mne45861,7,24,0
mne26846,3,3,0
mne34261,4,9,0
mne36188,2,8,0
mne26714,3,28,0
mne862,11,10,0
mne2573,2,9,1
mne27742,1,10,0
mne26645,12,14,0
mne35800,10,8,0
mne27864,9,13,0
mne30183,12,25,0
mne12488,12,24,0
mne34028,11,9,0
mne2564,7,21,0
mne15253,11,1,0
mne44109,12,16,0
mne48471,12,12,1
mne26812,4,1,0
mne34099,1,12,0
mne48473,12,20,0
Ukendt revisor,9,178,1
mne472,12,16,1
mne26762,3,21,0
mne36029,4,22,0
mne30183,6,113,1
mne34162,3,2,0
mne21427,5,37,0
mne33854,4,43,0
mne34332,6,48,1
mne1068,11,5,0
mne7491,2,4,0
mne33256,6,46,0
mne11588,10,6,0
mne18623,10,8,0
mne21334,5,18,0
mne30183,9,1,0
mne41307,5,23,0
mne44109,4,25,0
mne23334,9,7,0
mne167,7,6,0
mne32231,9,11,0
mne26713,7,18,0
mne28583,11,5,0
mne31429,9,13,0
mne32750,7,32,0
mne23293,9,11,0
mne33722,1,15,0
mne2386,11,4,0
mne2896,10,13,0
mne47822,5,25,0
mne27703,2,29,0
mne33225,3,31,0
mne35408,10,11,0
mne31450,4,38,0
mne28681,5,60,0
mne32848,5,47,0
mne27773,10,8,0
mne10954,3,2,0
mne8361,12,9,0
mne34505,5,20,0
mne3775,8,3,0
mne12510,11,6,0
mne35810,11,6,0
mne10157,5,2,0
mne31470,11,15,5
mne11061,3,9,0
mne24820,4,29,0
mne29444,3,15,0
mne33761,4,13,0
mne35802,6,41,0
mne16922,3,38,0
mne34298,9,8,0
mne51485,12,16,0
mne4502,10,3,1
mne33707,2,44,0
mne45893,6,33,0
mne32122,4,20,0
mne30151,5,6,0
mne29444,12,15,0
mne236,5,6,0
mne35391,6,69,0
mne41307,11,23,0
mne47791,6,85,1
mne18433,9,3,0
mne26753,4,26,0
mne34108,2,9,0
mne27703,12,39,0
mne36189,12,11,0
mne33195,1,5,0
mne34272,3,26,0
mne28662,7,9,0
mne34099,9,11,0
mne18617,6,51,1
mne27701,12,35,0
mne33197,3,7,0
mne47813,5,17,0
mne52091,3,6,0
mne15784,11,7,0
mne17319,12,17,0
mne24826,9,8,0
mne33770,12,36,0
mne33211,11,14,0
mne31397,11,11,1
mne11671,6,45,0
mne50702,7,6,0
mne34300,6,76,0
mne24824,4,11,0
mne23318,10,8,0
mne34278,12,21,0
mne27742,11,18,0
mne32735,9,11,0
mne45861,4,9,0
mne31436,11,14,0
mne15969,1,12,0
mne34162,6,54,0
mne34324,12,14,4
mne40048,5,51,0
mne23293,6,88,0
mne47887,10,6,0
mne23420,10,18,0
mne33688,6,11,0
mne23366,10,21,0
mne34327,8,4,0
mne2903,1,9,0
mne34278,9,12,0
mne19698,10,16,0
mne33733,3,26,0
mne42184,9,3,0
mne36178,11,7,0
mne1101,2,2,0
mne34083,6,92,0
mne36181,4,77,0
mne10948,11,8,0
mne35407,11,16,0
mne34536,3,47,0
mne35804,9,2,0
mne32066,12,26,0
mne24824,10,9,0
mne31481,6,50,0
mne34442,1,14,0
mne35801,9,9,0
mne10675,4,35,0
mne33722,5,38,0
mne32748,9,8,0
mne33725,7,34,0
mne21387,11,8,0
mne33705,6,107,0
mne35807,4,25,0
mne32066,1,19,0
mne17138,7,20,0
mne27739,4,28,0
mne36186,7,49,0
mne31399,2,19,0
mne33705,1,18,0
mne46587,3,29,0
mne33707,3,24,0
mne34271,9,9,0
mne504,4,29,0
mne48470,5,1,0
mne12006,2,2,0
mne27866,6,166,0
mne34536,5,69,0
mne689,6,63,0
mne51529,3,39,3
mne46641,6,4,0
mne16627,3,12,0
mne1341,3,23,0
mne34316,5,45,0
mne19693,1,25,0
mne42831,5,13,0
mne35625,10,9,0
mne33686,3,46,0
mne48483,1,10,0
mne34028,12,38,0
mne4109,4,24,0
mne12318,10,6,0
mne32750,10,9,0
mne10734,2,12,0
mne31411,12,28,0
mne36190,6,115,1
mne16702,9,5,0
mne27768,4,21,0
mne19699,9,6,0
mne33207,9,18,0
mne35421,5,31,0
mne47422,5,36,0
mne27708,8,1,0
mne12040,7,10,0
mne19699,12,15,0
mne35391,9,6,0
mne16652,7,11,0
mne32904,5,21,2
mne42790,5,8,0
mne33761,3,42,0
mne47785,4,21,0
mne15429,3,32,0
mne32170,4,9,0
mne32170,12,20,0
mne5657,6,64,0
mne12610,10,12,0
mne28606,7,64,0
mne31487,5,20,0
mne6568,3,3,0
mne11645,9,13,0
mne29462,10,17,0
mne12631,6,8,0
mne44064,1,4,0
mne35388,2,23,0
mne35810,6,56,0
mne30213,11,17,0
mne34324,5,25,1
mne29462,9,21,0
mne34162,12,11,0
mne35838,10,14,0
mne34336,6,117,11
mne42811,3,8,0
mne47785,3,32,0
mne17402,7,11,0
mne27701,3,12,0
mne49147,7,21,0
mne33725,11,10,0
mne31483,11,20,0
mne24821,3,10,0
mne8317,3,22,0
mne34321,11,8,0
mne47319,2,13,0
mne31481,1,18,0
mne32848,6,87,1
mne24638,1,10,0
mne35420,12,15,0
mne34502,6,232,0
mne32096,4,46,0
mne2378,12,5,0
mne2892,5,6,0
mne30176,11,14,0
mne32840,8,1,0
mne34502,11,19,0
mne46629,2,20,1
mne35391,10,26,0
mne2427,10,1,0
mne33711,7,37,0
mne33195,2,14,0
mne5988,12,3,0
mne27703,8,26,0
mne31387,6,103,0
mne34100,3,32,0
mne32206,5,8,0
mne23414,7,9,0
mne11512,7,29,0
mne15927,3,9,0
mne17982,6,23,0
mne18512,8,1,0
mne34484,6,45,0
mne42793,12,9,0
mne30216,5,18,0
mne34462,7,11,0
mne11348,6,87,0
mne42244,11,5,0
mne33209,5,55,0
mne41367,9,10,0
mne17139,6,99,0
mne34289,7,10,0
mne12318,4,19,1
mne5783,7,46,0
mne32857,12,12,1
mne31387,11,5,0
mne50564,7,10,0
mne16826,10,4,0
mne9642,11,13,0
mne34119,5,15,0
mne28663,6,22,0
mne32079,10,34,0
mne48488,5,7,0
mne4297,5,8,0
mne29369,12,18,0
mne34300,12,23,0
mne33683,5,23,0
mne41402,6,18,0
mne27873,6,81,0
mne24817,4,49,0
mne9795,12,10,0
mne49099,4,16,0
mne29356,10,7,1
mne2483,10,14,0
mne6255,12,3,0
mne11396,11,9,0
mne32372,5,28,0
mne1341,4,11,0
mne2889,9,12,0
mne17323,2,28,1
mne50638,6,22,0
mne30221,3,39,0
mne11207,6,21,0
mne24820,6,45,0
mne23183,2,12,0
mne47775,12,6,0
mne33214,2,3,0
mne33705,2,18,0
mne47866,6,37,0
mne28659,3,28,0
mne33225,11,17,0
mne36182,6,75,0
mne46607,3,4,0
mne32848,7,45,0
mne19691,6,46,0
mne34467,7,13,0
mne32801,1,12,0
mne47795,11,8,0
mne50644,4,1,0
mne19744,7,36,0
mne10851,6,34,0
mne9642,10,12,0
mne31411,1,5,0
mne19677,6,95,23
mne32848,11,20,0
mne16640,4,21,0
mne30193,12,29,0
mne28681,6,34,0
mne26695,3,36,0
mne33762,6,110,0
mne34163,4,32,0
mne47800,6,27,0
mne46608,12,16,0
mne35471,12,15,0
mne17154,7,3,0
mne27751,4,26,0
mne15867,11,7,0
mne28824,6,38,1
mne17138,3,44,0
mne23420,3,35,1
mne32171,10,4,0
mne51485,6,63,1
mne36025,5,27,0
mne35471,6,127,4
mne17982,12,6,0
mne35833,5,16,0
mne862,2,26,0
mne23293,4,34,0
mne17073,6,28,1
mne34480,1,3,0
mne30145,2,24,1
mne5678,3,3,0
mne24813,12,21,0
mne24681,10,7,0
mne32840,12,10,0
mne47422,11,13,0
mne46362,7,8,1
mne29425,5,19,0
mne21387,6,33,5
mne34456,10,11,0
mne34124,12,32,0
mne18625,12,4,0
mne31399,10,14,0
mne24824,3,51,0
mne34351,9,3,0
mne42894,12,13,0
mne26660,4,5,0
mne19677,2,14,1
mne16226,5,14,0
mne29474,3,29,1
mne31387,10,7,0
mne29497,10,7,0
mne29425,9,7,0
mne26824,7,11,0
mne12318,12,16,0
mne33226,6,7,0
mne34501,6,17,0
mne33207,5,32,0
mne34514,8,5,0
mne34323,12,10,0
mne31399,7,28,0
mne47803,7,14,0
mne30127,10,9,0
mne46256,10,9,0
mne33722,12,29,0
mne29531,5,21,0
mne32064,1,12,0
mne167,9,18,0
mne31387,5,21,0
mne23334,11,24,0
mne36183,5,37,0
mne34133,4,54,1
mne33693,6,75,0
mne15242,6,17,3
mne21334,12,2,0
mne35460,6,43,0
mne8726,5,5,0
mne33196,3,15,0
mne46582,3,1,0
mne35421,3,9,0
mne33753,4,43,0
mne33206,4,30,0
mne23254,6,40,0
mne26778,3,14,0
mne33683,11,19,0
mne23254,5,15,0
mne28666,5,7,0
mne32748,5,17,0
mne32785,7,3,0
mne23430,3,5,0
mne33722,6,97,1
mne31450,5,64,0
mne36025,8,8,0
mne27737,6,18,0
mne24699,2,35,0
mne607,11,5,0
mne19688,12,19,0
mne45822,4,5,0
mne31488,5,16,0
mne17225,4,14,0
mne2378,7,7,0
mne30183,4,38,0
mne32783,11,5,0
mne44143,3,31,0
mne48487,10,14,0
mne17402,10,10,0
mne32772,7,9,0
mne34522,10,5,0
mne32064,6,68,0
mne24680,9,10,0
mne24813,10,34,0
mne23420,9,11,0
mne26771,1,18,0
mne44061,11,17,0
mne45825,6,7,0
mne32129,4,37,0
mne29393,1,15,0
mne35437,6,38,0
mne26645,8,1,0
mne44151,6,30,0
mne33244,4,35,0
mne35455,6,56,0
mne36178,10,19,0
mne40962,9,5,1
mne35460,10,35,0
mne29425,6,39,0
mne35388,12,31,0
mne5758,6,15,0
mne34371,2,12,0
mne34400,5,15,0
mne49147,6,33,0
mne36182,4,52,0
mne33724,9,5,0
mne16827,6,39,0
mne32736,4,35,0
mne6529,12,21,0
mne10030,3,2,0
mne17323,10,28,0
mne36189,11,7,0
mne26825,11,13,0
mne23279,3,25,1
mne16813,4,3,0
mne29498,6,1,0
mne28657,7,19,0
mne24818,1,33,0
mne52074,6,33,0
mne19692,1,19,0
mne17379,6,10,0
mne27727,12,2,0
mne32735,8,4,0
mne137,1,2,0
mne47319,11,2,0
mne42824,4,20,0
mne1076,10,1,0
mne35802,11,4,0
mne32244,6,20,0
mne31387,3,23,0
mne11671,11,13,0
mne23324,3,18,0
mne9748,5,16,0
mne35833,1,10,0
mne4038,4,16,0
mne689,12,21,0
mne34472,11,14,0
mne49051,11,1,0
mne8758,10,14,1
mne27789,2,7,0
mne45893,9,11,0
mne29379,11,1,0
mne23318,12,27,0
mne30176,5,50,0
mne33755,4,73,0
mne40065,11,4,0
mne35807,6,72,0
mne32783,4,30,0
mne29425,12,13,0
mne32221,8,5,0
mne27779,7,5,0
mne5614,3,8,0
mne34323,6,50,0
mne33705,10,23,0
mne10734,4,21,0
mne17139,4,27,0
mne34468,11,25,0
mne33761,1,21,0
mne3346,7,8,0
mne17402,4,30,0
mne3007,5,8,0
mne27873,11,5,0
mne33216,2,7,0
mne11349,4,11,0
mne34151,6,22,0
mne31481,10,20,0
mne33705,12,47,0
mne11182,3,2,0
mne43433,12,22,0
mne3395,12,7,0
mne46610,11,10,0
mne46587,12,7,0
mne34144,3,26,0
mne26714,9,7,0
mne34144,5,33,0
mne27866,9,7,0
mne33244,9,10,0
mne36181,12,16,0
mne27768,7,29,0
mne42789,11,5,0
mne28606,1,15,0
mne36190,2,24,0
mne40048,2,10,0
mne2506,6,16,0
mne35475,4,4,0
mne16813,6,39,2
mne31400,11,22,1
mne31399,3,44,0
mne27796,6,36,0
mne30151,6,27,0
mne12510,6,39,0
mne1616,6,16,0
mne46629,4,31,0
mne605,11,5,0
mne33206,6,61,0
mne24813,6,61,0
mne32848,2,72,0
mne33677,2,8,0
mne18512,6,36,0
mne35408,6,46,0
mne35809,6,24,2
mne8281,10,4,0
mne43433,6,87,0
mne41302,12,14,0
mne4109,12,11,0
mne24813,8,2,0
mne26806,12,24,0
mne982,12,7,0
mne42832,7,35,0
mne34290,2,19,1
mne607,6,28,0
mne33757,1,17,0
mne32171,12,9,0
mne19708,3,4,0
mne4404,5,7,0
mne35833,7,25,0
mne21427,11,4,0
mne33733,1,20,0
mne46586,11,4,0
mne32129,11,28,0
mne33677,3,32,1
mne34300,2,17,0
mne15648,6,17,2
mne46587,4,16,0
mne34119,3,23,0
mne41313,10,21,0
mne32792,4,18,0
mne31488,3,22,0
mne517,5,13,0
mne49858,10,11,0
mne49137,9,3,0
mne14950,3,24,1
mne35807,10,27,0
mne48482,7,8,0
mne5783,11,15,0
mne23318,11,11,0
mne3154,11,1,0
mne31429,10,13,0
mne23324,1,15,0
mne50652,4,29,0
mne32750,4,10,0
mne33722,4,30,0
mne31399,8,6,0
mne26733,11,21,0
mne32199,12,45,0
mne17897,4,10,0
mne11060,7,11,0
mne2903,12,11,0
mne17313,3,17,0
mne32129,12,8,0
mne29474,11,3,0
mne35794,7,49,2
mne32079,2,29,0
mne36190,10,17,0
mne31411,5,29,1
mne34511,2,21,0
mne1246,2,13,0
mne36186,5,31,0
mne5657,3,21,0
mne33731,6,14,0
mne30221,5,33,0
Ukendt revisor,2,155,1
mne47767,3,28,1
mne11738,6,131,0
mne11396,4,18,0
mne862,7,45,0
mne15253,10,1,0
mne34119,2,34,0
mne50652,6,99,0
mne30224,3,45,0
mne43515,12,4,0
mne50605,6,19,0
mne35464,2,10,0
mne30176,3,76,0
mne1480,1,4,0
mne29452,8,1,0
mne33757,3,50,0
mne23302,12,2,0
mne11036,12,4,0
mne33256,10,28,0
mne28681,9,18,0
mne51529,6,69,1
mne28683,2,9,0
mne45893,3,14,0
mne1246,10,25,0
mne43515,5,12,0
mne34472,12,9,0
mne46586,10,7,0
mne21381,4,12,0
mne30207,6,117,0
mne32743,1,30,0
mne10156,9,3,0
mne19688,9,8,0
mne8758,2,7,0
mne49042,6,36,0
mne19677,4,14,0
mne36181,2,19,0
mne34321,10,9,0
mne35407,1,17,0
mne44140,6,30,0
mne32115,5,30,0
mne47771,7,5,0
mne27747,6,57,0
mne34469,6,45,0
mne33207,3,24,0
mne46587,5,8,0
mne28654,2,12,0
mne3835,6,61,0
mne36025,12,11,0
mne16913,11,16,0
mne34273,6,59,0
mne34166,5,14,0
mne33677,7,41,0
mne3901,4,27,0
mne36189,7,28,0
mne16226,3,12,1
mne33285,6,11,0
mne35838,3,52,0
mne47818,2,1,0
mne47835,7,4,0
mne35810,1,11,0
mne42184,5,5,0
mne35801,3,11,0
mne52143,6,56,1
mne47904,3,16,0
mne30142,6,13,0
mne30127,3,19,0
mne29474,7,4,0
mne34480,4,12,0
mne32084,5,7,0
mne31450,7,29,0
mne46636,3,19,1
mne40036,4,13,0
mne34522,2,8,0
mne4404,12,6,0
mne47422,10,23,0
mne32792,1,4,0
mne32736,1,4,0
mne18257,7,24,0
mne11737,6,63,2
mne12610,4,19,0
mne33206,5,14,0
mne29432,1,43,0
mne51054,5,11,0
mne33712,4,22,0
mne1122,9,3,0
mne36183,9,6,0
mne41365,2,23,0
mne32736,6,89,0
mne19698,6,101,0
mne26734,1,24,0
mne26805,4,18,0
mne33244,10,33,0
mne32063,3,35,0
mne33679,2,8,0
mne47904,9,4,0
mne34189,2,32,1
mne35625,4,48,0
mne50650,11,6,0
mne29444,9,11,0
mne35625,11,18,0
mne33216,10,4,0
mne34460,8,5,0
mne11349,6,20,0
mne32737,6,26,0
mne29387,3,9,1
mne9642,1,7,0
mne18574,2,34,0
mne11348,11,11,0
mne42773,10,18,0
mne17139,9,8,0
mne46256,9,11,0
mne35464,3,32,0
mne33220,11,1,0
mne34133,1,26,0
mne45950,5,32,0
mne16226,6,48,0
mne33756,9,13,0
mne26660,11,2,0
mne26825,2,19,0
mne34316,7,40,1
mne16302,12,17,0
mne34316,9,13,0
mne12588,12,7,0
mne29369,1,5,0
mne33757,7,16,0
mne32785,5,28,0
mne32810,9,14,0
mne34119,4,27,0
mne34100,10,14,0
mne33244,12,39,0
mne36178,12,15,0
mne31404,4,61,0
mne472,9,1,0
mne49147,11,3,0
mne18049,10,6,0
mne29456,10,8,0
mne32128,3,11,0
mne33707,9,8,0
mne34159,12,22,0
mne34331,12,31,0
mne46613,7,28,0
mne47795,10,9,0
mne34272,4,46,0
mne1341,11,10,0
mne16850,11,8,0
mne35804,5,21,0
mne36190,1,15,0
mne52091,10,18,0
mne10157,12,18,0
mne35464,12,30,0
mne29474,8,1,0
mne33220,5,2,0
mne16912,11,7,3
mne33195,4,25,0
mne52143,3,15,0
mne882,4,6,0
mne33686,4,64,1
mne730,2,7,0
mne7517,12,9,0
mne23293,12,26,0
mne34166,6,32,0
mne34119,9,13,0
mne9642,7,12,0
mne16702,10,11,0
mne19744,3,25,0
mne31413,6,51,0
mne46627,5,32,0
mne34109,10,4,0
mne32750,9,9,0
mne17897,7,17,0
mne19698,12,23,0
mne17073,12,63,0
mne11036,1,7,0
mne42794,12,34,0
mne3007,6,4,0
mne35430,6,35,0
mne32783,6,142,0
mne33753,10,26,0
mne34332,12,15,0
mne35629,1,19,0
mne28606,10,25,0
mne40030,6,18,0
mne32743,4,35,1
mne29444,6,68,1
mne19734,7,4,0
mne28659,7,12,0
mne32743,12,27,0
mne11706,4,8,0
mne15253,1,6,0
mne10157,11,4,0
mne50564,12,10,0
mne26762,12,19,0
mne34173,4,43,0
mne35464,5,24,0
mne27742,5,42,1
mne33683,6,59,0
mne12365,12,13,0
mne26805,7,41,0
mne47767,5,36,0
mne35838,7,31,1
mne33206,3,17,0
mne30216,9,8,0
mne16256,5,14,0
mne28661,9,6,0
mne31470,6,87,7
mne16652,3,1,0
mne32129,5,153,0
mne34145,5,33,1
mne8942,2,4,0
mne23324,10,15,0
mne33225,6,63,0
mne26734,12,9,0
mne10822,12,1,0
mne23254,7,15,0
mne4404,6,13,1
mne30207,10,24,0
mne34469,1,8,0
mne46256,7,10,0
mne19692,6,31,0
mne41364,5,9,0
mne21334,4,21,0
mne26714,12,22,0
mne27708,10,5,0
mne35388,11,17,0
mne26713,9,14,0
mne36180,12,15,0
mne42789,5,6,0
mne34276,5,63,0
mne45950,12,32,0
mne16029,6,38,0
mne31397,3,54,2
mne28683,5,24,0
mne32849,11,7,0
mne33714,9,14,0
mne42244,6,71,1
mne31407,2,13,0
mne30193,2,45,0
mne31487,10,2,0
mne31487,11,7,0
mne33755,1,26,1
mne33693,11,4,0
mne7504,10,3,0
mne32857,3,13,0
mne4173,6,69,3
mne17138,5,28,0
mne33757,10,13,0
mne27708,1,13,0
mne23327,7,18,0
mne2433,1,8,0
mne51485,3,27,0
mne1025,6,43,0
mne31444,1,15,0
mne18547,5,7,0
mne28654,1,6,0
mne31446,4,25,0
mne26805,6,88,0
mne47814,5,14,0
mne27739,6,62,0
mne44108,3,9,0
mne33220,6,32,0
mne23370,6,21,0
mne33686,11,12,0
mne10798,10,10,0
mne19698,1,21,0
mne27703,3,41,0
mne33205,5,19,1
mne47813,4,15,0
mne30192,6,9,0
mne35457,2,9,0
mne34514,4,24,0
mne19698,5,44,0
mne16827,7,24,0
mne19691,5,17,0
mne3007,12,8,0
mne35455,1,16,0
mne34468,1,10,0
mne50619,3,37,1
mne49108,8,1,0
mne32849,10,9,0
mne33207,12,28,0
mne31428,1,14,0
mne23297,2,11,0
mne36178,3,36,0
mne855,1,1,0
mne11809,2,1,0
mne48486,9,4,0
mne2889,12,39,0
mne34502,2,15,0
mne47788,5,5,0
mne19677,3,27,4
mne236,12,5,0
mne24680,10,14,0
mne42831,10,9,0
mne26714,2,21,0
mne34108,3,26,0
mne23324,12,24,0
mne882,12,5,0
mne34171,1,35,0
mne35407,6,52,0
mne34493,1,4,0
mne45819,6,58,1
mne35789,10,11,0
mne31446,2,13,0
mne33262,11,19,0
mne28629,9,13,0
mne35407,10,20,0
mne34095,3,14,0
mne18512,4,15,0
mne6353,11,18,0
mne26804,6,23,0
mne34506,11,22,0
mne11062,3,7,0
mne46609,1,14,0
mne35407,2,8,0
mne23297,12,11,0
mne28606,5,29,0
mne46608,11,5,0
mne51529,4,27,1
mne48483,11,13,0
mne11675,2,9,0
mne28683,3,48,0
mne19736,6,20,0
mne41313,12,25,0
mne49100,11,11,0
mne15969,4,30,0
mne5657,9,6,0
mne32849,3,61,0
mne2903,6,41,0
mne23183,1,20,0
mne43455,7,22,0
mne32122,3,33,0
mne12478,3,17,0
mne31404,6,148,0
mne28607,11,4,0
mne33779,10,8,0
mne4404,4,5,2
mne16532,4,3,0
mne7435,10,10,0
mne15253,7,43,0
mne42244,3,7,0
mne18311,6,43,0
mne49100,10,8,0
mne34144,2,3,0
mne42773,7,23,0
mne4043,1,3,0
mne47883,4,4,0
mne30183,1,13,0
mne32128,10,6,0
mne50619,5,22,0
mne32750,12,17,0
mne35434,12,19,0
mne34290,4,40,0
mne24699,6,76,0
mne32737,3,6,0
mne33677,9,9,0
mne23183,12,22,0
mne29438,4,13,0
mne33679,12,6,0
mne31436,7,23,0
mne45892,6,20,0
mne45822,7,25,0
mne3901,12,18,0
mne34166,3,7,0
mne12318,6,87,0
mne45826,6,7,0
mne33705,5,39,0
mne23324,4,27,0
mne34117,3,22,0
mne32849,2,11,0
mne42777,7,17,1
mne17021,4,27,0
mne35394,12,12,0
mne49108,4,16,0
mne16256,6,24,0
mne35789,5,20,0
mne18078,12,36,1
mne28607,6,22,0
mne605,10,5,0
mne5318,6,30,0
mne6143,12,5,0
mne23414,5,49,0
mne29462,12,44,0
mne34157,4,7,0
mne537,1,3,0
mne11738,2,18,0
mne34083,9,7,0
mne1022,12,7,0
mne31483,5,23,0
mne47816,6,68,0
mne33710,7,30,0
mne33214,3,18,2
mne31483,7,67,0
mne34099,4,24,0
mne34132,5,2,0
mne2377,6,3,0
mne34144,7,11,0
mne36189,5,24,0
mne42184,6,21,0
mne30211,6,45,0
mne42811,2,5,0
mne23420,6,99,0
mne35625,6,102,0
mne30207,3,62,0
mne34503,5,2,0
mne34468,3,27,0
mne44109,10,17,0
mne33707,4,24,0
mne35472,7,3,0
mne35394,4,33,0
mne32736,7,30,1
mne31399,5,28,0
mne17340,6,15,0
mne23279,4,16,0
mne46256,12,1,0
mne47798,7,7,0
mne32079,9,11,0
mne34266,9,9,2
mne29438,5,15,0
mne33722,7,35,0
mne34169,5,18,0
mne16922,5,33,0
mne32181,1,13,0
mne3835,5,31,1
mne9642,5,19,0
mne26783,1,17,0
mne33753,7,30,0
mne5627,6,25,1
mne33221,6,39,0
mne28824,3,21,0
mne30216,2,3,0
mne6353,7,8,0
mne28661,11,14,0
mne49840,6,26,0
mne26695,12,37,0
mne607,1,10,0
mne43455,6,75,0
mne10948,1,11,0
mne33194,6,34,0
mne41312,3,7,0
mne34189,12,21,0
mne35793,4,13,0
mne32208,7,1,0
mne28606,6,123,0
mne35457,3,10,0
mne31387,1,18,0
mne34456,4,5,0
mne33707,5,32,0
mne19691,11,15,0
mne42818,5,19,0
mne34506,4,10,0
mne35805,8,16,0
mne32115,12,15,0
mne34109,9,6,0
mne23310,8,4,1
mne32133,4,20,0
mne26778,6,41,1
mne28583,12,16,0
mne34353,6,48,0
mne48488,6,28,0
mne35664,10,9,0
mne26733,8,1,0
mne92,12,9,0
mne17021,3,32,0
mne27707,3,28,0
mne47263,8,4,0
mne33779,12,38,0
mne35822,1,17,0
mne18574,3,49,0
mne33256,4,1,0
mne1341,10,10,0
mne32736,10,6,0
mne862,10,6,0
mne5783,10,26,0
mne49962,3,5,0
mne24821,6,78,0
mne6161,11,1,0
mne27789,12,28,0
mne31477,6,64,0
mne24825,10,26,0
mne41313,9,11,0
mne5505,8,2,0
mne29497,5,11,0
mne24721,12,31,0
mne33198,6,72,1
mne32231,5,22,0
mne32064,9,8,0
mne34460,7,7,0
mne8845,5,32,0
mne43433,3,27,0
mne47775,9,6,0
mne48487,3,33,0
mne33707,11,8,0
mne49108,1,14,1
mne35463,4,6,2
mne23334,3,19,0
mne21381,6,42,0
mne19688,7,28,0
mne26692,3,15,0
mne11905,10,17,0
mne18078,3,40,0
mne11724,10,8,0
mne5783,6,98,0
mne41306,4,13,3
mne33723,6,51,0
mne11903,11,6,0
mne18617,1,7,0
mne29385,2,10,0
mne11349,7,23,0
mne26695,11,12,0
mne35802,12,4,0
mne32096,12,32,0
mne28602,9,4,0
mne28629,12,47,0
mne12588,10,15,0
mne33195,12,9,0
mne11062,6,24,0
mne33761,6,63,0
mne41307,1,21,2
mne51485,10,8,0
mne44108,12,10,0
mne36180,1,20,0
mne47766,11,7,0
mne17340,4,7,0
mne23366,11,17,0
mne49858,3,13,0
mne34371,9,20,0
mne49100,6,29,1
mne31446,12,13,0
mne32733,3,37,0
mne16640,7,12,0
mne31463,8,4,0
mne2433,7,13,0
mne9642,4,11,0
mne50559,7,50,0
mne32128,1,3,0
mne35463,9,11,0
mne26714,6,42,0
mne47904,11,4,0
mne34140,11,14,0
mne32739,10,15,0
mne41302,11,11,0
mne26753,12,15,0
mne34282,12,3,0
mne29369,6,88,0
mne18011,2,16,0
mne8311,7,24,0
mne23327,6,42,0
mne40037,6,66,0
mne26805,10,5,0
mne21558,6,30,0
mne607,12,10,0
mne6255,6,12,0
mne3020,3,9,1
mne34298,3,15,0
mne32736,12,28,0
mne42828,1,16,1
mne32201,5,8,0
mne45861,6,50,0
mne10998,12,5,0
mne35471,2,17,5
mne33693,1,18,0
mne31429,2,19,0
mne32170,5,12,0
mne4453,12,9,0
mne24769,5,21,0
mne31446,1,13,0
mne6353,3,41,2
mne16482,12,3,0
mne26771,10,12,0
mne3043,6,24,0
mne23310,12,7,0
mne45826,4,1,0
mne10738,11,6,0
mne7644,6,30,0
mne32730,5,27,1
mne29440,6,90,1
mne33311,7,36,1
mne41402,2,18,0
mne36190,5,48,0
mne24820,7,31,0
mne33755,5,99,0
mne7517,11,4,0
mne11349,11,5,0
mne17139,7,64,0
mne33854,5,14,0
mne35834,1,4,0
mne15969,10,16,0
mne47781,3,2,0
mne46626,12,21,0
mne32085,3,1,0
mne32221,3,18,0
mne40760,6,56,0
mne24817,3,20,0
mne23296,7,4,0
mne3901,2,17,0
mne5505,10,12,0
mne33755,7,44,0
mne34505,2,18,0
mne48471,1,12,1
mne15648,1,9,0
mne45819,10,17,0
mne34189,4,41,1
mne33723,12,13,0
mne30224,12,24,0
mne33225,4,46,1
mne31483,4,21,0
mne1041,10,2,0
mne31481,7,5,0
mne32372,3,31,0
mne2587,4,4,0
mne4326,1,2,0
mne41367,12,25,1
mne16640,11,15,0
mne32101,9,5,0
mne35455,5,38,0
mne34282,6,15,0
mne5675,6,29,0
mne32205,5,18,0
mne33693,5,29,0
mne18225,9,8,0
mne35421,10,13,0
mne33198,3,30,0
mne33207,4,48,0
mne16515,11,3,0
mne26734,10,7,0
mne33722,3,14,0
mne32735,10,17,0
mne32107,3,15,0
mne26695,4,27,0
mne31458,2,4,0
mne32750,2,25,1
mne32204,9,12,0
mne27742,8,4,0
mne7504,6,40,0
mne28683,10,11,0
mne34100,6,57,0
mne47263,10,7,0
mne34161,9,9,0
mne34261,12,10,0
mne28824,12,12,0
mne32727,5,18,0
mne32727,10,17,0
mne6161,4,1,0
mne32064,12,21,1
mne31480,10,10,0
mne49108,11,18,0
mne5602,6,15,0
mne32133,11,9,0
mne31373,12,27,1
mne11306,12,5,0
mne32085,6,7,0
mne34151,4,21,0
mne48507,2,13,0
mne12352,10,5,0
Ukendt revisor,5,249,1
mne28607,5,21,0
mne35434,11,6,0
mne33195,9,4,0
mne40048,3,51,1
mne16515,3,19,0
mne48486,10,2,0
mne35801,2,9,0
mne35420,6,50,0
mne30145,5,15,0
mne34489,4,12,0
mne23293,1,7,0
mne23319,6,85,0
mne51529,2,9,0
mne17402,1,15,0
mne26771,12,13,0
mne27866,4,62,2
mne504,5,15,0
mne11306,4,16,0
mne33244,7,44,0
mne33224,4,23,1
mne35808,10,7,0
mne26718,6,48,0
mne32733,2,7,0
mne21405,11,15,0
mne21387,4,5,1
mne31444,11,7,0
mne862,12,29,0
mne14950,10,15,0
mne49042,1,5,0
mne32772,8,1,0
mne35457,7,43,0
mne862,5,54,0
mne34100,7,22,0
mne6353,6,52,1
mne49080,4,12,0
mne23366,4,52,0
mne34298,5,29,0
mne35437,9,9,0
mne45820,5,19,0
mne47808,6,22,0
mne32748,6,38,0
mne21405,12,9,0
mne17237,8,2,0
mne46627,6,62,0
mne33708,5,35,0
mne2376,4,11,0
mne34506,10,13,0
mne32096,8,6,0
mne23310,5,15,0
mne32204,11,41,0
mne15648,2,7,0
mne31446,6,53,0
mne4326,2,1,0
mne49105,12,9,0
mne10659,7,9,0
mne34169,12,36,0
mne11645,4,50,0
mne35802,3,37,0
mne3901,1,22,0
mne11469,12,11,1
mne26762,1,11,0
mne18628,7,63,0
mne31399,1,26,0
mne270,10,10,0
mne24699,3,14,0
mne47785,5,28,0
mne34276,6,138,0
mne26825,12,16,0
mne10288,9,1,0
mne32171,6,50,0
mne50619,6,64,0
mne18628,6,11,0
mne26660,1,3,0
mne33225,10,18,0
mne34464,4,21,0
mne29444,10,14,0
mne35807,12,38,0
mne32739,8,2,0
mne26825,4,12,0
mne34173,10,12,0
mne18011,12,11,1
mne5318,7,3,0
mne11396,7,23,0
mne19693,10,10,0
mne41364,4,6,0
mne19693,2,32,0
mne31429,7,9,0
mne34464,3,8,0
mne11588,9,2,0
mne35430,2,9,0
mne46640,6,48,2
mne30145,6,75,0
mne26694,5,35,0
mne29462,5,27,0
mne1246,6,63,0
mne11588,3,4,0
mne32181,10,15,0
mne34144,4,30,0
mne33755,2,49,0
mne12610,5,17,0
mne92,6,15,0
mne26692,9,12,0
mne17139,12,28,0
mne2584,1,14,0
mne30176,1,15,0
mne47835,5,1,0
mne34109,6,20,0
mne49042,10,9,0
mne50652,12,19,0
mne35457,12,5,0
mne47813,3,13,0
mne34173,11,8,0
mne31373,2,22,1
mne34514,9,3,0
mne27789,6,20,0
mne32101,12,13,0
mne2276,4,9,0
mne12610,6,22,0
mne34289,5,26,0
mne48470,12,1,0
mne33693,3,30,0
mne1022,7,38,1
mne34505,6,56,0
mne7435,12,8,0
mne35437,5,16,0
mne19736,5,8,0
mne16482,10,5,0
mne29387,5,8,2
mne31463,6,78,0
mne537,6,19,0
mne34124,6,67,1
mne21427,6,24,0
mne26753,6,46,0
mne16306,5,2,0
mne47790,1,7,0
mne16652,12,6,0
mne33212,6,147,0
mne35438,3,34,1
mne33766,4,11,0
mne2272,3,2,0
mne36186,4,19,0
mne17379,7,5,0
mne34511,6,19,0
mne36181,5,32,0
mne46611,6,2,0
mne11629,11,1,0
mne32244,5,22,0
mne19677,10,12,0
mne15013,3,68,1
mne8845,11,1,0
mne45819,2,14,0
mne52091,7,9,0
mne34189,6,136,0
mne48486,1,8,0
mne33256,3,25,0
mne32733,4,44,0
mne11396,6,36,0
mne36181,7,7,0
mne49841,4,14,0
mne31387,4,17,0
mne31477,10,7,0
mne34347,2,10,0
mne34456,7,8,0
mne42822,2,6,0
mne32777,9,2,0
mne34302,3,12,0
mne34460,2,25,0
mne46608,4,20,1
mne23413,4,19,6
mne5971,3,5,0
mne31399,4,22,0
mne12588,3,19,0
mne11740,5,32,0
mne32231,4,15,0
mne34336,12,22,2
mne21424,6,61,0
mne34331,10,9,0
mne32056,5,8,0
mne6529,1,10,0
mne28607,3,18,0
mne46636,9,18,0
mne45930,7,26,1
mne33733,12,22,0
mne32101,1,15,0
mne16256,12,8,0
mne29419,3,46,1
mne34088,10,6,0
mne35430,5,9,0
mne42896,4,23,0
mne34273,11,29,0
mne45893,11,2,0
mne17319,2,25,0
mne34109,5,8,0
mne24824,9,11,0
mne33725,10,4,0
mne1547,2,18,0
mne16922,11,20,0
mne29469,6,39,0
mne50650,6,51,4
mne49100,5,21,0
mne42785,6,7,0
mne16702,3,21,0
mne42828,7,41,0
mne32737,5,21,0
mne32128,7,7,0
mne34083,5,27,0
mne3835,7,56,0
mne26692,1,9,0
mne31477,3,46,0
mne49133,1,23,0
mne23294,10,14,1
mne27739,5,20,0
mne29379,12,11,0
mne32221,5,21,0
mne33819,5,95,0
mne3913,7,3,0
mne42285,2,11,0
mne32199,10,4,0
mne19674,10,8,0
mne29425,7,20,0
mne5758,10,6,0
mne49051,6,28,0
mne28659,10,12,0
mne2562,9,1,0
mne35475,2,2,0
mne23183,6,48,0
mne36183,1,25,0
mne45845,8,1,0
mne23451,7,148,0
mne24769,3,23,0
mne8361,1,3,0
mne33221,9,3,0
mne18257,6,12,0
mne11706,6,21,0
mne44064,3,25,0
mne31488,2,6,0
mne17982,1,8,0
mne16640,10,4,0
mne29469,5,35,0
mne33773,6,37,0
mne867,11,1,0
mne23183,11,7,0
mne32730,7,36,0
mne34478,6,36,0
mne11671,4,15,0
mne48490,4,11,0
mne23414,4,32,0
mne34347,10,5,0
mne34273,10,15,0
mne31470,7,61,6
mne49042,12,20,0
mne33244,6,135,0
mne34124,10,21,0
mne41302,7,14,0
mne32063,6,36,0
mne31481,8,9,0
mne32069,4,6,0
mne31387,7,18,0
mne7645,7,8,0
mne17319,8,2,0
mne16302,1,12,0
mne48486,6,35,0
mne16702,6,39,0
mne44151,12,7,0
mne35460,12,8,0
mne34469,4,8,0
mne32066,9,23,0
mne10851,3,10,0
mne48483,10,16,0
mne33244,1,26,0
mne35389,3,10,0
mne42791,6,9,0
mne35811,7,34,0
mne3901,5,26,0
mne46625,6,24,0
mne34327,11,19,0
mne29462,11,33,0
mne1167,4,13,0
mne1366,5,6,0
mne27873,9,12,0
mne32736,5,28,0
mne8361,4,7,0
mne34082,12,8,0
mne11183,5,1,0
mne19692,7,36,0
mne42793,5,6,0
mne45861,12,6,0
mne8317,7,20,0
mne33205,3,12,0
mne45861,3,7,0
mne18078,4,29,1
mne34173,1,2,0
mne51054,4,18,0
mne32801,3,38,0
mne24680,12,10,0
mne50619,4,31,0
mne24699,10,21,0
mne29393,11,6,0
mne15619,9,6,0
mne28683,11,10,0
mne34163,6,116,0
mne32173,1,23,0
mne33707,1,15,0
mne29388,6,45,0
mne42817,1,1,0
mne16302,3,34,0
mne29444,1,17,0
mne34119,12,17,0
mne32231,10,13,0
mne34536,4,32,0
mne32775,3,41,0
mne45930,6,115,0
mne35388,9,8,0
mne28681,10,11,0
mne34278,7,35,0
mne35419,4,3,0
mne11903,10,2,0
mne45950,7,29,0
mne34271,1,16,0
mne45950,1,25,0
mne24813,5,32,0
mne27707,12,74,0
mne34475,3,20,0
mne28824,10,11,0
mne11122,12,13,0
mne35856,10,8,0
mne23319,12,24,0
mne35460,4,14,0
mne29369,2,14,0
mne23430,9,9,0
mne23430,10,8,0
mne44108,1,2,0
mne32730,6,30,0
mne46362,10,1,1
mne18574,9,21,0
mne34145,6,78,0
mne34273,2,18,0
mne18514,6,6,1
mne35438,12,23,0
mne23310,10,3,0
mne30193,11,23,0
mne34331,6,81,0
mne31458,11,6,0
mne36186,11,17,0
mne48482,10,9,0
mne52080,6,6,0
mne34462,3,9,0
mne33714,5,85,0
mne15942,6,29,0
mne34336,11,33,9
mne32730,11,6,0
mne29469,12,24,0
mne19734,10,6,0
mne504,11,6,0
mne48487,8,3,0
mne5783,12,30,0
mne35800,5,29,0
mne28681,3,38,0
mne47798,5,19,0
mne34124,5,33,0
mne34493,10,13,0
mne32244,3,10,0
mne15281,1,15,0
mne17897,2,13,0
mne19677,12,22,1
mne34099,12,37,0
mne48487,1,7,0
mne48485,9,6,0
mne35389,2,15,0
mne34512,3,10,0
mne34273,12,22,0
mne3154,1,7,0
mne28657,6,67,0
mne31483,2,18,0
mne34140,2,19,1
mne11740,12,14,0
mne35807,7,17,0
mne52074,4,8,0
mne32171,5,5,1
mne19744,10,3,0
mne26771,2,14,0
mne31483,6,68,0
mne42788,10,3,0
mne23334,1,8,0
mne18574,6,66,1
mne31404,7,25,0
mne5657,11,2,0
mne35807,2,10,0
mne31412,11,12,0
mne23368,1,12,0
mne33677,1,12,0
mne21387,3,15,0
mne35856,3,21,0
mne29444,5,21,0
mne19699,6,42,0
mne31436,2,16,0
mne45910,6,54,0
mne6143,11,7,0
mne6568,6,21,0
mne34028,3,23,0
mne433,6,9,0
mne2892,11,2,0
mne11903,6,27,0
mne1616,4,3,0
mne11748,3,17,0
mne31412,10,11,0
mne34316,6,93,0
mne16902,9,6,0
mne34272,12,35,0
mne34332,3,8,0
mne18574,11,6,0
mne45950,4,24,0
mne15867,3,25,0
mne35802,2,8,0
mne35802,7,5,0
mne47887,5,21,1
mne33753,9,2,0
mne34273,3,26,1
mne49858,12,3,0
mne9795,11,9,0
mne3835,12,30,0
mne35802,1,6,0
mne52143,4,24,0
mne2896,4,22,0
mne32735,2,33,0
mne32735,4,24,0
mne19692,2,5,0
mne35430,10,2,0
mne9261,6,10,0
mne46627,11,4,0
mne1246,4,19,0
mne23254,11,3,0
mne31406,8,3,0
mne34506,5,25,0
mne17458,6,21,0
mne41302,6,35,0
mne33285,3,7,1
mne41313,5,27,0
mne45861,5,15,0
mne6529,5,26,0
mne11748,12,12,0
mne47795,12,7,0
mne33714,3,65,0
mne33224,5,23,4
mne34514,3,32,0
mne33710,1,8,0
mne35421,6,42,0
mne32775,4,9,0
mne4173,3,16,0
mne31367,6,67,0
mne15974,10,1,0
mne33722,2,11,0
mne26733,6,101,0
mne12610,8,3,0
mne47775,3,16,0
mne6428,7,5,0
mne32221,6,71,0
mne689,5,29,0
mne33214,4,8,0
mne32728,6,45,0
mne33224,1,11,0
mne34088,5,20,0
mne45893,4,25,0
mne34442,9,22,0
mne32857,4,31,0
mne1246,3,34,0
mne21334,1,7,0
mne35793,2,14,0
mne50653,7,10,0
mne48481,6,16,0
mne45950,9,12,0
mne26846,4,9,0
mne19699,2,5,0
mne727,1,7,0
mne5505,9,11,0
mne51057,6,1,0
mne32079,4,21,1
mne35457,6,12,0
mne32783,5,38,0
mne28661,1,23,0
mne34300,11,9,0
mne34094,6,61,0
mne5318,3,5,0
mne42818,6,27,0
mne46587,1,6,0
mne34159,3,24,0
mne24826,6,92,0
mne41307,9,9,0
mne15942,1,9,0
mne44064,6,19,0
mne32792,12,23,0
mne24721,11,32,0
mne23279,11,4,0
mne5318,8,1,0
mne34522,12,5,0
mne32171,3,12,0
mne33212,7,53,0
mne35794,5,30,5
mne32775,10,4,0
mne33773,5,4,0
mne23318,6,87,2
mne27773,9,3,0
mne29384,3,5,0
mne26777,7,31,0
mne34478,12,15,0
mne17021,12,13,0
mne17021,11,9,0
mne31387,2,12,0
mne19688,5,20,0
mne1828,5,6,0
mne11207,5,9,0
mne35408,11,10,0
mne45950,2,18,0
mne19789,5,11,0
mne24830,6,88,0
mne31481,2,22,0
mne34169,7,33,1
mne32171,4,8,0
mne33196,7,7,0
mne19693,3,26,0
mne31429,1,10,0
mne51513,8,3,0
mne26734,5,91,0
mne16702,11,15,0
mne24826,10,28,0
mne35391,5,36,0
mne19674,4,21,0
mne45822,2,6,0
mne32730,3,5,0
mne47798,9,5,0
mne16922,6,67,0
mne31477,4,14,0
mne35808,12,26,0
mne33779,5,27,0
mne36029,6,54,0
mne21381,11,10,0
mne34468,12,10,0
mne15969,7,27,0
mne29385,6,15,0
mne34484,5,14,0
mne46625,3,10,0
mne32904,12,6,0
mne33711,3,18,0
mne3835,3,24,1
mne17625,5,27,0
mne11512,9,10,0
mne47884,6,36,0
mne34485,2,25,0
mne19692,9,4,0
mne35408,8,1,0
mne472,5,10,0
mne24821,10,17,0
mne35811,2,9,0
mne24820,10,20,0
mne21387,5,12,2
mne28683,8,7,0
mne34145,7,60,0
mne18547,3,7,0
mne35420,3,18,0
mne31413,3,7,0
mne730,3,22,0
mne10948,3,29,0
mne49841,6,56,0
mne32056,6,27,0
mne45831,12,13,0
mne17625,6,41,0
mne35855,1,17,0
mne35805,5,9,0
mne36189,10,12,0
mne34083,7,15,1
mne36025,3,17,0
mne35787,9,9,0
mne23318,7,29,0
mne35421,2,14,0
mne32056,12,14,0
mne34347,3,17,0
mne32064,11,8,0
mne43513,11,3,0
mne32732,11,50,0
mne12631,1,7,0
mne7644,3,2,0
mne11671,5,19,0
mne35794,6,80,8
mne34536,1,27,0
mne10547,4,8,0
mne25301,3,5,0
mne35787,7,35,0
mne18510,12,4,0
mne36183,6,59,0
mne24638,4,16,0
mne1277,4,7,0
mne35787,6,41,0
mne50605,3,12,0
mne10823,10,11,0
mne32115,4,32,0
mne36180,6,95,2
mne27739,8,1,0
mne27864,10,15,0
mne24638,5,16,0
mne34262,12,5,0
mne30140,11,8,0
mne19691,9,7,0
mne29476,4,7,0
mne43433,4,20,0
mne35437,3,20,0
mne15682,7,2,0
mne34475,5,3,0
mne35803,10,10,0
mne34279,5,32,0
mne34478,11,7,0
mne31427,4,21,0
mne23294,12,6,0
mne31407,6,32,0
mne7645,1,1,0
mne50564,6,44,0
mne27742,9,10,0
mne32777,2,3,0
mne49841,7,40,0
mne34103,11,10,0
mne32372,11,2,0
mne28702,2,4,0
mne18512,12,8,0
mne34480,5,17,0
mne35406,4,10,0
mne31428,6,56,0
mne46607,6,32,0
mne10887,10,4,0
mne46609,7,11,0
mne34100,9,6,0
mne28661,3,14,0
mne33753,1,13,0
mne26734,11,20,0
mne11903,2,4,0
mne47778,2,7,0
Ukendt revisor,1,216,3
mne2521,12,2,0
mne33761,10,11,0
mne34522,4,8,0
mne6159,9,1,0
mne31488,10,15,0
mne34133,6,76,0
mne35794,10,13,1
mne11207,2,6,0
mne4109,1,7,0
mne15942,11,9,0
mne27739,2,12,0
mne49056,5,7,0
mne11207,4,5,0
mne36178,2,11,0
mne49056,6,23,0
mne32171,7,40,0
mne33225,5,28,0
mne503,10,11,0
mne3835,11,6,0
mne42782,11,8,0
mne11706,5,9,0
mne23366,2,21,0
mne33693,4,30,0
mne27705,6,32,0
mne29495,7,22,0
mne12631,3,11,0
mne2377,10,1,0
mne42285,3,26,0
mne30151,11,3,0
mne3395,6,53,0
mne3097,2,4,0
mne3376,12,4,0
mne34512,12,14,0
mne36182,2,23,0
mne19674,3,27,0
mne14950,5,36,4
mne17313,12,15,0
mne2276,6,29,0
mne51049,3,23,0
mne27864,3,28,0
mne33221,4,23,0
mne21405,3,18,1
mne11651,4,19,0
mne49072,2,1,0
mne28661,6,14,0
mne46587,6,38,0
mne12588,2,11,0
mne32206,4,4,0
mne11407,2,7,0
mne52143,12,8,0
mne32849,7,25,0
mne41365,4,25,0
mne35478,7,19,0
mne32129,3,37,0
mne26660,6,20,0
mne49108,2,26,0
mne18078,5,38,0
mne34140,7,16,0
mne34518,4,19,0
mne52091,6,24,0
mne23304,3,36,0
mne4043,3,2,0
mne19699,10,4,0
mne32728,11,13,0
mne32748,3,12,0
mne28583,6,34,0
mne33773,3,17,0
mne35430,3,12,0
mne31480,11,18,0
mne29531,4,23,0
mne34109,11,8,0
mne32732,6,6,0
mne42822,3,42,1
mne42794,9,2,0
mne31450,3,39,0
mne40760,12,33,0
mne35789,12,14,0
mne18433,2,17,0
mne16813,10,2,0
mne49042,5,38,0
mne32743,6,53,0
mne30207,5,59,0
mne33693,10,8,0
mne49840,3,4,0
mne45826,3,3,0
mne49133,2,41,0
mne34133,5,53,0
mne31404,1,28,0
mne33757,4,60,0
mne36029,12,16,0
mne27708,2,16,0
mne34095,7,6,0
mne34351,2,8,0
mne17225,6,34,0
mne24813,3,18,0
mne5758,8,1,0
mne35478,5,15,1
mne47816,12,8,0
mne18617,3,31,0
mne11469,2,5,0
mne11121,6,2,0
mne25301,7,5,0
mne35432,6,82,0
mne31428,11,5,0
mne33212,1,55,0
mne21427,1,21,0
mne42786,6,41,0
mne12580,6,5,0
mne33711,2,10,0
mne31470,10,9,0
mne16515,6,36,0
mne27738,4,8,0
mne43515,6,23,0
mne33677,6,75,0
mne27729,7,8,0
mne42894,6,50,0
mne49072,6,8,0
mne32181,2,33,0
mne47777,1,10,0
mne42894,9,8,0
mne27796,5,24,0
mne23304,5,51,0
mne31404,2,37,0
mne33680,6,47,0
mne47813,11,5,0
mne16912,10,3,0
mne35437,8,1,0
mne27703,4,40,0
mne29474,5,40,0
mne35804,1,11,0
mne30193,3,67,0
mne12478,6,7,0
mne34518,6,39,0
mne32205,2,19,0
mne34189,10,14,0
mne51513,10,1,0
mne31429,3,13,0
mne44108,2,6,0
mne35388,5,31,0
mne34327,6,63,0
mne6529,6,80,0
mne28657,10,11,0
mne25346,6,63,0
mne50621,4,5,0
mne26846,2,5,0
mne27765,3,17,0
mne24817,2,13,0
mne52070,6,22,0
mne50627,3,8,0
mne24721,3,47,0
mne34279,6,50,0
mne29387,6,37,2
mne10823,5,19,0
mne32733,7,21,0
mne2645,4,4,0
mne2903,5,16,0
mne36182,3,30,0
mne8758,4,15,0
mne36025,6,36,0
mne18473,3,3,0
mne45950,11,9,0
mne50559,5,44,0
mne33755,11,15,0
mne1246,5,10,0
mne33753,2,12,0
mne27865,12,17,0
mne35389,7,6,0
mne23293,3,30,0
mne5783,2,14,0
mne1516,11,1,0
mne4043,10,6,0
mne33750,2,4,0
mne35800,3,19,0
mne24769,2,8,1
mne42784,2,6,0
mne27742,6,69,0
mne24721,5,54,0
mne28654,4,21,0
mne32810,6,75,3
mne45831,6,40,0
mne34469,12,8,0
mne48488,7,13,0
mne17319,3,30,0
mne34100,2,10,0
mne30192,3,3,0
mne34271,5,25,0
mne42822,5,33,0
mne34472,9,7,0
mne2483,6,38,0
mne36180,2,13,1
mne33679,6,52,1
mne16912,4,13,6
mne45820,6,25,1
mne33221,1,7,0
mne16912,12,8,4
mne23334,2,7,0
mne32737,7,33,0
mne45821,6,7,0
mne32772,6,25,0
mne41365,8,7,0
mne26783,6,61,0
mne26762,10,4,0
mne30193,4,26,0
mne35629,3,17,0
mne19674,1,13,0
mne32231,6,85,0
mne31411,6,55,0
mne34302,2,10,0
mne18512,2,15,0
mne3300,11,6,0
mne15974,3,4,0
mne17120,5,31,0
mne12478,10,20,8
mne26777,6,32,0
mne3097,3,11,0
mne35811,3,20,0
mne32079,3,33,0
mne35856,12,24,0
mne18623,12,10,0
mne35807,5,19,0
mne32244,10,3,0
mne11737,12,8,1
mne45819,3,15,0
mne29499,6,1,0
mne18520,7,5,0
mne34478,4,10,0
mne18225,3,13,0
mne15867,2,16,0
mne33683,12,4,0
mne11905,12,19,0
mne27751,6,36,0
mne23368,9,4,0
mne12588,5,22,0
mne48472,11,3,0
mne23420,7,71,1
mne34189,11,11,0
mne11738,5,50,0
mne32204,12,43,0
mne19688,11,5,0
mne46584,3,3,0
mne15657,12,5,0
mne10776,10,6,0
mne16912,3,22,5
mne42285,7,21,0
mne49065,7,10,0
mne46607,5,19,0
mne30193,9,14,0
mne2272,10,4,0
mne47833,4,17,0
mne27866,10,4,0
mne33221,3,38,0
mne33733,6,39,1
mne2376,2,3,0
mne34333,4,2,0
mne29385,4,17,0
mne15648,12,2,0
mne49858,6,34,0
mne51499,4,12,0
mne31444,12,22,0
mne730,11,18,0
mne4502,3,20,2
mne5675,12,15,0
mne17319,1,6,0
mne23294,5,26,0
mne2389,1,4,0
mne34157,12,15,0
mne11745,11,2,0
mne34472,3,13,0
mne21405,4,33,0
mne23366,12,19,0
mne18433,6,51,0
mne50564,3,18,1
mne29456,4,49,0
mne2378,5,5,0
mne49133,10,15,0
mne34161,6,59,0
mne34272,10,7,0
mne31470,3,37,6
mne26825,1,11,0
mne34324,6,47,3
mne35808,1,17,0
mne29393,6,88,0
mne34266,10,7,2
mne34278,6,83,0
mne35478,10,8,0
mne36025,2,12,0
mne46626,3,14,0
mne35801,1,8,0
mne537,3,15,0
mne46626,6,24,1
mne27751,1,8,0
mne26694,3,29,0
mne32801,12,11,0
mne34278,3,45,0
mne12199,10,1,0
mne29356,11,4,0
mne51529,10,8,0
mne50605,4,4,0
mne49099,10,4,0
mne26694,7,19,0
mne35794,3,19,3
mne26777,11,2,0
mne12580,12,2,0
mne51501,12,6,0
mne32063,12,12,0
mne32064,3,29,0
mne46640,1,12,0
mne7644,2,3,0
mne34472,5,22,0
mne47785,2,12,0
mne34124,1,13,0
mne35802,5,23,0
mne4173,12,23,0
mne33221,5,18,0
mne29391,3,35,0
mne50564,11,6,0
mne26713,5,40,0
mne33194,2,10,0
mne31367,1,9,0
mne19692,5,17,0
mne34505,3,21,0
mne16302,11,1,0
mne26734,3,38,0
mne33724,6,25,0
mne42285,6,85,0
mne32206,1,7,0
mne18520,5,10,0
mne387,6,12,0
mne167,3,30,0
mne30193,5,38,0
mne34282,2,6,0
mne32181,7,24,0
mne4109,10,14,1
mne12478,2,12,0
mne42788,5,2,0
mne52074,7,12,0
mne40048,6,94,2
mne49075,6,16,0
mne45823,6,53,0
mne3086,7,16,0
mne21405,5,14,0
mne862,1,13,0
mne48472,12,3,0
mne1547,9,5,0
mne48487,11,3,0
mne33707,6,76,0
mne34554,7,17,0
mne44061,6,33,0
mne34332,10,8,0
mne27738,2,14,0
mne4173,4,38,0
mne23414,2,18,0
mne31487,12,11,0
mne1022,6,22,0
mne31436,12,20,0
mne33714,7,46,0
mne1832,5,2,0
mne24817,9,10,0
mne41367,6,41,0
mne32128,4,9,0
mne32372,4,32,0
mne52078,3,5,0
mne730,10,6,0
mne33311,12,16,0
mne32199,5,75,0
mne11288,10,1,0
mne34496,5,22,0
mne32122,5,29,0
mne34129,6,22,1
mne47813,1,9,0
mne34271,6,61,0
mne33195,3,6,0
mne21427,10,15,0
mne33705,7,26,0
mne34108,7,19,0
mne47812,5,13,0
mne42894,2,34,1
mne48482,5,16,0
mne24821,7,27,0
mne33710,12,23,0
mne18011,5,27,0
mne35822,5,67,0
mne47904,2,12,0
mne23293,10,20,0
mne21381,7,28,0
mne41302,1,10,0
mne33214,6,36,3
mne32181,3,41,0
mne24769,6,29,1
mne2511,4,9,0
mne12352,4,15,0
mne27779,9,4,0
mne17225,1,3,0
mne9459,6,78,2
mne31397,1,22,0
mne26778,4,9,0
mne3020,2,4,0
mne19699,1,7,0
mne18474,2,1,0
mne52103,1,5,0
mne730,5,17,0
mne15429,10,13,0
mne34079,3,27,0
mne31404,5,50,0
mne2427,5,9,0
mne30224,2,24,0
mne28663,3,7,0
mne34302,12,18,0
mne27758,5,2,0
mne15969,3,31,1
mne50563,2,13,0
mne35804,11,15,0
mne17458,12,16,0
mne11306,9,8,0
mne34289,3,21,0
mne24721,2,25,0
mne16515,4,12,0
mne26805,9,2,0
mne28654,7,41,0
mne47777,10,8,0
mne26911,7,7,0
mne17319,4,26,0
mne33773,7,34,1
mne10084,10,2,0
mne36189,4,18,2
mne19789,12,9,0
mne12006,5,4,0
mne19744,1,6,0
mne49108,10,13,0
mne689,2,8,0
mne32122,12,17,0
mne10156,11,3,0
mne34473,4,16,0
mne33220,7,10,0
mne7435,7,31,0
mne18520,4,11,0
mne18617,12,8,0
mne24824,11,6,0
mne15253,2,7,0
mne30224,10,9,0
mne29391,5,18,0
mne4502,12,10,0
mne8315,6,15,0
mne17021,9,11,0
mne34496,10,16,0
mne2896,5,32,0
mne27751,11,4,0
mne35391,11,16,0
mne47777,6,93,1
mne35449,12,11,0
mne46588,10,3,0
mne36029,2,18,0
mne40021,5,3,0
mne24820,2,4,0
mne11348,4,45,1
mne46608,6,26,0
mne34511,3,7,0
mne34489,5,6,0
mne40037,5,7,0
mne10734,11,34,0
mne46586,6,46,1
mne50618,6,23,0
mne2272,4,4,0
mne8726,12,11,0
mne26695,10,19,0
mne32115,9,16,0
mne24821,12,2,0
mne41287,5,32,0
mne32848,9,28,0
mne32794,3,21,1
mne1025,4,25,0
mne33225,1,3,0
mne24826,4,18,0
mne33714,12,33,0
mne10962,10,1,0
mne7033,10,4,0
mne32182,3,11,0
mne34459,6,23,0
mne12352,5,13,0
mne34468,6,59,0
mne31407,4,10,0
mne24817,10,13,0
mne33756,7,10,0
mne21381,10,5,0
mne46632,2,4,0
mne27765,12,42,0
mne35811,1,8,0
mne29390,12,5,0
mne27742,7,14,1
mne35789,9,9,0
mne31404,9,9,0
mne34273,8,16,1
mne33198,2,16,0
mne27705,9,3,0
mne45864,4,34,0
mne17138,1,16,0
mne32737,10,1,0
mne32733,10,9,0
mne28638,3,9,0
mne24824,1,10,0
mne49093,12,12,0
mne27742,3,33,0
mne35449,2,3,0
mne2573,6,26,0
mne33680,3,10,0
mne18574,4,31,0
mne32743,10,9,0
mne48730,11,5,0
mne18433,10,8,0
mne23293,8,2,0
mne27738,3,9,0
mne15969,8,1,0
mne18495,5,3,0
mne42827,7,36,0
mne34373,3,23,0
mne167,6,42,0
mne27739,11,5,0
mne26692,4,25,0
mne23293,5,45,0
mne50619,2,13,0
mne10851,11,6,0
mne32777,3,10,0
mne33773,11,13,0
mne48488,12,4,0
mne29390,2,5,0
mne25346,7,53,0
mne46636,7,23,0
mne11588,12,5,0
mne26753,10,5,0
mne36183,7,13,0
mne8942,11,5,0
mne50628,12,17,0
mne43433,11,8,0
mne34103,9,12,0
mne26825,3,14,0
mne35811,6,52,0
mne33224,2,20,2
mne34101,7,9,0
mne29379,2,3,0
mne34475,6,16,0
mne35808,5,37,0
mne34359,4,5,0
mne41402,3,16,0
mne34189,8,2,0
mne34442,12,34,0
mne4297,1,1,0
mne35413,6,21,0
mne16029,7,4,0
mne45828,4,123,0
mne49092,6,6,0
mne15969,11,8,0
mne32079,6,30,0
mne35806,7,18,1
mne32904,1,11,0
mne9713,9,1,0
mne27741,11,7,0
mne32822,12,11,0
mne33725,4,18,0
mne45950,3,36,0
mne41312,4,3,0
mne29393,4,19,0
mne32798,12,11,0
mne36180,8,9,0
mne23183,4,11,0
mne15784,3,4,0
mne29432,12,6,0
mne5505,6,21,0
mne50676,4,192,0
mne270,12,12,0
mne26694,6,54,0
mne35421,12,27,0
mne21329,7,1,0
mne47800,8,1,0
mne34099,2,15,0
mne35838,5,54,0
mne18574,10,17,0
mne5505,5,14,0
mne34539,4,130,0
mne48483,4,31,3
mne4334,6,3,0
mne35464,7,37,0
mne23299,7,16,0
mne35804,4,14,0
mne32732,7,9,0
mne11645,3,34,0
mne33710,11,12,0
mne21427,3,15,0
mne16827,12,5,0
mne18623,4,17,0
mne32063,11,12,0
mne29469,7,42,0
mne35800,6,38,0
mne51510,6,12,0
mne47778,6,60,0
mne29531,6,49,0
mne45893,7,17,0
mne9251,6,10,0
mne49108,9,17,0
mne17138,2,13,0
mne32789,4,5,1
mne23302,9,1,0
mne21405,1,9,0
mne29425,2,14,0
mne35464,1,13,0
mne26777,4,8,0
mne33677,11,7,0
mne32129,2,16,0
mne32244,7,12,0
mne11348,2,22,4
mne10043,10,8,0
mne32096,3,66,1
mne17319,7,26,0
mne31436,6,83,0
mne270,1,11,0
mne5675,10,2,0
mne9977,1,3,0
mne8942,6,36,0
mne33679,11,8,0
mne31470,4,58,5
mne34151,10,5,0
mne34321,5,15,0
mne27873,4,23,0
mne21405,6,50,1
mne23420,11,11,0
mne26731,3,3,0
mne3901,7,26,0
mne6185,9,1,0
mne42794,6,119,1
mne35805,9,8,0
mne29497,4,24,0
mne35389,6,34,0
mne34543,12,11,0
mne36178,6,53,0
mne19736,7,21,0
mne31463,3,19,0
mne44140,1,1,0
mne3395,5,17,0
mne34145,12,11,0
mne4109,3,9,0
mne34119,11,5,0
mne32849,12,8,0
mne48473,4,18,0
mne52078,4,14,0
mne31444,9,7,0
mne15931,9,3,0
mne28663,12,7,0
mne17402,2,17,0
mne607,3,7,0
mne42817,6,88,0
mne34366,5,5,0
mne32750,11,4,0
mne24826,12,30,0
mne3835,10,2,0
mne32101,6,65,2
mne42793,4,10,0
mne27742,10,16,2
mne28663,7,15,0
mne35812,6,30,0
Ukendt revisor,8,53,0
mne49042,4,14,0
mne661,6,134,2
mne33724,5,10,0
mne24817,12,9,0
mne16826,12,10,0
mne11288,6,1,0
mne19698,7,17,0
mne11036,11,18,0
mne32849,9,13,0
mne7110,5,1,0
mne35413,12,9,0
mne31397,5,35,0
mne44067,12,10,0
mne30176,6,74,0
mne11740,6,63,0
mne29390,1,4,0
mne23324,5,26,0
mne12355,12,5,0
mne32733,1,11,0
mne30216,12,38,0
mne23294,6,54,0
mne15253,3,16,0
mne42827,1,22,0
mne17402,5,18,0
mne15018,4,5,0
mne42831,6,14,2
mne41307,6,49,0
mne23492,7,11,0
mne36189,6,69,0
mne47798,4,8,0
mne47263,3,16,0
mne34133,10,10,0
mne35805,6,50,2
mne31463,5,29,0
mne44151,3,18,0
mne10726,6,9,0
mne49056,7,4,0
mne18547,4,6,0
mne4173,5,56,0
mne34099,5,29,0
mne23293,2,20,0
mne16868,2,3,0
mne52091,5,9,0
mne40065,3,18,2
mne45845,4,11,0
mne34546,1,13,0
mne35803,4,9,0
mne12805,9,18,0
mne2272,5,3,0
mne5657,4,16,0
mne8726,6,27,0
mne18514,12,5,0
mne49841,5,12,0
mne42827,4,37,0
mne30176,2,68,0
mne32730,4,3,0
mne11207,1,9,0
mne47833,6,59,0
mne31407,5,13,0
mne48482,12,20,0
mne27701,7,11,0
mne43433,5,15,0
mne15242,5,14,0
mne18520,6,23,0
mne605,6,10,0
mne27765,4,18,0
mne1025,7,12,0
mne32199,9,8,0
mne32115,2,10,0
mne18620,10,13,0
mne35787,3,31,1
mne31477,12,31,0
mne32743,9,9,0
mne41306,7,23,4
mne32052,6,15,0
mne32199,11,17,0
mne35389,1,11,0
mne33214,12,14,0
mne17897,1,11,0
mne11349,1,3,0
mne31481,4,20,0
mne34332,8,3,0
mne33753,3,33,0
mne11905,8,3,0
mne33707,7,11,0
mne15281,9,4,0
mne10962,4,4,0
mne41364,1,1,0
mne33693,9,5,0
mne27737,8,3,0
mne45822,3,19,0
mne51057,5,7,0
mne19698,11,13,0
mne34442,6,74,0
mne35822,7,37,0
mne35789,4,11,0
mne46632,4,12,0
mne33766,1,4,0
mne28679,6,75,3
mne45858,5,5,0
mne4452,4,1,0
mne48490,9,3,0
mne18620,11,13,0
mne28663,5,47,0
mne41364,2,4,0
mne35804,7,9,0
mne34480,12,9,0
mne24737,5,6,0
mne34028,9,6,0
mne35787,11,8,0
mne23413,1,2,0
mne15281,6,54,0
mne42793,6,80,0
mne26805,11,7,0
mne50606,1,2,0
mne18510,9,3,0
mne15648,7,12,0
mne27765,10,14,0
mne35804,3,30,0
mne34157,5,12,0
mne42773,1,15,0
mne16827,5,4,0
mne41313,2,14,0
mne32056,2,16,0
mne32133,7,17,0
mne33245,3,29,0
mne35394,2,24,0
mne26745,4,18,0
mne34300,5,20,0
mne23318,4,42,0
mne12451,1,7,1
mne26692,6,44,1
mne19698,2,35,0
mne18547,6,13,0
mne19699,4,8,0
mne32170,3,15,0
mne48483,12,22,0
mne33313,2,8,0
mne24824,2,11,0
mne11903,9,2,0
mne34522,11,4,0
mne31404,8,1,0
mne48487,2,9,0
mne34101,9,2,0
mne19692,10,3,0
mne27796,9,4,0
mne12805,6,137,0
mne34316,4,45,0
mne30224,9,6,0
mne28583,3,15,0
mne17154,5,3,0
mne15094,7,5,0
mne32739,2,32,0
mne31428,10,19,0
mne10851,4,17,0
mne34088,7,26,0
mne19691,7,34,0
mne24730,6,35,0
mne34467,6,50,0
mne28824,11,5,0
mne50638,3,9,0
mne28661,12,21,0
mne35437,4,24,2
mne50652,5,31,1
mne35421,1,22,0
mne32128,5,17,0
mne34489,6,15,1
mne48730,9,1,0
mne23296,2,7,1
mne11019,4,2,0
mne31463,4,22,0
mne33726,3,27,0
mne46640,12,10,0
mne5505,12,14,0
mne11671,12,20,0
mne32231,11,10,0
mne32733,8,1,0
mne24638,12,12,0
mne32789,3,5,0
mne34119,6,44,0
mne10288,2,6,0
mne18311,4,14,0
mne26714,1,12,0
mne35501,5,7,0
mne23279,2,21,0
mne35803,12,12,0
mne15683,6,11,0
mne4109,5,6,0
mne18625,1,3,0
mne27708,4,28,0
mne8361,7,9,0
mne23368,12,2,0
mne34332,11,3,0
mne46636,8,5,0
mne4297,4,12,0
mne46636,4,22,0
mne34331,1,6,0
mne11905,11,15,0
mne2483,3,19,0
mne47422,2,37,0
mne34133,3,15,0
mne12414,5,5,0
mne41307,2,14,0
mne31446,7,23,0
mne31411,3,15,0
mne34456,12,1,0
mne18625,7,31,0
mne28654,12,24,3
mne47800,5,14,0
mne30127,2,12,0
mne26806,3,13,0
mne47765,6,9,0
mne19789,4,12,0
mne17323,6,65,0
mne46256,1,8,0
mne28629,11,32,0
mne2892,1,11,0
mne18510,10,3,0
mne8317,10,29,0
mne15281,4,12,0
mne10156,2,11,0
mne34289,2,20,0
mne34300,8,2,0
mne16532,6,24,0
mne51056,4,4,1
mne35438,5,29,0
mne27705,4,17,0
mne51501,7,12,0
mne4502,2,8,1
mne35834,5,20,0
mne33756,12,22,0
mne29393,5,36,0
mne30176,7,35,1
mne46627,1,17,0
mne32181,6,102,1
mne16302,4,22,0
mne1616,12,5,0
mne10675,6,107,2
mne35803,5,16,0
mne3106,6,4,0
mne30127,6,33,0
mne34124,11,8,0
mne16553,3,2,0
mne49147,5,16,0
mne28654,9,5,0
mne28629,3,58,0
mne31367,9,5,0
mne1341,12,38,0
mne46588,6,20,0
mne32848,10,32,0
mne34484,12,9,0
mne33244,3,58,0
mne34489,9,7,0
mne31488,7,13,0
mne28683,1,9,0
mne8845,2,5,0
mne29474,6,58,0
mne2427,3,7,0
mne23310,4,7,0
mne33773,12,16,0
mne48490,5,10,0
mne7943,3,5,0
mne2892,9,2,0
mne34514,2,23,0
mne31520,12,16,0
mne34321,7,40,0
mne33757,6,88,0
mne45820,9,5,0
mne42794,3,69,0
mne34299,6,58,0
mne46627,12,33,0
mne11748,11,7,0
mne26645,6,56,2
mne49108,7,14,0
mne167,2,17,0
mne19689,6,69,0
mne35807,3,27,0
mne8845,1,15,0
mne35856,1,29,0
mne34468,7,24,0
mne32071,2,25,0
mne34295,7,39,2
mne32798,4,3,0
mne11036,10,5,0
mne16306,6,8,0
mne24699,12,20,0
mne33766,6,24,0
mne41316,4,12,0
mne11588,4,12,0
mne46629,6,87,0
mne41313,6,57,0
mne50641,6,13,0
mne49108,12,5,0
mne35856,5,35,0
mne19760,12,3,0
mne34178,6,25,0
mne33766,7,12,0
mne12478,5,23,1
mne34371,3,30,0
mne35629,8,4,0
mne867,7,75,0
mne16640,12,13,0
mne680,5,11,0
mne31480,5,72,0
mne29356,2,17,1
mne41367,1,12,0
mne31458,6,76,0
mne32069,6,45,0
mne34520,6,65,0
mne30213,1,10,0
mne12318,7,17,1
mne8726,4,9,0
mne28583,7,16,0
mne34371,12,16,0
mne34371,11,13,0
mne2564,3,14,0
mne27742,12,17,0
mne33756,5,19,0
mne17982,4,7,0
mne48472,6,29,0
mne27703,11,32,0
mne24746,7,1,0
mne36025,7,5,0
mne1137,12,2,0
mne47800,10,5,0
mne11809,7,3,0
mne35804,10,8,0
mne35629,11,9,0
mne10851,12,7,0
mne28666,3,8,0
mne418,11,7,0
mne19736,3,1,0
mne47803,3,13,0
mne33205,12,8,0
mne16826,6,10,0
mne26733,12,20,0
mne35822,12,12,0
mne472,6,31,0
mne41402,4,23,1
mne17145,6,150,0
mne35455,12,41,0
mne42794,11,24,0
mne15370,4,8,0
mne33708,4,11,0
mne42827,5,45,0
mne31367,2,7,0
mne30151,12,15,0
mne24813,2,12,0
mne28663,9,12,0
mne31488,11,12,0
mne23254,1,1,0
mne48473,1,9,0
mne16826,2,9,0
mne16640,3,32,0
mne8900,1,7,1
mne45822,6,42,0
mne48472,3,4,0
mne867,6,43,0
mne5783,5,25,0
mne33705,11,4,0
mne50619,12,26,0
mne19699,3,25,0
mne10851,1,9,0
mne24746,6,55,0
mne26825,5,25,0
mne34100,12,39,0
mne36182,10,10,1
mne34465,6,154,2
mne727,2,8,0
mne34326,5,44,0
mne28658,3,2,0
mne28702,5,4,0
mne26771,9,17,0
mne34502,7,84,0
mne23304,11,5,0
mne33723,4,13,0
mne29390,4,5,0
mne16652,4,8,0
mne1122,4,8,1
mne26714,5,25,0
mne14950,11,10,0
mne2892,4,4,0
mne33779,11,15,0
mne32101,5,43,1
mne11809,6,13,0
mne10851,5,13,0
mne46256,3,10,0
mne16256,10,3,0
mne2483,4,12,0
mne15429,9,9,0
mne28663,10,4,0
mne47771,5,1,0
mne2511,12,3,0
mne31428,7,13,0
mne15974,12,8,0
mne46607,4,21,0
mne32801,4,35,0
mne36186,3,56,0
mne16828,6,16,0
mne6568,1,2,0
mne34518,11,10,0
mne32727,2,13,0
mne34512,8,1,0
mne3844,1,6,0
mne51515,12,3,0
mne18495,4,1,0
mne2501,12,6,0
mne31463,2,9,0
mne3844,5,11,0
mne27741,3,13,0
mne34178,5,12,0
mne45820,12,15,0
mne1832,10,1,0
mne19691,12,9,0
mne49105,5,24,1
mne2542,6,6,0
mne12451,10,6,1
mne29425,1,10,0
mne32205,12,26,0
mne42817,5,24,0
mne47764,6,4,0
mne8845,9,4,0
mne50559,1,15,0
mne8845,12,11,0
mne28602,3,6,0
mne34327,9,4,0
mne47808,11,1,0
mne10887,12,7,0
mne8942,9,1,0
mne680,6,30,0
mne30183,5,37,1
mne28661,5,21,0
mne36181,6,78,1
mne959,12,2,0
mne47833,5,34,0
mne45819,4,27,0
mne47904,1,4,0
mne31444,3,18,0
mne26778,1,5,0
mne11512,12,19,0
mne40037,12,68,0
mne44061,4,18,0
mne6314,3,13,0
mne15094,11,8,0
mne31463,1,9,0
mne32736,2,5,0
mne47800,3,13,0
mne387,12,1,0
mne24680,11,12,0
mne19692,11,11,0
mne32205,9,7,0
mne33211,1,13,0
mne34144,12,21,0
mne31488,1,9,0
mne689,3,11,0
mne35804,12,14,0
mne10734,9,3,0
mne34119,10,16,0
mne30127,12,23,0
mne16850,1,8,0
mne3020,6,56,0
mne33209,4,32,1
mne31436,4,24,0
mne33724,4,8,0
mne32056,10,5,0
mne30145,11,5,0
mne36193,12,3,0
mne46619,4,18,1
mne34133,12,16,0
mne34327,1,15,0
mne32739,12,31,0
mne40035,6,13,0
mne34321,6,51,0
mne19689,1,6,0
mne32750,3,40,0
mne21558,7,10,0
mne28659,5,28,0
mne16826,5,17,0
mne33680,11,5,0
mne31477,2,24,0
mne26771,5,61,0
mne32205,3,20,0
mne16640,6,47,0
mne16702,5,17,0
mne31444,6,39,0
mne51510,3,7,0
mne27864,4,11,0
mne34371,5,32,0
mne18510,11,5,0
mne40762,2,20,0
mne29390,5,11,0
mne27789,5,8,0
mne1025,12,17,0
mne18049,6,29,0
mne34169,11,3,0
mne32750,8,5,0
mne23430,7,27,0
mne34144,9,6,0
mne47791,7,30,0
mne11671,3,12,0
mne34117,6,62,1
mne42773,6,85,0
mne46583,6,40,0
mne35455,4,60,0
mne36180,3,18,1
mne32372,7,30,1
mne35794,4,28,3
mne34133,7,20,0
mne33686,2,19,0
mne4502,4,19,0
mne52086,4,2,0
mne16226,4,13,2
mne35794,2,13,1
mne51483,4,7,0
mne2505,6,13,0
mne23451,3,27,1
mne32107,10,7,0
mne16902,6,44,0
mne36193,6,35,0
mne2574,1,1,0
mne23310,6,24,0
mne48730,1,9,0
mne16702,2,12,0
mne35478,3,12,0
mne33197,2,4,0
mne46610,5,26,0
mne17458,3,6,0
mne26695,5,38,0
mne12199,1,5,0
mne32792,10,9,0
mne26645,5,24,3
mne26806,11,19,0
mne34472,2,13,0
mne49093,2,2,0
mne26733,4,16,0
mne32056,3,10,0
mne537,4,4,0
mne49065,6,30,0
mne48487,5,19,0
mne26846,7,8,0
mne29445,6,52,0
mne689,4,13,0
mne19744,4,10,0
mne31429,5,25,0
mne959,3,6,0
mne48484,5,2,0
mne49072,4,4,0
mne32221,4,21,0
mne31412,1,5,0
mne35434,10,20,0
mne35422,3,6,0
mne47866,12,3,0
mne35475,3,4,0
mne16532,5,6,0
mne50738,7,59,0
mne33724,11,3,0
mne12040,4,14,0
mne27707,5,37,0
mne35797,6,72,0
mne17140,4,7,0
mne28654,5,9,0
mne49100,3,21,0
mne47778,7,13,0
mne17340,7,7,0
mne24826,5,33,1
mne21381,5,23,0
mne727,4,2,0
mne32801,5,39,0
mne34341,10,2,0
mne16868,5,29,0
mne8361,6,10,0
mne10049,10,6,0
mne42894,4,17,0
mne19708,1,3,0
mne34347,4,8,0
mne19688,1,9,0
mne18574,5,18,0
mne5614,10,15,0
mne27701,2,21,0
mne12451,6,55,4
mne42817,9,6,0
mne10156,5,5,0
mne26733,2,14,0
mne6161,7,1,0
mne10902,6,3,0
mne32107,7,19,0
mne34539,6,4,0
mne29387,1,6,0
mne26746,10,2,0
mne4173,7,21,0
mne29393,2,35,0
mne23318,2,24,0
mne34462,11,2,1
mne17363,3,34,0
mne45861,9,9,0
mne27768,6,52,0
mne11737,8,1,0
mne29486,3,2,0
mne34302,10,3,0
mne2386,6,17,0
mne32849,4,32,0
mne32739,7,22,0
mne31447,7,42,0
mne42244,9,4,1
mne36182,7,19,0
mne26778,5,12,0
mne15370,2,9,0
mne31397,4,33,0
mne9748,9,1,0
mne32743,3,12,0
mne48473,5,22,0
mne47820,10,20,0
mne23368,7,8,0
mne17323,4,18,1
mne10851,7,5,0
mne11645,5,44,0
mne35420,10,7,0
mne31480,8,3,0
mne3464,7,7,0
mne2433,4,9,0
mne34103,3,54,0
mne41365,7,34,0
mne34159,5,29,0
mne35625,7,21,0
mne1826,2,15,0
mne27768,1,8,0
mne3901,10,10,0
mne23136,6,17,0
mne23366,3,29,0
mne33711,9,3,0
mne270,5,9,0
mne29479,7,20,0
mne47422,1,22,0
mne959,10,1,0
mne31428,2,8,0
mne34140,12,13,0
mne26846,10,1,0
mne34095,2,11,0
mne46629,12,20,0
mne28602,1,2,0
mne23304,4,41,0
mne5318,1,12,0
mne503,7,51,0
mne33822,3,13,0
mne29531,12,12,0
mne27705,1,2,0
mne28657,8,4,0
mne11671,7,21,0
mne34333,3,16,0
mne45893,5,9,0
mne15429,7,29,0
mne4502,9,2,0
mne1122,11,1,0
mne26777,3,7,0
mne24721,1,14,0
mne33224,12,29,7
mne47788,12,13,0
mne33762,12,18,1
mne4089,11,1,0
mne31407,1,5,0
mne10084,12,13,0
mne40037,1,3,0
mne21405,2,16,0
mne17225,5,25,0
mne3020,11,3,0
mne34273,9,16,0
mne35457,5,13,0
mne21427,9,9,0
mne19693,6,44,0
mne48486,2,8,0
mne34353,5,4,0
mne32792,3,11,0
mne34087,5,22,0
mne4043,2,1,0
mne19691,2,16,0
mne2501,1,6,0
mne32064,2,8,0
mne29387,4,8,1
mne2427,9,2,0
mne2506,10,3,0
mne26806,10,10,0
mne12451,3,10,0
mne23414,6,45,0
mne35629,10,4,0
mne31477,5,26,0
mne11706,12,3,0
mne11512,1,8,0
mne31413,10,6,0
mne24746,4,13,1
mne29417,6,67,0
mne34321,8,6,0
mne32774,8,2,0
mne48487,6,48,0
mne41302,9,6,0
mne28657,11,3,0
mne49072,7,1,0
mne1516,7,2,0
mne29385,12,10,0
mne28654,10,17,0
mne49042,7,13,0
mne27707,11,6,0
mne27866,7,52,0
mne33742,7,23,0
mne28666,4,7,0
mne11396,1,15,0
mne16482,7,8,0
mne32775,11,2,0
mne49137,7,5,0
mne33224,10,14,2
mne33773,4,7,0
mne12631,2,16,0
mne4109,6,30,0
mne8758,11,15,0
mne33775,10,11,1
mne27707,1,8,0
mne34298,10,7,0
mne4338,6,22,0
mne49100,12,9,0
mne24721,10,28,0
mne35838,12,51,0
mne18049,8,4,0
mne44119,6,16,0
mne35625,5,40,0
mne34353,12,2,0
mne41313,3,27,1
mne32178,5,27,0
mne34467,12,7,0
mne32122,6,37,0
mne51049,5,23,0
mne8107,1,1,0
mne10675,9,4,0
mne34157,6,43,0
mne4404,7,9,0
mne23413,9,2,1
mne4502,7,11,0
mne42184,3,5,0
mne34462,10,4,0
mne16702,12,6,0
mne41313,8,7,0
mne34109,2,1,0
mne11062,1,5,0
mne32231,3,17,0
mne34097,6,60,1
mne32231,2,16,0
mne15927,4,7,0
mne11503,4,9,0
mne26745,6,73,0
mne52070,10,4,0
mne32171,2,3,0
mne32122,2,22,0
mne52143,11,1,0
mne2903,3,24,0
mne32206,6,23,1
mne11645,12,27,0
mne32096,11,19,1
mne23414,9,4,0
mne32096,1,36,0
mne3189,5,7,0
mne18617,5,25,0
mne15094,5,6,0
mne17801,3,13,0
mne35388,1,10,0
mne11651,3,31,0
mne35408,2,11,0
mne44064,8,1,0
mne34271,11,13,0
mne42184,7,1,0
mne52074,1,10,0
mne46586,12,7,0
mne32128,8,5,0
mne52070,7,6,0
mne11671,10,12,0
mne34083,2,24,0
mne28683,9,8,0
mne15974,6,28,0
mne1122,3,5,0
mne42777,10,4,0
mne33757,8,4,0
mne47803,6,40,0
mne8217,6,13,0
mne33211,6,38,0
mne26692,7,8,0
mne46629,1,24,0
mne12352,3,14,1
mne34103,7,48,0
mne52078,2,2,0
mne12318,5,19,0
mne16256,3,9,0
mne34173,7,37,0
mne33753,5,54,6
mne15927,1,2,0
mne24721,7,7,0
mne23414,11,6,0
mne15931,11,4,0
mne27737,4,4,0
mne959,4,6,0
mne16652,10,4,0
mne52070,3,11,0
mne51049,4,13,0
mne12199,4,10,0
mne34302,1,19,0
mne34468,2,19,0
mne34100,1,11,0
mne15969,6,66,1
mne15429,12,26,0
mne35800,11,15,0
mne42773,9,10,0
mne605,12,7,0
mne1932,11,1,0
mne51513,7,5,0
mne28583,5,7,0
mne49105,2,10,0
mne32822,3,15,0
mne32205,4,22,0
mne29499,10,11,0
mne35407,7,15,0
mne23136,11,1,0
mne31367,5,23,2
mne16640,9,11,0
mne34110,5,10,0
mne42777,4,12,1
mne16813,11,3,0
mne15281,5,29,0
mne18620,9,8,0
mne31480,4,65,1
mne33196,4,18,0
mne34266,11,8,0
mne32133,8,3,0
mne19736,11,3,0
mne26778,8,1,0
mne34178,10,8,0
mne33723,7,10,0
mne48473,8,1,0
mne49075,11,3,0
mne34332,5,20,0
mne504,12,12,0
mne17897,10,5,0
mne537,10,6,0
mne17139,2,11,0
mne47795,7,13,0
mne32743,2,11,0
mne32107,12,5,0
mne8900,10,4,0
mne36182,8,6,0
mne41365,11,4,0
mne29498,9,1,0
mne42784,7,3,0
mne5678,6,20,0
mne11062,12,15,1
mne28603,10,3,0
mne418,12,14,0
mne32840,4,12,0
mne33689,2,25,0
mne35856,6,61,0
mne34151,12,10,0
mne2376,12,7,1
mne270,11,5,0
mne27864,2,4,0
mne26771,7,32,0
mne51054,7,10,0
mne47422,12,30,0
mne8317,1,10,0
mne504,6,97,0
mne19734,12,9,0
mne18514,4,4,0
mne21381,12,18,0
mne31487,3,23,0
mne47766,5,23,0
mne12631,11,8,0
mne27738,6,35,0
mne34520,11,12,0
mne9748,6,22,0
mne10156,1,5,0
mne3882,6,20,0
mne34332,7,5,0
mne35787,5,24,0
mne4043,5,6,0
mne34520,3,21,0
mne15619,3,23,0
mne33196,5,36,0
mne607,4,18,0
mne7943,12,25,0
mne40048,12,17,0
mne31470,1,13,0
mne33779,2,15,0
mne34467,4,14,0
mne1366,6,9,0
mne8315,5,6,0
mne16306,11,4,1
mne32728,4,14,0
mne32736,3,17,0
mne2573,11,3,0
mne48473,7,23,0
mne36193,5,13,0
mne33757,9,11,0
mne34085,5,1,0
mne11348,12,13,0
mne32107,1,12,0
mne33195,11,4,0
mne15648,4,5,0
mne34327,12,13,0
mne5824,6,10,0
mne34316,1,24,0
mne23334,5,20,0
mne3395,1,7,0
mne34514,12,19,0
mne19689,4,28,0
mne270,6,27,0
mne26806,4,5,0
mne47885,3,3,0
mne48483,2,17,0
mne18433,3,24,0
mne26733,5,18,0
mne32205,1,37,0
mne31458,7,10,0
mne34327,5,16,1
mne47833,9,2,0
mne17340,11,3,0
mne23368,2,9,0
mne24638,11,9,0
mne18574,1,11,0
mne45874,6,72,2
mne48730,5,10,0
mne32066,3,12,0
mne34085,6,20,0
mne32222,2,16,0
mne16850,6,39,0
mne23430,6,58,0
mne36183,3,30,0
mne34475,1,4,0
mne12478,4,9,0
mne29432,11,10,0
mne27765,2,11,0
mne15867,5,22,0
mne23301,5,62,1
mne11348,3,26,0
mne31471,4,7,0
mne46627,2,22,0
mne34465,10,19,1
mne18512,10,4,0
mne33762,7,55,0
mne33224,6,59,5
mne17386,11,3,0
mne10851,2,8,0
mne10154,6,3,0
mne27773,7,8,0
mne11512,5,32,0
mne31476,6,99,0
mne46588,3,7,0
mne680,8,1,0
mne34512,2,6,0
mne503,5,13,0
mne35802,8,1,0
mne34302,7,23,0
mne33683,7,14,0
mne32737,4,5,0
mne47767,4,29,0
mne11194,6,48,1
mne18625,3,16,1
mne41307,4,15,0
mne1022,9,5,0
mne49070,7,2,0
mne18898,11,7,0
mne34108,11,18,1
mne44064,4,7,0
mne31483,10,8,0
mne42831,3,9,0
mne17379,2,1,0
mne26806,5,16,1
mne34554,9,3,0
mne8900,7,27,1
mne33209,9,9,0
mne30183,10,6,0
mne8217,9,1,0
mne34119,1,13,0
mne27796,2,9,0
mne34480,3,10,0
mne21381,1,9,0
mne32101,10,7,0
mne33225,9,13,0
mne24699,5,22,0
mne10489,4,28,0
mne11306,3,7,0
mne1832,2,1,1
mne47884,5,5,0
mne7504,2,1,0
mne34339,2,1,0
mne5758,2,3,0
mne47777,3,32,0
mne27703,1,14,0
mne7480,12,27,0
mne7435,3,8,0
mne31458,1,10,0
mne4404,3,2,0
mne29445,3,19,0
mne4023,5,12,0
mne27796,12,19,0
mne30127,11,1,0
mne32372,2,6,0
mne17140,3,13,0
mne19740,6,93,0
mne46613,3,19,0
mne3020,5,19,1
mne32794,4,17,0
mne48469,9,1,0
mne34090,3,33,0
mne42827,6,85,0
mne8758,12,9,0
mne34502,1,29,0
mne40035,5,2,0
mne17787,7,1,0
mne47319,6,27,0
mne46588,2,5,0
mne196,5,6,0
mne12199,9,3,0
mne46627,3,26,0
mne35431,6,22,0
mne34082,9,3,0
mne46626,7,6,0
mne24813,9,7,0
mne35625,2,19,0
mne42793,8,3,0
mne1246,1,14,0
mne32199,1,15,0
mne32792,8,2,0
mne959,2,1,0
mne15942,2,9,0
mne49056,3,5,0
mne47823,6,14,0
mne8942,12,14,0
mne26873,12,28,0
mne50648,12,2,0
mne15510,6,47,0
mne34543,4,7,0
mne36188,8,2,0
mne33711,5,24,1
mne47785,7,13,0
mne19789,9,3,0
mne11469,6,5,0
mne34272,9,9,0
mne35420,5,28,0
mne18620,12,21,0
mne27796,4,24,0
mne34468,8,1,0
mne26692,8,1,0
mne28602,5,7,0
mne35803,6,33,0
mne27738,7,15,0
mne34189,5,31,0
mne11737,10,13,0
mne5783,1,12,0
mne34300,3,12,0
mne24746,1,9,0
mne30151,1,12,0
mne34478,3,17,0
mne52078,6,35,0
mne42788,6,6,0
mne34313,1,6,0
mne29379,3,6,0
mne23420,12,22,0
mne34460,1,10,0
mne32783,3,39,0
mne33723,9,4,0
mne11740,2,14,0
mne7480,4,8,0
mne42793,3,5,0
mne369,6,2,0
mne21558,9,2,0
mne34316,12,22,1
mne28629,6,87,0
mne11706,3,3,0
mne31446,5,22,0
mne32221,9,8,0
mne17960,12,3,0
mne31413,9,1,0
mne32107,4,17,0
mne32096,5,41,1
mne32096,9,15,0
mne34161,5,19,0
mne32799,1,1,0
mne35822,2,22,0
mne26762,11,1,0
mne46362,2,4,0
mne26714,11,7,0
mne9459,12,28,1
mne15275,7,20,0
mne26806,6,32,0
mne11745,12,7,0
mne29440,1,36,0
mne32732,5,9,0
mne10797,6,49,0
mne5614,12,8,0
mne3398,11,1,0
mne31397,12,28,2
mne35390,5,6,0
mne46256,6,31,0
mne46632,12,11,0
mne31411,4,16,0
mne45930,9,7,0
mne35390,1,1,0
mne21406,5,5,0
mne23366,7,10,0
mne27773,2,8,0
mne10776,6,15,0
mne47885,4,7,0
mne9748,7,2,0
mne8217,11,1,0
mne33762,4,34,0
mne46609,11,4,0
mne3189,12,9,0
mne10157,4,2,0
mne42817,11,4,0
mne11745,10,5,0
mne33723,2,12,0
mne24684,2,8,0
mne41312,1,4,0
mne31373,10,12,0
mne34518,12,11,0
mne2376,1,15,0
mne42786,9,2,0
mne29387,9,5,0
mne33756,1,16,0
mne24746,10,14,0
mne15253,5,27,0
mne8942,3,8,0
mne12510,5,14,0
mne19698,9,10,0
mne35431,10,2,0
mne42832,3,19,0
mne30151,4,7,0
mne42773,5,31,0
mne29385,11,7,0
mne44061,12,20,0
mne32840,3,1,0
mne35422,10,2,0
mne35808,7,22,0
mne23294,1,4,0
mne17139,3,18,0
mne11671,1,18,0
mne31397,2,15,2
mne15683,10,4,0
mne18257,4,6,0
mne52080,7,2,0
mne8217,7,19,0
mne45831,1,1,0
mne2974,11,11,1
mne32730,2,12,0
mne33216,9,2,0
mne41302,2,16,0
mne46625,5,7,0
mne36193,1,5,0
mne26713,6,61,0
mne31480,6,139,0
mne47812,6,14,0
mne34162,11,14,0
mne34271,12,29,0
mne34087,8,1,0
mne11407,10,4,0
mne34505,12,5,0
mne17225,7,11,0
mne1087,6,29,0
mne34271,4,25,0
mne11062,8,2,0
mne6143,10,17,0
mne11512,2,14,0
mne46613,5,17,0
mne28654,3,13,0
mne49147,2,2,0
mne16482,11,21,0
mne26745,5,31,0
mne1122,5,15,0
mne35808,4,25,0
mne45930,12,8,0
mne30151,3,25,0
mne30250,4,21,0
mne49052,3,8,0
mne24825,5,24,0
mne7480,11,6,1
mne32755,5,12,0
mne34493,6,38,1
mne35629,5,17,0
mne34092,11,9,0
mne31404,10,8,0
mne18011,1,8,0
mne31373,1,19,0
mne31476,9,17,0
mne17982,10,2,0
mne6428,4,2,0
mne12510,12,3,0
mne32771,10,15,0
mne11036,6,36,0
mne3844,4,9,0
mne16515,10,3,0
mne10812,11,3,0
mne18574,12,10,0
mne34108,4,12,0
mne3882,1,1,0
mne34133,11,19,0
mne34475,10,2,0
mne17138,4,24,0
mne42794,10,6,0
mne10887,9,1,0
mne167,12,32,0
mne34460,4,23,0
mne31446,10,5,0
mne34298,2,18,0
mne32115,8,4,0
mne11349,3,4,0
mne34511,12,28,0
mne17225,12,12,0
mne26771,3,10,0
mne35434,6,44,0
mne8317,6,102,0
mne35483,7,13,0
mne14950,4,22,2
mne44143,7,30,0
mne32122,1,14,0
mne47303,6,28,0
mne5306,5,2,0
mne15281,12,16,0
mne34264,5,11,0
mne18547,9,1,0
mne29381,10,12,0
mne42794,8,3,0
mne19734,9,1,0
mne10734,3,9,0
mne34318,7,8,0
mne33196,10,11,0
mne604,3,11,0
mne34262,3,17,0
mne51499,1,2,0
mne34261,5,27,0
mne33689,5,26,0
mne6353,5,14,0
mne34464,12,16,0
mne34266,5,13,1
mne34336,3,27,1
mne29440,9,9,0
mne35472,6,6,0
mne33714,10,4,0
mne11469,10,14,0
mne32204,2,23,0
mne34159,4,18,0
mne16029,12,3,0
mne42811,6,16,0
mne15242,4,11,0
mne43455,10,10,0
mne18488,6,185,0
mne34496,12,14,0
mne33686,1,36,0
mne3835,2,6,0
mne34324,4,27,2
mne49108,5,15,0
mne44064,11,11,0
mne45340,12,12,0
mne2564,4,11,0
mne35430,4,6,0
mne16640,1,8,0
mne33245,6,53,0
mne28699,7,5,0
mne33708,3,20,0
mne23414,12,26,0
mne34520,2,20,0
mne33689,10,8,0
mne17801,5,17,0
mne18512,3,19,0
mne3086,12,4,0
mne7553,4,1,0
mne17021,2,10,0
mne26695,2,11,0
mne31480,9,11,0
mne36188,6,74,0
mne33240,4,18,0
mne10887,6,33,0
mne51049,1,9,0
mne15931,12,3,0
mne4173,2,15,0
mne1480,5,1,0
mne51501,6,21,0
mne48487,12,4,0
mne26750,6,8,0
mne11106,1,5,0
mne41365,1,9,0
mne35408,3,20,0
mne33733,5,25,0
mne19674,5,8,0
mne46640,11,7,0
mne47904,5,10,0
mne12318,2,21,0
mne51058,6,26,0
mne18513,6,11,0
mne4043,4,19,0
mne46636,5,21,1
mne36182,5,29,0
mne34159,11,17,0
mne3409,7,16,0
mne16812,5,11,0
mne34178,7,6,0
mne24773,3,26,2
mne31400,10,22,2
mne11512,4,27,0
mne46625,4,9,0
mne28663,1,6,0
mne32063,5,19,0
mne35833,2,22,1
mne35437,10,3,0
mne12631,7,3,0
mne3913,5,2,0
mne8217,8,2,0
mne30211,5,3,0
mne12631,4,17,0
mne51052,7,27,0
mne34323,1,1,0
mne26762,5,27,0
mne35460,11,8,0
mne33756,6,40,0
mne10734,10,14,0
mne50559,4,44,0
mne29390,7,12,0
mne29440,4,14,0
mne1547,4,27,0
mne28662,6,7,0
mne34276,9,23,0
mne29356,6,37,2
mne41316,6,14,0
mne16306,3,10,0
mne3398,10,1,0
mne31470,12,22,1
mne42811,4,16,0
mne32221,2,21,0
mne46588,5,11,0
mne10734,12,10,0
mne26753,11,8,0
mne35834,6,37,0
mne26825,8,2,0
mne16852,12,10,0
mne5675,5,13,0
mne44109,7,22,0
mne35460,9,7,0
mne35449,3,13,0
mne32727,4,8,0
mne32170,6,58,0
mne32735,7,26,0
mne17313,11,4,0
mne537,5,9,0
mne472,10,5,0
mne29385,5,18,0
mne44064,5,30,0
mne1101,12,4,0
mne32748,2,11,0
mne15657,7,4,0
mne12365,6,34,0
mne18072,5,5,0
mne42771,7,3,0
mne14950,1,9,0
mne11706,7,19,0
mne18623,6,36,0
mne17458,4,5,0
mne23304,2,23,0
mne10798,5,19,0
mne32743,11,19,0
mne23413,7,17,2
mne35478,1,5,1
mne2376,5,4,0
mne31458,9,1,0
mne2386,4,3,0
mne34290,3,35,4
mne1932,3,3,0
mne35460,2,1,0
mne5505,3,4,0
mne35434,2,11,0
mne3020,4,8,0
mne35407,5,13,0
mne47778,10,9,0
mne31404,3,61,0
mne32730,10,6,0
mne6614,11,4,0
mne48487,4,17,0
mne17120,12,33,0
mne41316,11,4,0
mne31413,5,24,0
mne21334,11,3,0
mne42818,12,3,0
mne34100,11,14,0
mne31367,3,29,1
mne45819,5,21,0
mne32170,7,8,0
mne11122,4,1,0
mne31399,12,4,0
mne35478,4,11,0
mne34475,4,2,0
mne34273,5,21,0
mne35389,5,30,0
mne11306,8,1,0
mne34088,3,12,0
mne49133,3,48,0
mne28606,2,14,0
mne32170,1,19,0
mne17402,9,4,0
mne10948,5,14,0
mne2483,1,2,0
mne36188,9,7,0
mne12177,6,96,0
mne23183,5,14,0
mne35475,6,43,0
mne15510,4,20,0
mne35463,2,6,0
mne32199,2,15,0
mne24817,1,19,0
mne35434,9,5,0
mne33205,6,36,1
mne21334,2,7,0
mne45930,2,15,0
mne48473,3,21,0
mne33683,4,10,0
mne34324,2,14,1
mne15648,5,23,0
mne47788,6,33,0
mne270,3,14,0
mne33762,1,7,0
mne1366,4,1,0
mne42831,4,4,0
mne34099,7,12,0
mne36190,11,32,0
mne29369,3,15,0
mne8361,10,4,0
mne15927,10,1,0
mne33225,2,9,0
mne1832,6,1,0
mne10547,5,17,0
mne2433,11,5,0
mne34087,10,6,0
mne897,6,5,0
mne26753,3,18,0
mne19689,5,18,0
mne36183,4,18,0
mne31543,3,31,0
mne41402,5,17,0
mne19698,8,1,0
mne31444,5,13,0
mne34472,7,11,0
mne46636,2,12,0
mne36183,12,10,0
mne34082,6,29,0
mne46625,7,8,0
mne31399,11,9,0
mne11469,4,8,0
mne30145,1,14,0
mne10948,7,30,0
mne32857,11,14,0
mne3153,6,4,0
mne10157,2,4,0
mne52104,6,14,0
mne1246,12,25,0
mne29476,7,6,0
mne34505,1,9,0
mne29385,1,11,0
mne32109,1,23,0
mne2602,6,58,0
mne10776,4,4,0
mne36181,3,27,0
mne47834,3,9,0
mne40760,1,5,0
mne49093,4,3,0
mne3024,10,3,0
mne19692,3,21,0
mne34352,6,28,0
mne29440,5,44,0
mne35388,3,41,0
mne11407,3,7,0
mne48483,7,29,1
mne11106,10,2,0
mne10948,4,16,0
mne28681,8,7,0
mne1547,11,11,0
mne42793,9,2,0
mne15094,6,9,0
mne23254,2,7,0
mne49133,4,42,0
mne36180,4,34,0
mne51049,12,23,0
mne24769,4,24,0
mne5971,11,1,0
mne42811,12,2,0
mne36029,10,3,0
mne31444,4,16,0
mne23334,10,7,0
mne34298,4,11,1
mne29440,2,15,0
mne23334,7,18,0
mne27779,10,3,0
mne44151,1,14,0
mne35801,4,17,0
mne35804,2,16,0
mne47813,6,22,0
mne19699,5,12,0
mne5627,1,3,0
mne2506,2,3,0
mne31483,1,20,0
mne34266,1,13,0
mne31489,5,19,0
mne31407,10,8,0
mne34266,12,9,2
mne7625,5,3,0
mne17021,10,22,0
mne25301,5,7,0
mne45914,5,1,0
mne42794,5,33,0
mne3626,5,1,0
mne10948,2,7,0
mne2903,11,7,0
mne2427,4,6,0
mne34278,2,25,0
mne29440,3,16,0
mne16922,9,7,0
mne35664,7,16,0
mne27796,10,6,0
mne33244,11,24,0
mne33209,10,17,0
mne29385,3,23,0
mne28629,5,50,0
mne41313,4,38,0
mne34079,4,21,0
mne46613,10,6,0
mne17323,1,9,0
mne34087,7,21,1
mne28607,12,11,0
mne47808,3,17,0
mne28603,6,75,0
mne40035,12,5,0
mne33711,1,2,0
mne34482,6,188,0
mne34079,1,36,0
mne35455,2,53,0
mne23324,2,3,0
mne46640,3,17,0
mne35430,7,6,0
mne2376,10,10,0
mne49962,5,13,2
mne23304,12,6,0
mne1425,6,8,0
mne10156,6,21,0
mne46610,4,16,0
mne47785,6,37,0
mne33194,5,11,0
mne15942,10,9,0
mne26660,5,3,0
mne5318,11,3,0
mne15429,4,22,0
mne42817,12,8,0
mne42811,9,4,0
mne50621,5,2,0
mne31463,10,6,0
mne42793,2,1,0
mne26645,1,5,0
mne18011,3,22,0
mne32063,2,9,0
mne35434,3,15,0
mne42773,4,55,0
mne17140,5,7,0
mne30207,2,18,0
mne19677,1,27,2
mne42786,5,10,0
mne45823,12,7,0
mne6304,11,6,0
mne50607,6,15,0
mne32079,12,36,0
mne15253,6,61,1
mne32735,12,33,0
mne34336,5,33,3
mne27796,3,17,0
mne33688,4,1,0
mne34462,1,9,0
mne34502,3,66,0
mne26746,11,5,0
mne34493,4,16,1
mne32798,11,6,0
mne32115,6,40,0
mne31447,6,62,0
mne33197,10,5,0
mne1153,6,1,0
mne32857,7,10,0
mne34327,7,17,0
mne36188,7,16,0
mne47798,10,8,0
mne3464,5,4,0
mne34514,1,15,1
mne18623,11,10,0
mne42773,12,25,0
mne6255,11,4,0
mne34085,7,1,0
mne12365,7,2,0
mne897,10,1,0
mne42828,6,113,0
mne31412,2,8,0
mne34101,12,6,0
mne35407,4,5,0
mne33732,6,80,0
mne34442,7,3,0
mne47767,11,9,0
mne43513,2,3,0
mne40048,11,5,0
mne15370,3,14,0
mne34493,8,2,0
mne8311,4,3,0
mne11905,9,5,0
mne34331,3,27,0
mne18225,12,9,1
mne34483,7,30,0
mne1616,1,2,0
mne8726,3,7,0
mne5306,11,2,0
mne33206,2,11,0
mne12177,4,29,0
mne35460,5,15,0
mne33195,7,29,0
mne34290,9,5,0
mne46632,6,36,0
mne35812,10,2,0
mne49840,11,2,0
mne42777,3,18,0
mne607,10,4,0
mne1025,5,24,0
mne46588,12,2,0
mne28657,1,5,0
mne34546,5,4,0
mne1277,8,1,0
mne46629,3,23,1
mne1425,12,1,0
mne49093,5,30,0
mne34178,3,7,0
mne33705,9,5,0
mne19789,6,55,0
mne29476,8,1,0
mne28681,11,13,0
mne29425,11,11,0
mne34480,7,18,0
mne33761,12,7,0
mne14950,12,13,0
mne32822,8,4,0
mne34489,2,3,0
mne51501,5,4,0
mne33714,1,10,0
mne26711,11,4,0
mne1025,3,22,0
mne52074,12,5,0
mne16226,10,8,0
mne23368,4,18,0
mne10812,3,9,0
mne1246,9,6,0
mne11182,1,4,0
mne10812,4,1,0
mne46626,4,17,0
mne45875,6,75,0
mne35407,12,16,0
mne11061,1,1,0
mne32748,11,3,0
mne47422,4,28,0
mne12040,5,9,0
mne35812,7,7,0
mne33206,8,1,0
mne48473,2,17,0
mne34336,10,16,1
mne32739,1,11,0
mne34028,10,6,0
mne41306,6,49,2
mne30213,12,23,0
mne34442,4,32,0
mne17274,9,3,0
mne1932,12,1,0
mne42828,9,8,0
mne9642,12,8,0
mne14950,7,18,0
mne35455,10,43,0
mne46626,2,14,0
mne11349,12,4,0
mne33209,3,28,0
mne33710,5,36,0
mne34371,1,15,0
mne29476,5,10,0
mne10734,6,21,0
mne17625,4,3,0
mne31400,2,23,1
mne1547,10,7,0
mne46636,12,10,0
mne29369,5,21,0
mne16256,2,7,0
mne19736,2,3,0
mne34173,3,6,0
mne30127,1,8,0
mne10084,3,17,2
mne34543,1,6,0
mne34442,5,21,0
mne24699,1,2,0
mne35388,4,19,0
mne6428,6,6,0
mne42771,6,8,0
mne26738,6,53,0
mne27773,6,31,0
mne42828,11,7,0
mne35449,11,8,1
mne32825,6,23,0
mne9642,3,23,6
mne34478,2,12,0
mne23413,3,10,1
mne2974,3,16,0
mne35441,4,69,0
mne1041,5,1,0
mne2511,11,1,0
mne34492,6,14,0
mne45820,3,10,0
mne45820,2,6,0
mne9748,1,7,0
mne28666,12,7,0
mne45827,10,4,0
mne16440,9,1,0
mne27701,5,54,0
mne45861,8,2,0
mne34080,7,88,1
mne34460,10,13,0
mne34161,10,7,0
mne35434,8,2,0
mne35408,12,14,0
mne45827,12,3,0
mne8217,5,13,0
mne29381,5,22,0
mne35625,3,53,0
mne23295,9,5,0
mne35413,3,7,0
mne10593,4,7,0
mne51058,7,2,0
mne51546,1,15,0
mne31429,12,11,0
mne29356,4,21,3
mne12040,11,1,0
mne32101,3,64,1
mne1616,3,3,0
mne50622,7,11,0
mne11407,12,1,0
mne4038,3,22,0
mne8845,7,10,0
mne6529,7,20,0
mne33196,1,7,0
mne33707,12,10,0
mne1277,10,1,0
mne34327,4,22,1
mne34028,4,13,0
mne34290,5,23,5
mne34511,1,11,0
mne30150,4,4,0
mne42822,12,3,0
mne26783,7,15,1
mne33755,3,59,1
mne24820,1,3,0
mne32127,7,21,0
mne36180,11,10,0
mne35420,7,17,0
mne26806,2,6,0
mne29387,10,3,0
mne35420,11,6,0
mne26731,6,2,0
mne26805,1,4,0
mne41307,3,32,0
mne28661,4,11,0
mne36188,5,11,0
mne6353,1,15,0
mne9977,4,2,0
mne47866,3,14,0
mne29425,3,11,0
mne51054,6,29,1
mne17379,3,5,0
mne35884,6,181,0
mne1832,4,9,5
mne17154,2,4,0
mne52091,2,7,0
mne33236,6,49,0
mne23294,2,7,0
mne19692,12,10,0
mne35391,12,27,0
mne11503,5,34,0
mne21427,2,9,0
mne46619,11,4,0
mne12040,1,5,0
mne46627,10,18,0
mne44108,10,3,0
mne18474,5,10,0
mne16652,6,19,1
mne47812,12,2,0
mne35438,1,5,0
mne33212,12,22,0
mne10154,1,1,0
mne41316,9,3,0
mne28666,11,1,0
mne51501,4,5,1
mne45930,5,35,0
mne29531,9,11,0
mne29444,4,21,0
mne33779,1,16,0
mne34491,6,65,1
mne27790,6,24,0
mne32133,1,10,0
mne18078,2,34,0
mne21558,1,2,0
mne35787,4,14,0
mne34290,11,12,1
mne33207,11,13,0
mne46601,12,13,1
mne36182,9,10,0
mne34279,7,17,0
mne48730,4,22,0
mne52070,1,3,0
mne45892,3,3,0
mne32204,7,31,0
mne34108,12,12,0
mne1826,3,11,0
mne11512,3,12,0
mne6529,4,24,0
mne23318,1,10,0
mne35811,4,60,0
mne44061,5,25,0
mne680,11,11,0
mne35884,4,45,0
mne19688,10,5,0
mne50618,5,9,0
mne35805,7,38,0
mne16922,8,3,0
mne35478,2,11,0
mne51505,5,3,0
mne11915,1,5,0
mne418,6,27,0
mne32096,2,17,0
mne28681,4,23,0
mne1341,6,23,0
mne27707,2,23,0
mne982,6,2,0
mne31477,1,22,0
mne48486,3,5,0
mne49112,4,15,0
mne12451,11,12,3
mne2505,1,2,0
mne35833,6,37,0
mne40065,4,13,0
mne2892,2,1,0
mne35841,3,27,0
mne31444,7,6,0
mne16482,5,4,0
mne11183,6,1,0
mne11122,3,6,0
mne26713,10,4,0
mne49112,11,3,0
mne11062,10,3,0
mne45820,8,3,0
mne2427,7,19,0
mne34484,2,5,0
mne23183,3,7,0
mne47767,10,12,0
mne3364,6,10,0
mne51501,2,4,0
mne36193,7,15,0
mne33708,2,5,0
mne32066,2,11,0
mne23413,12,8,1
mne46629,8,9,0
mne47800,4,19,0
mne34302,5,10,0
mne52086,5,2,0
mne33677,5,21,0
mne16826,3,5,0
mne29417,3,59,0
mne51515,6,24,1
mne31436,5,16,0
mne11061,2,6,0
mne15619,2,11,0
mne23413,2,5,1
mne15974,5,19,0
mne16036,2,15,0
mne34100,5,11,0
mne31520,5,13,0
mne48486,4,3,0
mne32172,6,96,1
mne30216,3,13,0
mne7943,6,31,1
mne16640,5,20,0
mne7392,2,2,0
mne34372,4,21,0
mne34352,4,4,0
mne34262,2,10,0
mne49137,3,4,0
mne47819,7,6,0
mne32904,4,27,0
mne6529,3,16,0
mne45822,8,2,0
mne23366,1,20,0
mne32755,6,90,0
mne24825,3,7,1
mne47887,6,44,3
mne23324,9,22,0
mne12355,4,5,0
mne4038,9,1,0
mne52074,10,1,0
mne24737,7,5,0
mne270,4,13,0
mne34092,12,10,0
mne29385,9,7,0
mne34522,5,13,0
mne2505,4,11,0
mne34462,12,11,0
mne10998,3,15,0
mne42818,7,6,0
mne11737,3,21,0
mne34460,6,30,0
mne49056,4,10,0
mne29444,7,37,0
mne18011,6,50,0
mne33244,2,43,0
mne34323,4,4,0
mne41402,10,12,0
mne19693,11,20,0
mne34101,3,5,0
mne50652,3,7,0
mne16902,1,5,0
mne46609,2,15,0
mne34095,12,11,0
mne34478,7,14,0
mne18311,2,3,1
mne24684,5,58,0
mne33689,1,13,0
mne35833,3,27,0
mne11306,5,9,0
mne29476,2,3,0
mne48475,5,25,0
mne32801,7,26,0
mne25346,3,14,0
mne45845,3,15,0
mne47784,3,22,0
mne49841,2,6,0
mne34278,4,27,0
mne19811,9,1,0
mne26693,6,16,0
mne42794,1,22,0
mne11809,12,2,0
mne24721,9,2,0
mne32806,7,27,0
mne26783,3,8,0
mne4453,5,2,0
mne24824,7,21,0
mne46609,4,11,0
mne18225,4,7,0
mne51529,7,12,0
mne27750,3,5,0
mne11740,4,37,0
mne34502,5,96,1
mne25301,12,7,0
mne30150,5,8,0
mne35432,5,77,0
mne45861,2,5,0
mne28602,10,5,0
mne45833,4,36,0
mne47887,2,11,0
mne17402,11,24,0
mne44150,7,6,0
mne32372,10,9,0
mne33209,12,39,0
mne51532,7,5,0
mne11745,8,1,0
mne31458,12,16,0
mne33725,1,10,0
mne33757,5,32,0
mne28629,10,11,0
mne34262,1,10,0
mne28703,3,6,0
mne44061,7,23,1
mne19849,10,10,0
mne35419,7,5,0
mne29393,10,16,0
mne49841,3,21,0
mne40048,4,44,0
mne34092,4,21,0
mne6304,5,4,0
mne10288,11,1,0
mne46640,4,10,0
mne11737,2,14,5
mne34169,3,23,0
mne27742,2,31,0
mne11194,10,14,0
mne6568,7,16,0
mne32741,3,29,0
mne15931,3,12,0
mne31373,7,5,0
mne34331,11,13,0
mne5758,5,2,0
mne24826,7,48,1
mne35800,4,27,0
mne26753,9,7,0
mne51532,5,5,0
mne17625,2,1,0
mne36181,10,13,0
mne33779,7,18,0
mne50625,12,6,0
mne12580,1,4,0
mne18225,10,10,0
mne50619,9,4,0
mne33708,1,15,0
mne28629,7,10,0
mne28681,1,33,0
mne19689,3,29,0
mne34464,6,73,0
mne47795,4,10,0
mne33854,11,22,0
mne27789,1,6,0
mne34082,8,1,0
mne46362,6,30,0
mne12713,7,9,0
mne35431,2,4,0
mne32783,7,38,0
mne35805,11,5,0
mne17473,7,18,0
mne11671,2,3,0
mne36029,9,9,0
mne18510,6,2,0
mne17225,3,11,0
mne46632,5,11,0
mne21381,3,13,0
mne28659,11,6,0
mne8900,6,16,0
mne33773,2,7,0
mne41307,10,7,0
mne33711,4,24,0
mne40962,1,3,0
mne47262,6,23,0
mne34287,4,19,0
mne33854,2,4,0
mne33313,3,51,0
mne31463,7,28,1
mne8942,5,5,0
mne32792,7,13,0
mne34373,6,26,0
mne43474,6,10,0
mne48472,10,2,0
mne34262,4,13,0
mne27864,1,12,0
mne11747,12,1,0
mne8317,12,23,0
mne29497,7,47,0
mne35794,1,24,0
mne35478,9,2,0
mne31413,7,13,0
mne29356,5,18,1
mne2758,6,3,0
mne27751,5,19,0
mne4326,3,3,0
mne34554,3,18,1
mne30145,12,26,0
mne33733,4,14,0
mne31428,12,11,0
mne28659,4,23,0
mne11740,3,24,0
mne32064,10,10,0
mne18433,1,9,0
mne32785,4,23,1
mne2903,9,2,0
mne11645,7,14,0
mne30192,1,3,0
mne32748,7,19,0
mne34095,6,32,0
mne30145,3,21,0
mne18474,7,15,0
mne18495,7,1,0
mne33731,3,20,0
mne29385,7,5,0
mne35811,12,10,0
mne47778,3,8,0
mne418,4,2,0
mne11396,5,19,0
mne26694,12,11,0
mne34173,9,7,0
mne17814,12,20,1
mne34266,6,32,2
mne32174,3,2,0
mne47816,5,32,0
mne46626,9,15,0
mne25346,4,31,0
mne3141,7,10,0
mne7645,4,4,0
mne12580,3,4,0
mne35833,10,8,0
mne42894,8,3,0
mne35803,11,4,0
mne35436,2,1,0
mne18623,5,14,0
mne33762,11,8,0
mne35838,4,45,0
mne46586,5,11,0
mne8726,10,2,0
mne27864,7,24,0
mne7033,6,7,0
mne42771,4,4,0
mne50618,3,13,0
mne3409,5,4,0
mne35834,4,5,0
mne34140,5,22,0
mne31413,1,4,0
mne19693,5,14,0
mne34478,1,5,0
mne27708,5,22,0
mne24684,6,52,7
mne33196,2,18,0
mne33689,7,25,0
mne50650,5,16,2
mne33191,10,5,0
mne6568,12,5,0
mne35805,3,4,0
mne16302,2,5,0
mne12414,7,13,0
mne33712,1,13,0
mne11062,5,5,0
mne29391,6,14,0
mne26771,11,5,0
mne4502,11,4,0
mne36189,9,7,0
mne24769,7,4,0
mne18072,4,8,0
mne604,4,9,0
mne46608,3,13,0
mne11740,8,3,0
mne11645,11,15,0
mne3395,10,4,0
mne17237,6,16,0
mne1025,8,1,0
mne10776,3,4,0
mne12610,11,3,0
mne35391,7,17,0
mne49112,3,13,0
mne40049,3,17,0
mne32181,11,23,0
mne35801,7,33,0
mne33733,10,24,0
mne32775,5,17,0
mne26805,5,22,0
mne34464,2,19,0
mne17787,12,2,0
mne5505,11,9,0
mne46626,10,7,0
mne46609,12,16,1
mne1832,9,1,0
mne31429,4,9,0
mne31458,3,19,0
mne16812,11,11,0
mne3344,9,1,0
mne50650,2,7,1
mne33683,1,5,0
mne47795,9,2,0
mne3020,10,8,0
mne24769,1,3,0
mne3364,2,1,0
mne31447,4,14,0
mne32741,12,29,0
mne32904,8,10,0
mne47764,5,6,0
mne33689,3,32,0
mne15867,4,19,0
mne18652,4,3,0
mne35803,7,6,0
mne34301,10,9,0
mne16868,6,62,0
mne4453,10,2,0
mne2371,10,6,0
mne3882,11,2,0
mne23324,8,2,0
mne41316,8,4,0
mne35807,8,6,0
mne33214,1,5,0
mne16922,12,39,0
mne6353,4,16,0
mne30207,8,1,0
mne1068,4,22,0
mne10918,4,1,0
mne28607,2,3,0
mne47867,6,18,0
mne5627,3,10,0
mne15867,10,4,0
mne31411,10,10,0
mne34336,1,4,0
mne34298,1,18,0
mne21405,7,4,0
mne18520,1,3,0
mne45825,5,9,0
mne18011,10,2,0
mne35394,3,35,0
mne24824,12,15,0
mne33198,9,5,0
mne35822,11,16,0
mne5627,11,3,0
mne34278,11,12,0
mne47788,10,4,0
mne10084,1,8,0
mne6353,8,12,0
mne49137,5,15,0
mne2587,1,5,0
mne49112,2,17,0
mne47887,3,4,1
mne8361,5,7,0
mne45820,7,3,0
mne3300,12,6,0
mne15202,6,7,0
mne41402,11,5,0
mne10887,2,1,0
mne34300,4,14,0
mne26660,3,6,0
mne3344,1,6,0
mne17154,3,2,0
mne29462,7,21,0
mne545,11,5,1
mne32122,7,21,0
mne34151,7,18,0
mne34492,4,5,0
mne27741,1,9,0
mne48485,4,7,0
mne11588,2,4,0
mne31543,4,19,0
mne34133,2,20,0
mne51501,3,10,0
mne10084,6,16,0
mne34092,2,8,0
mne51485,5,34,1
mne52070,2,2,0
mne12631,12,4,0
mne12478,1,8,0
mne196,10,3,0
mne34464,9,3,0
mne21558,3,12,0
mne43433,7,39,1
mne34087,3,6,0
mne30213,3,9,0
mne32801,6,61,1
mne33256,12,51,0
mne12318,3,32,1
mne47800,12,11,0
mne196,1,11,0
mne44151,4,15,0
mne34539,3,9,0
mne32206,11,1,0
mne52091,4,8,0
mne6614,4,1,0
mne34464,7,10,0
mne7480,1,10,0
mne33196,12,8,0
mne32792,5,18,0
mne34472,1,6,0
mne28661,7,11,0
mne42818,11,3,0
mne45819,1,3,0
mne35629,2,10,0
mne34496,7,31,0
mne16817,10,2,0
mne42184,2,1,0
mne18011,4,9,0
mne51049,2,10,0
mne52070,5,16,0
mne34261,3,13,0
mne8942,4,11,0
mne32857,1,4,0
mne34264,12,27,0
mne29452,5,30,0
mne51485,1,13,0
mne32789,6,9,0
mne15281,7,22,0
mne8758,5,6,0
mne34290,12,17,0
mne47803,5,19,0
mne28657,3,7,1
mne51531,3,2,0
mne28681,2,13,0
mne52070,4,24,0
mne15784,10,3,0
mne4173,9,3,0
mne35830,6,5,0
mne34474,6,20,0
mne49840,7,14,0
mne34464,5,22,1
mne17340,1,4,0
mne50653,5,21,1
mne32792,2,11,0
mne92,7,11,0
mne47887,4,11,0
mne3844,6,26,0
mne47766,6,40,0
mne42811,5,9,0
mne18547,12,13,0
mne33220,4,5,0
mne49051,5,13,0
mne31407,3,8,0
mne45893,2,7,0
mne3153,4,1,0
mne33209,7,37,0
mne7049,4,12,1
mne92,3,6,0
mne34469,7,27,0
mne30329,12,6,0
mne15242,7,3,0
mne11396,9,9,0
mne11396,12,14,0
mne44101,2,16,0
mne34178,4,6,0
mne32728,3,26,0
mne29490,1,5,0
mne29425,10,9,0
mne15619,8,10,0
mne42894,1,8,0
mne16856,6,11,0
mne51485,2,28,1
mne32096,7,27,0
mne33724,3,21,0
mne7103,12,39,0
mne31373,4,20,0
mne35436,6,4,0
mne35408,4,11,0
mne17237,3,8,0
mne31444,2,18,0
mne35471,4,69,9
mne34124,4,11,0
mne34554,6,32,0
mne43455,2,10,0
mne18512,7,8,0
mne46619,7,46,1
mne34087,11,3,2
mne49052,5,5,0
mne28659,1,9,0
mne11207,3,9,0
mne42777,12,6,0
mne11637,12,12,0
mne34088,1,26,0
mne47812,4,3,0
mne35449,4,13,1
mne40760,2,2,0
mne35856,4,39,0
mne32789,7,5,1
mne34511,10,2,0
mne50605,10,3,0
mne40760,9,2,0
mne46640,7,8,0
mne34462,6,25,0
mne24821,11,3,0
mne29466,12,7,0
mne10812,2,3,0
mne42818,1,1,0
mne36178,1,9,0
mne17225,2,4,0
mne18473,5,23,0
mne44067,3,4,0
mne42789,3,6,0
mne10734,8,2,0
mne1932,7,3,0
mne35805,2,3,0
mne26778,9,8,0
mne30151,7,2,0
mne34100,4,20,0
mne36183,10,15,0
mne31367,8,2,0
mne33725,3,17,0
mne34262,6,29,0
mne28663,2,12,0
mne34506,9,3,0
mne27739,1,2,0
mne17982,3,5,0
mne7480,3,18,0
mne34323,8,2,0
mne29452,6,46,0
mne11407,5,5,0
mne23297,9,5,0
mne35808,11,9,0
mne15619,7,11,0
mne24818,3,34,0
mne18225,6,40,0
mne31463,12,13,0
mne40760,7,8,0
mne44113,3,2,0
mne11061,6,21,1
mne16482,9,3,0
mne33724,10,4,0
mne17073,3,18,0
mne42789,10,6,0
mne34512,5,14,0
mne2903,8,3,0
mne44113,10,5,0
mne32066,8,1,0
mne34499,7,119,0
mne32728,7,12,2
mne18225,5,22,0
mne23327,10,2,0
mne33710,4,25,0
mne42894,5,23,0
mne15242,9,9,0
mne34145,3,21,0
mne15942,12,10,0
mne47422,7,9,0
mne8845,6,52,0
mne48470,7,4,0
mne29469,4,12,1
mne29462,3,33,0
mne31433,5,1,0
mne44113,1,4,1
mne34336,7,44,1
mne29466,5,1,0
mne32221,12,23,0
mne51058,2,6,0
mne34324,10,14,1
mne8217,4,5,0
mne26750,3,3,0
mne1828,3,8,0
mne45104,2,7,0
mne29462,2,13,0
mne15867,12,5,0
mne46607,2,13,0
mne15683,1,6,0
mne19760,6,34,0
mne47767,2,36,0
mne45820,4,4,0
mne5505,1,12,0
mne29462,4,28,0
mne34162,2,3,0
mne36180,7,28,1
mne52143,2,12,0
mne44109,2,12,0
mne35421,7,3,0
mne16828,3,10,0
mne31411,11,20,0
mne10288,6,7,0
mne50652,7,24,0
mne34493,5,12,0
mne23413,10,3,0
mne5602,4,6,0
mne605,3,2,0
mne23414,1,8,0
mne4043,6,8,0
mne6428,5,7,0
mne48532,4,1,0
mne1068,5,9,0
mne11182,12,4,0
mne41312,5,4,0
mne32116,3,23,0
mne44109,8,2,0
mne17140,1,4,0
mne34480,6,24,0
mne46625,1,2,0
mne23370,4,4,0
mne11637,6,58,0
mne5678,10,1,0
mne40048,9,9,0
mne34518,2,15,0
mne1076,5,6,0
mne34087,6,51,5
mne15619,1,30,0
mne26695,7,16,0
mne31488,12,8,0
mne18011,7,3,0
mne49137,6,21,0
mne23307,5,15,0
mne47887,11,13,1
mne33723,11,5,0
mne34496,11,9,0
mne10675,10,12,0
mne50618,4,9,0
mne34339,5,4,0
mne34339,3,28,0
mne2974,10,9,0
mne11675,7,30,2
mne50648,6,10,0
mne34321,2,6,0
mne11903,5,3,0
mne29440,11,3,0
mne30150,3,6,0
mne28661,8,1,0
mne33733,9,6,0
mne3409,8,2,0
mne35453,6,73,0
mne33731,5,16,0
mne27864,11,2,0
mne18620,6,1,0
mne2378,4,6,0
mne26694,11,6,0
mne33756,11,7,0
mne45893,10,6,0
mne5334,5,1,0
mne16549,5,1,0
mne10887,4,5,0
mne19744,12,14,0
mne24813,7,6,0
mne23254,9,5,0
mne47808,5,9,0
mne29499,7,1,0
mne29499,5,4,0
mne29499,4,14,0
mne34159,1,9,0
mne32727,9,9,1
mne35432,1,17,0
mne45875,4,19,0
mne33689,12,16,1
mne32101,7,24,0
mne34359,10,2,0
mne28607,10,4,0
mne16812,12,9,0
mne28583,4,8,0
mne11588,6,18,0
mne2637,11,7,0
mne12713,5,13,0
mne12357,5,12,0
mne29379,10,2,0
mne33221,12,14,0
mne42822,6,28,0
mne6428,11,2,0
mne17458,7,2,0
mne34266,4,14,2
mne42811,11,3,0
mne16652,5,9,0
mne8281,2,1,0
mne18393,5,19,0
mne34279,4,40,0
mne46588,7,5,0
mne29387,12,11,0
mne34088,12,11,0
mne35460,3,6,0
mne41402,7,7,0
mne11645,10,22,0
mne34082,2,20,0
mne34327,10,23,0
mne29432,4,12,0
mne34484,4,5,0
mne34301,1,4,0
mne34278,10,26,0
mne32785,6,21,0
mne47815,6,14,0
mne34163,5,7,0
mne49054,3,18,0
mne42811,10,3,0
mne31477,7,13,0
mne45845,12,14,0
mne29387,11,3,0
mne23334,8,1,0
mne27708,6,14,0
mne33766,3,24,0
mne23307,6,52,1
mne7033,4,1,0
mne6428,12,2,0
mne34276,1,34,0
mne51501,1,7,0
mne27707,6,51,1
mne10154,7,7,0
mne15931,4,12,0
mne11036,2,6,0
mne2505,10,4,0
mne29486,6,10,0
mne2505,5,4,0
mne34484,10,6,0
mne11348,9,6,0
mne11512,10,12,0
mne50605,9,7,0
mne35801,12,18,0
mne31397,8,15,0
mne47767,1,13,0
mne2460,5,4,0
mne8317,2,6,0
mne33679,3,27,0
mne12713,4,3,0
mne34295,6,62,1
mne31367,12,2,0
mne32170,9,3,0
mne2564,12,15,0
mne33194,12,8,1
mne18209,5,1,0
mne537,2,6,0
mne47802,5,16,0
mne167,5,19,0
mne35390,6,23,0
mne47820,5,3,0
mne47820,4,16,0
mne33679,4,24,0
mne6304,3,8,0
mne33710,2,23,0
mne12357,2,1,0
mne17801,1,5,0
mne1087,10,12,0
mne12365,5,15,0
mne34266,2,8,0
mne18049,1,4,0
mne50618,12,4,0
mne34371,4,21,0
mne42811,7,6,0
mne42832,4,27,0
mne35471,10,15,1
mne18474,3,2,0
mne49962,7,10,1
mne19693,12,16,0
mne16912,7,8,4
mne3395,7,10,0
mne33757,11,20,0
mne6304,12,7,0
mne16567,12,11,0
mne34351,7,12,0
mne49112,5,9,0
mne34520,8,4,0
mne49052,1,1,0
mne34157,1,3,0
mne40030,8,1,0
mne42772,11,11,0
mne6304,10,9,0
mne30207,1,11,0
mne17379,1,3,0
mne36190,12,32,0
mne31373,5,26,0
mne10043,4,4,0
mne34264,6,27,0
mne46619,6,44,8
mne29391,1,19,0
mne26805,2,11,0
mne32079,5,14,0
mne3835,4,16,0
mne1122,6,14,0
mne32199,4,36,0
mne33762,3,28,0
mne48490,1,3,0
mne5675,7,9,0
mne33819,6,468,0
mne34101,5,6,0
mne44109,3,32,0
mne26762,4,7,0
mne32728,10,5,0
mne32122,9,12,0
mne11349,9,3,0
mne26692,5,21,0
mne34171,4,27,0
mne47766,12,14,0
mne34124,2,17,0
mne2427,2,13,0
mne33708,10,12,0
mne33256,7,2,0
mne46256,2,11,0
mne11748,4,18,0
mne32101,2,17,0
mne11675,5,23,2
mne34546,12,7,0
mne51529,11,4,0
mne3835,9,1,0
mne32115,1,5,0
mne34169,10,14,0
mne47784,2,7,0
mne35789,1,9,0
mne34282,4,7,0
mne862,4,37,0
mne34171,5,52,0
mne18514,2,5,0
mne40962,10,2,1
mne17960,6,6,0
mne3913,3,2,0
mne24821,5,78,0
mne10084,11,11,0
mne34261,6,14,0
mne33214,5,10,0
mne35441,6,129,0
mne32199,3,30,0
mne35441,5,53,0
mne33677,12,22,0
mne51499,3,3,0
mne35629,12,6,0
mne32063,1,7,0
mne3901,9,3,0
mne16850,4,10,0
mne17982,11,6,0
mne19691,3,15,0
mne34173,6,43,0
mne34390,6,128,0
mne44151,7,9,0
mne49100,2,4,0
mne33680,12,10,0
mne18623,1,15,0
mne3043,4,5,0
mne27707,4,22,0
mne34280,12,24,0
mne16482,3,11,0
mne35475,5,8,0
mne16902,2,4,0
mne2587,5,4,0
mne33755,10,9,0
mne34505,11,16,1
mne34271,2,15,0
mne5824,7,7,0
mne45822,1,13,0
mne2564,6,33,0
mne31481,12,16,0
mne47816,3,16,0
mne34166,7,22,0
mne11036,7,3,0
mne17897,5,16,0
mne30183,11,24,0
mne15683,3,6,0
mne3154,5,15,0
mne15969,9,1,0
mne35629,7,12,0
mne34323,3,3,0
mne35391,8,2,0
mne42184,1,7,0
mne32735,5,35,0
mne33284,3,43,0
mne35455,3,66,0
mne18473,2,11,0
mne44109,11,16,0
mne12478,12,6,0
mne41306,5,18,3
mne19693,4,20,0
mne41316,2,34,0
mne10823,12,6,0
mne167,8,3,0
mne35625,12,18,0
mne17140,10,2,0
mne19709,6,7,0
mne17319,9,2,0
mne44109,1,16,0
mne33761,2,15,0
mne35629,6,36,0
mne23492,1,14,0
mne32728,1,21,0
mne18474,12,3,0
mne3300,7,7,0
mne33680,4,12,0
mne34162,9,3,0
mne8845,4,18,0
mne34507,6,1,0
mne34290,10,10,0
mne34172,7,1,0
mne34099,8,2,0
mne34287,3,35,0
mne2386,3,3,0
mne4326,5,3,0
mne16702,7,3,0
mne5614,7,23,0
mne27751,3,20,0
mne35855,5,77,0
mne35420,9,2,0
mne34321,1,11,0
mne51513,5,8,0
mne34300,1,14,0
mne24826,1,5,0
mne34467,3,18,0
mne10156,4,1,0
mne3844,2,4,0
mne10812,1,4,0
mne50650,3,12,1
mne51062,5,2,0
mne17386,9,1,0
mne33285,7,8,0
mne727,10,5,0
mne16029,4,19,0
mne503,2,25,0
mne47820,6,9,0
mne16532,7,4,0
mne34302,4,8,0
mne16850,2,6,0
mne44109,5,27,0
mne33686,7,57,0
mne34499,3,26,0
mne29445,5,10,0
mne17625,12,1,0
mne47800,1,2,0
mne604,9,3,0
mne45831,3,5,0
mne29497,1,3,0
mne17414,2,3,0
mne10823,3,22,0
mne34464,1,5,0
mne47887,1,10,0
mne17021,1,24,0
mne43513,4,5,0
mne18898,1,7,0
mne26777,2,11,0
mne33680,7,15,0
mne29391,2,18,0
mne50621,6,19,0
mne49075,4,2,0
mne17154,12,2,0
mne28666,1,7,0
mne16817,12,4,0
mne47780,11,16,0
mne7943,9,3,0
mne8315,7,4,0
mne35413,7,3,0
mne23347,6,33,0
mne24769,8,1,0
mne3602,12,1,0
mne34469,10,6,0
mne2573,12,8,0
mne32181,5,36,0
mne29432,3,10,0
mne34166,2,2,0
mne48485,1,9,0
mne16567,4,4,1
mne16532,11,7,0
mne34272,1,7,0
mne10156,3,11,0
mne51049,11,9,0
mne40760,5,16,0
mne29469,11,4,0
mne34493,3,11,0
mne32221,7,7,0
mne33779,8,2,0
mne47795,6,19,0
mne46629,9,12,0
mne40035,10,8,0
mne19691,10,4,0
mne13723,6,31,0
mne34324,3,30,3
mne10738,12,6,0
mne15942,4,12,0
mne16482,6,9,0
mne46613,2,1,0
mne5505,2,22,0
mne29474,1,17,0
mne31483,3,19,0
mne35434,5,24,0
mne23310,7,2,0
mne34138,5,20,0
mne31397,7,26,1
mne34289,9,9,0
mne33756,2,15,0
mne42772,5,2,0
mne18311,12,5,0
mne32071,7,71,7
mne34373,1,7,0
mne12365,4,6,0
mne31480,1,24,0
mne34162,7,14,0
mne49075,5,7,0
mne23304,9,4,0
mne46619,12,10,1
mne167,4,19,0
mne4038,6,37,0
mne50633,6,14,0
mne34373,2,3,0
mne50601,3,13,0
mne31446,3,15,0
mne33750,3,28,1
mne16652,2,2,0
mne26645,3,13,0
mne4109,7,9,1
mne33212,11,7,1
mne24746,12,9,0
mne23413,8,4,2
mne15657,3,3,0
mne28702,3,7,1
mne18433,8,2,0
mne30216,10,4,0
mne34272,11,21,0
mne50633,5,8,0
mne32748,4,8,0
mne24807,4,1,0
mne26804,4,2,0
mne43433,10,3,0
mne44140,5,19,0
mne42784,6,17,0
mne45827,5,3,0
mne48486,12,5,0
mne3346,6,14,0
mne35803,2,6,0
mne35799,1,23,0
mne32079,1,7,0
mne34262,9,2,0
mne17225,8,5,0
mne11745,3,29,0
mne36186,2,19,0
mne50609,5,9,0
mne34485,5,43,0
mne92,1,7,0
mne3043,11,2,0
mne45845,7,7,1
mne46362,3,1,0
mne25301,6,11,0
mne34332,2,9,0
mne45845,5,29,0
mne42827,12,6,0
mne35457,1,4,0
mne23310,1,11,0
mne35822,10,15,0
mne34161,8,2,0
mne34373,4,7,0
mne3189,1,6,0
mne27873,12,6,0
mne32789,2,3,0
mne23254,3,3,0
mne33195,10,8,0
mne10776,12,20,0
mne10776,11,13,1
mne49112,7,5,0
mne48490,6,14,0
mne6353,2,24,1
mne35389,10,9,0
mne36186,10,13,0
mne12478,9,2,0
mne32182,6,102,0
mne11036,4,14,0
mne8315,8,1,0
mne33209,2,10,0
mne15429,2,18,0
mne47795,1,3,0
mne48481,4,1,0
mne34460,3,21,0
mne11231,5,12,0
mne32063,9,5,0
mne21558,10,1,0
mne11019,3,2,0
mne32170,11,2,0
mne23254,12,9,0
mne35789,11,6,0
mne34333,5,24,0
mne34512,9,8,0
mne34372,12,17,0
mne33194,4,12,0
mne34323,11,8,0
mne23451,5,33,2
mne47835,6,4,0
mne44108,5,18,0
mne34372,3,19,0
mne29445,11,5,0
mne47866,8,3,0
mne34501,7,3,0
mne48470,6,6,0
mne1277,11,1,0
mne34359,8,1,0
mne34492,7,7,0
mne47904,4,10,0
mne40035,11,3,0
mne27750,6,2,0
mne29462,1,41,0
mne40035,8,2,0
mne47262,3,8,0
mne34506,3,10,0
mne32783,2,7,0
mne40962,6,58,18
mne36190,8,3,0
mne16482,4,11,0
mne17313,5,8,0
mne49858,7,13,1
mne12199,2,17,0
mne29462,8,9,0
mne33711,11,10,0
mne21318,6,63,0
mne30140,7,68,2
mne32857,5,14,0
mne35838,11,13,0
mne35442,6,39,0
mne5675,1,18,0
mne28824,7,25,1
mne30222,6,6,0
mne10047,7,35,0
mne34145,4,36,0
mne34520,12,21,0
mne32904,3,30,0
mne3344,5,21,0
mne17139,11,11,0
mne19849,8,6,0
mne40962,7,30,9
mne24825,4,5,0
mne24825,12,6,0
mne17390,10,7,0
mne17313,7,8,0
mne35789,2,16,0
mne8758,6,24,0
mne33757,12,32,0
mne45826,5,1,0
mne42831,7,7,0
mne3097,1,3,0
mne32244,11,9,0
mne29474,2,13,0
mne32798,6,15,0
mne4109,9,9,0
mne34271,7,33,0
mne19789,3,21,0
mne2433,6,4,0
mne42785,4,1,0
mne32173,5,19,0
mne11036,5,13,0
mne2637,5,3,0
mne35394,6,50,0
mne23366,9,9,0
mne47770,3,21,2
mne2903,2,17,0
mne32777,5,13,0
mne29497,3,10,0
mne4038,11,7,0
mne15450,3,4,0
mne2903,4,15,0
mne31447,3,19,0
mne47782,10,9,0
mne19789,7,6,0
mne49065,12,18,0
mne30153,11,2,0
mne47799,10,1,1
mne15018,2,1,0
mne35789,7,15,0
mne15013,6,147,6
mne45893,12,20,0
mne12790,3,3,0
mne15370,5,14,0
mne34083,10,4,0
mne24818,7,70,0
mne1087,8,4,0
mne42772,6,40,0
mne34324,1,15,1
mne46613,1,5,0
mne33207,7,27,0
mne35449,6,55,4
mne32206,7,26,1
mne45848,4,4,1
mne52143,7,12,0
mne34473,6,46,0
mne17982,2,3,0
mne11664,3,33,0
mne34278,1,14,0
mne47814,4,2,0
mne26826,12,2,0
mne1041,12,1,0
mne45874,3,26,0
mne50622,6,28,0
mne11194,1,14,0
mne1022,4,9,0
mne33711,10,13,0
mne17313,4,14,0
mne1076,6,6,0
mne33757,2,19,0
mne51532,3,4,0
mne33765,3,29,0
mne17672,7,6,0
mne42784,12,3,0
mne2506,3,7,0
mne52078,7,6,0
mne42782,6,31,0
mne8217,1,5,0
mne8217,12,1,0
mne11748,7,7,0
mne48482,6,25,0
mne42817,3,10,0
mne41302,10,13,0
mne26846,6,22,0
mne18393,6,31,0
mne1302,12,2,0
mne33753,11,13,0
mne26714,7,5,0
mne11194,11,17,0
mne1025,11,8,0
mne16029,2,3,0
mne23254,4,2,0
mne264,5,9,0
mne30207,9,10,0
mne34464,10,15,0
mne12478,7,5,0
mne31436,1,8,0
mne34496,3,8,0
mne29466,1,6,0
mne18547,11,4,0
mne16913,7,47,0
mne34092,7,19,0
mne46613,12,9,0
mne16256,1,8,0
mne31367,11,5,0
mne15784,2,3,0
mne47781,6,7,0
mne34336,2,39,2
mne2974,6,21,2
mne32101,4,38,0
mne12006,10,3,0
mne34478,5,16,0
mne8217,10,3,0
mne11745,1,2,0
mne47764,8,1,0
mne35437,1,13,0
mne29431,3,19,0
mne21330,1,16,0
mne6304,1,6,0
mne50641,7,5,0
mne8758,7,4,0
mne42772,4,8,0
mne418,3,12,0
mne29531,1,19,0
mne29391,11,3,0
mne18574,8,6,0
mne35430,12,5,0
mne33822,5,17,0
mne44386,6,111,0
mne41312,11,2,0
mne12316,11,18,0
mne29445,7,24,0
mne24813,1,18,0
mne17140,6,14,0
mne34169,4,9,0
mne2272,7,8,0
mne28654,11,15,0
mne27751,2,14,0
mne2377,5,1,0
mne24830,4,59,0
mne23304,1,91,0
mne26777,5,14,0
mne47824,4,30,0
mne32772,3,8,0
mne32801,2,19,0
mne17801,4,16,0
mne34273,4,21,0
mne34087,1,8,1
mne30193,1,30,0
mne10948,10,5,0
mne34171,9,16,0
mne32209,6,41,0
mne23408,1,7,0
mne35453,4,26,0
mne10746,10,1,0
mne33705,8,1,0
mne17814,7,17,0
mne16850,12,4,0
mne33285,2,6,0
mne1076,2,5,0
mne27705,2,15,0
mne11737,4,19,3
mne32101,11,6,0
mne29445,12,5,0
mne17313,6,27,0
mne19740,4,22,0
mne47833,12,9,0
mne17473,5,14,0
mne3020,7,4,0
mne50564,4,19,0
mne32732,12,9,0
mne25346,5,40,0
mne40760,8,1,0
mne30212,7,12,0
mne8281,1,3,0
mne47303,5,5,0
mne35419,9,1,0
mne35419,11,1,0
mne35782,7,45,0
mne17138,10,21,0
mne689,9,3,0
mne29465,6,15,0
mne41306,2,1,0
mne33761,7,2,0
mne45827,7,7,0
mne35413,11,5,0
mne26694,1,17,0
mne11748,2,16,0
mne2974,1,4,0
mne2974,12,3,1
mne50559,3,40,0
mne16691,5,10,0
mne34456,2,1,0
mne15867,9,1,0
mne46640,2,16,0
mne45875,5,24,0
mne45827,6,14,0
mne27741,10,10,0
mne2695,5,5,0
mne32069,7,11,0
mne34462,8,3,0
mne33191,1,4,0
mne46582,7,1,0
mne680,10,8,0
mne40048,10,3,0
mne1076,9,2,0
mne24746,3,25,0
mne42777,1,8,0
mne28629,2,20,0
mne33194,7,15,0
mne35453,12,12,0
mne29432,9,4,0
mne10900,7,179,2
mne47824,6,42,2
mne42285,5,21,0
mne41306,9,7,0
mne236,6,19,0
mne15013,7,111,1
mne29383,5,25,0
mne42244,1,11,0
mne34145,2,7,0
mne18257,3,12,0
mne45831,11,7,0
mne4109,11,5,0
mne24826,11,8,0
mne33766,2,4,0
mne32052,7,21,0
mne47803,1,1,0
mne46629,5,55,0
mne51049,6,54,0
mne26806,1,8,0
mne8726,2,9,0
mne5673,6,13,0
mne17911,3,12,1
mne46622,12,5,0
mne28607,4,5,0
mne34161,2,15,0
mne11903,4,4,0
mne28666,2,3,0
mne12631,10,6,0
mne49052,7,3,0
mne32129,10,15,0
mne6428,3,2,0
mne47263,7,49,0
mne34082,4,13,0
mne19802,12,6,0
mne1025,1,9,0
mne28824,4,14,0
mne34536,9,13,0
mne34485,6,115,1
mne18488,12,31,0
mne32733,11,4,0
mne43515,2,3,0
mne10798,2,16,0
mne13723,3,5,0
mne3344,3,6,0
mne47784,6,40,0
mne3395,4,11,0
mne4326,6,1,0
mne36188,10,11,0
mne7645,5,5,0
mne42827,2,14,0
mne33207,1,22,0
mne35793,3,10,1
mne24821,1,11,0
mne47813,7,16,0
mne34282,7,4,0
mne29387,7,11,0
mne2378,2,2,0
mne32799,12,15,0
mne11407,1,5,0
mne1480,10,1,0
mne11407,8,1,0
mne41313,1,10,0
mne30127,8,2,0
mne49100,9,2,0
mne12451,12,12,2
mne10547,3,14,0
mne33753,8,4,0
mne30145,7,7,0
mne34144,11,4,0
mne1547,5,25,0
mne34171,10,11,0
mne51529,5,21,0
mne47798,3,3,0
mne35441,7,40,1
mne34157,7,15,0
mne29531,11,5,0
mne19688,2,9,0
mne34543,7,34,1
mne8317,9,6,0
mne17225,9,7,0
mne17386,7,11,0
mne15657,10,3,0
mne44119,10,5,0
mne17982,5,2,0
mne504,10,10,0
mne49056,1,1,0
mne33197,7,9,0
mne16652,1,4,0
mne29390,9,3,0
mne3020,12,23,0
mne12451,5,20,2
mne19734,11,4,0
mne2378,3,5,0
mne49133,6,84,0
mne47785,12,7,0
mne32274,1,21,0
mne34341,11,2,0
mne32128,12,15,0
mne32204,10,17,0
mne32204,8,9,0
mne2562,11,5,0
mne51505,3,1,0
mne47883,1,10,0
mne537,12,6,0
mne27765,11,5,0
mne3901,11,6,0
mne4089,2,1,0
mne33677,10,8,0
mne45868,7,1,0
mne44061,3,22,0
mne46619,2,7,0
mne33311,11,7,0
mne34347,7,3,0
mne2386,7,6,0
mne40036,5,11,0
mne16515,7,2,0
mne11182,8,6,0
mne35629,9,3,0
mne12355,6,21,1
mne6614,12,2,0
mne17390,2,2,0
mne15931,5,7,0
mne32775,12,8,0
mne47887,12,1,0
mne32904,6,46,0
mne27737,10,4,0
mne41307,7,7,0
mne18547,1,5,0
mne32115,10,20,0
mne2505,12,25,0
mne2505,2,4,0
mne26748,11,32,0
mne30207,11,19,0
mne3913,9,2,0
mne34300,10,6,0
mne12488,10,1,0
mne35389,4,16,1
mne3913,12,2,0
mne32904,10,8,0
mne1547,12,14,1
mne11194,9,10,0
mne33198,10,7,0
mne40065,1,6,0
mne34178,1,6,0
mne35855,12,17,0
mne32735,1,21,0
mne34543,3,9,0
mne680,9,1,0
mne680,12,9,0
mne47808,2,10,0
mne34475,11,7,0
mne6353,9,4,0
mne17995,3,8,0
mne18225,2,6,0
mne33854,9,8,0
mne12451,7,9,1
mne32171,11,6,0
mne45822,10,6,1
mne23430,8,2,0
mne34088,6,33,0
mne27796,1,6,0
mne28909,11,10,0
mne17237,1,10,0
mne25301,1,5,0
mne32730,12,5,0
mne47805,7,14,0
mne34321,4,14,0
mne33766,11,6,0
mne33206,12,10,0
mne46610,1,13,0
mne34546,3,12,0
mne46586,2,19,0
mne45820,1,5,0
mne36186,8,1,0
mne41306,3,10,0
mne49042,8,1,0
mne40037,3,5,0
mne26713,12,26,0
mne48472,1,2,0
mne28658,6,12,0
mne897,5,3,0
mne34316,2,12,1
mne28909,6,23,0
mne34151,2,3,0
mne18512,1,2,0
mne35419,6,7,0
mne16817,3,5,0
mne27705,7,9,0
mne11737,11,3,1
mne11737,9,6,1
mne16812,1,11,0
mne33756,3,19,0
mne16702,4,19,0
mne50642,5,3,0
mne34132,10,2,0
mne10547,12,13,0
mne34484,1,5,0
mne2501,5,12,0
mne19691,1,7,0
mne34083,12,9,0
mne3097,9,1,0
mne19736,4,4,0
mne10043,12,6,0
mne16226,12,9,0
mne23279,1,1,0
mne34276,11,20,0
mne24817,7,9,0
mne28824,2,24,0
mne36026,1,7,0
mne23279,9,5,0
mne50633,10,5,0
mne35471,7,140,10
mne34287,7,33,0
mne8900,3,5,0
mne34273,1,15,0
mne27758,6,1,0
mne27789,9,2,0
mne34371,10,8,0
mne10798,9,7,0
mne15648,9,1,0
mne33710,3,11,0
mne32063,4,15,0
mne47904,7,28,0
mne2506,7,10,0
mne48482,9,9,0
mne2378,6,6,0
mne26692,12,5,0
mne32777,1,9,0
mne41302,4,27,0
mne35455,7,33,1
mne16813,2,7,0
mne92,9,3,0
mne29432,2,10,0
mne41302,5,28,0
mne3844,11,7,0
mne504,7,5,0
mne1076,3,7,0
mne7947,9,2,0
mne40030,7,5,0
mne32206,12,6,0
mne47770,5,26,2
mne17814,5,11,0
mne33208,10,18,0
mne31367,7,12,0
mne10823,9,2,0
mne16868,7,21,0
mne31478,5,30,0
mne49841,12,9,0
mne49072,5,4,0
mne47822,4,24,0
mne18281,2,21,0
mne23183,8,8,0
mne31470,2,24,0
mne26718,5,10,0
mne7435,1,4,0
mne1153,2,1,0
mne30183,2,19,1
mne34149,3,6,0
mne31450,1,16,0
mne33686,8,5,0
mne48474,9,4,0
mne17897,11,8,0
mne24746,5,19,0
mne11194,12,16,0
mne42772,2,4,0
mne24680,8,2,0
mne52108,6,44,1
mne33822,2,6,0
mne12580,2,1,0
mne51544,9,4,1
mne6614,6,2,0
mne33761,5,9,0
mne42773,8,3,0
mne727,12,12,0
mne1153,4,1,0
mne35834,10,9,0
mne12177,3,44,0
mne17801,9,1,0
mne51531,6,9,0
mne34353,2,6,0
mne11306,6,19,0
mne36178,5,9,0
mne32063,8,2,0
mne47775,6,22,0
mne4038,2,12,0
mne17225,11,4,0
mne31487,1,12,0
mne47766,1,7,0
mne5505,7,5,0
mne16812,2,4,0
mne7943,4,2,0
mne34493,12,11,0
mne51049,10,2,0
mne167,10,8,0
mne1236,6,2,0
mne33780,5,16,0
mne11588,11,1,0
mne35422,6,12,0
mne21406,12,1,0
mne882,6,10,0
mne28702,6,16,0
mne19677,5,21,1
mne30103,5,38,0
mne33766,12,3,0
mne29417,2,12,0
mne2564,1,7,0
mne605,5,4,0
mne28607,1,2,0
mne35408,5,24,0
mne680,2,9,0
mne47767,9,8,0
mne33196,9,3,0
mne30250,3,21,0
mne49052,6,30,0
mne47867,5,2,0
mne15658,5,24,0
mne31446,8,1,0
mne7943,7,2,0
mne12713,6,23,0
mne42785,7,4,0
mne32822,1,3,0
mne31520,1,6,0
mne167,11,29,0
mne34087,2,9,1
mne17319,10,6,0
mne2000,3,3,0
mne3464,6,10,0
mne32231,7,5,0
mne28606,9,9,0
mne34266,7,5,0
mne15242,1,3,0
mne17340,3,1,0
mne2427,1,5,0
mne33686,10,9,0
mne11231,4,9,0
mne47788,11,4,0
mne49105,10,18,0
mne32066,5,12,0
mne26762,9,7,0
mne33212,9,9,0
mne42831,9,5,0
mne34266,3,29,4
mne52103,10,2,0
mne12790,5,2,0
mne28602,6,10,0
mne2483,7,17,2
mne49075,7,8,1
mne46610,9,5,0
mne47822,3,16,0
mne34467,11,6,0
mne1828,11,7,0
mne34161,7,13,0
mne36193,4,16,0
mne52074,2,11,0
mne34501,5,7,0
mne50564,2,13,0
mne33197,5,13,0
mne27738,10,3,0
mne5657,12,15,0
mne48485,7,7,0
mne4453,9,2,0
mne16537,11,1,0
mne12478,8,2,0
mne35793,6,10,0
mne29391,9,10,0
mne45823,1,4,0
mne11407,11,1,0
mne47788,4,14,0
mne35787,8,2,0
mne29452,10,1,0
mne19674,7,6,0
mne3882,3,9,0
mne24820,12,7,0
mne40962,5,22,2
mne3224,12,34,0
mne49858,2,3,0
mne11292,2,5,0
mne49075,2,4,0
mne4038,1,8,0
mne18049,3,11,0
mne1087,12,9,0
mne35437,2,9,0
mne49099,12,8,0
mne41282,5,34,0
mne50605,7,3,0
mne1495,12,1,0
mne32825,9,4,0
mne21427,4,12,0
mne17814,10,6,0
mne16850,3,4,0
mne12363,10,12,0
mne34264,7,67,0
mne46627,4,30,0
mne34152,5,19,0
mne35800,9,13,0
mne2892,10,6,0
mne1076,1,1,0
mne19744,2,7,0
mne12040,3,10,0
mne16812,6,27,0
mne51513,6,16,0
mne34109,7,10,0
mne19692,4,5,0
mne2974,2,1,0
mne44106,5,25,0
mne47303,4,4,0
mne30193,10,16,0
mne35833,4,16,0
mne4297,7,13,1
mne32794,7,86,11
mne12316,5,22,0
mne32066,6,26,0
mne35884,5,79,0
mne26694,8,3,0
mne2276,3,6,0
mne34301,2,6,0
mne33754,6,51,0
mne50739,5,11,0
mne2272,6,9,0
mne32774,7,7,0
mne25346,1,10,0
mne49065,3,11,0
mne4038,12,5,0
mne16826,4,7,1
mne15931,2,9,0
mne3464,1,1,0
mne47784,12,17,0
mne18078,8,6,0
mne30192,4,9,0
mne17139,10,16,1
mne48472,4,16,0
mne47841,8,1,0
mne34261,1,17,0
mne44181,1,14,0
mne19689,9,2,0
mne16868,3,10,0
mne45827,1,3,0
mne35812,3,8,0
mne689,1,5,0
mne15465,6,3,0
mne49108,3,17,0
mne10043,6,25,0
mne18546,4,2,0
mne50648,5,1,0
mne50648,4,1,0
mne2896,1,17,0
mne28666,10,3,0
mne34372,6,63,0
mne3154,6,8,0
mne11469,11,9,0
mne29476,1,1,0
mne34511,8,1,0
mne44113,6,9,0
mne32735,11,20,0
mne18617,2,7,0
mne12352,12,6,0
mne50618,2,6,0
mne23408,6,131,0
mne15974,7,5,0
mne12588,8,1,0
mne17730,4,25,0
mne34339,12,3,0
mne27751,12,7,0
mne92,4,12,0
mne17787,4,1,0
mne17787,2,2,0
mne47775,2,16,0
mne34442,3,34,2
mne12478,11,10,2
mne21336,11,1,0
mne23370,2,2,0
mne46613,6,12,0
mne8942,1,3,0
mne27739,7,10,0
mne21387,9,5,0
mne35834,12,13,1
mne47778,5,14,0
mne49099,7,27,0
mne18257,10,1,0
mne29497,2,7,0
mne33723,3,16,0
mne32107,11,6,0
mne32783,10,6,0
mne47798,12,7,0
mne24699,4,2,0
mne35455,9,8,0
mne12365,2,3,0
mne28602,12,7,0
mne35800,2,19,0
mne34103,12,28,0
mne10547,10,9,0
mne51505,6,11,0
mne34484,3,13,0
mne42828,4,21,0
mne47800,9,2,0
mne7625,10,5,0
mne47788,2,2,0
mne42790,4,3,0
mne45827,3,8,0
mne31413,11,3,0
mne35789,8,4,0
mne29447,6,70,0
mne50563,12,11,0
mne16812,4,10,0
mne44140,7,13,0
mne31471,7,11,0
mne15369,11,4,0
mne29432,10,2,0
mne16817,5,2,0
mne16812,10,6,0
mne50781,12,11,0
mne34514,7,2,0
mne34301,5,11,0
mne34103,1,18,0
mne12365,3,8,0
mne47834,7,32,1
mne24684,7,15,2
mne32171,1,5,0
mne36183,11,1,0
mne35807,11,18,0
mne23136,12,4,0
mne35800,12,8,0
mne3882,4,8,0
mne31450,10,17,0
mne8900,12,3,0
mne32372,9,4,0
mne46610,12,16,0
mne27779,8,2,0
mne27779,5,2,0
mne270,2,8,0
mne44151,9,2,0
mne48490,11,1,0
mne48488,10,4,0
mne1832,3,1,0
mne11469,3,3,0
mne29440,12,16,0
mne34339,4,6,1
mne42785,3,8,0
mne26783,4,6,0
mne48474,8,3,0
mne31483,12,27,0
mne21334,3,4,0
mne40029,10,1,0
mne40030,5,15,0
mne15370,12,11,0
mne52103,3,1,0
mne28602,2,3,0
mne47795,3,6,0
mne24638,2,7,0
mne15942,3,14,0
mne51058,1,2,0
mne31487,6,27,0
mne34301,12,5,0
mne17801,2,5,0
mne35421,11,8,1
mne12355,7,3,0
mne17386,6,23,0
mne18473,1,5,0
mne32133,2,8,0
mne18474,10,1,0
mne34460,9,13,0
mne44139,6,85,1
mne43455,3,8,0
mne2511,6,15,0
mne33211,9,2,0
mne17379,4,6,0
mne33207,10,19,0
mne41362,6,10,0
mne8317,11,8,0
mne49051,7,20,0
mne34294,12,13,0
mne27707,7,15,0
mne36182,11,11,0
mne17323,7,17,0
mne50559,2,11,1
mne34294,6,78,0
mne35434,4,13,0
mne34359,12,4,0
mne33225,7,9,0
mne34162,5,12,0
mne32822,4,13,0
mne11905,5,2,0
mne12357,3,4,0
mne1341,8,6,0
mne44060,7,29,0
mne3395,3,9,0
mne3097,4,6,0
mne28683,4,12,0
mne7033,3,4,0
mne4173,10,14,0
mne42816,7,27,0
mne34480,10,8,0
mne7625,6,4,0
mne34263,1,16,0
mne47785,9,8,0
mne11348,8,5,0
mne42785,5,7,0
mne31458,5,28,0
mne2574,11,2,0
mne40048,1,12,1
mne33762,10,6,0
mne48471,6,15,1
mne5675,4,5,0
mne49052,2,8,0
mne16902,4,10,0
mne47766,9,1,0
mne17138,9,1,0
mne36029,7,8,0
mne17313,1,3,0
mne17313,2,8,0
mne11194,3,7,0
mne34178,11,3,0
mne34093,10,26,0
mne11396,10,14,0
mne32178,6,75,0
mne45897,9,5,0
mne21558,2,6,0
mne41364,3,2,0
mne51499,5,3,0
mne46613,11,20,0
mne17801,12,18,0
mne15007,2,21,1
mne28583,1,8,0
mne23368,5,7,0
mne1336,3,11,0
mne45834,6,4,0
mne23318,9,3,0
mne34092,1,10,0
mne35472,3,5,0
mne35855,6,177,0
mne30216,4,7,0
mne34083,3,27,1
mne35405,12,20,0
mne28607,7,7,0
mne34484,11,8,0
mne29431,7,42,0
mne28682,4,21,0
mne50564,1,5,0
mne7517,5,11,0
mne32372,1,24,0
mne50650,4,17,0
mne15370,11,10,0
mne48472,2,6,0
mne33762,8,6,0
mne50559,8,3,0
mne41310,6,7,0
mne730,9,3,0
mne30150,11,2,0
mne29356,1,10,0
mne47319,7,15,0
mne18617,11,2,1
mne27747,7,24,0
mne34499,12,4,0
mne3344,4,10,0
mne34522,1,3,0
mne34537,6,289,0
mne34262,11,6,0
mne46640,5,10,0
mne26826,4,3,0
mne46587,2,3,0
mne32244,4,10,0
mne47764,2,8,0
mne5758,3,7,0
mne27789,3,10,0
mne6568,4,10,0
mne2573,3,14,0
mne27796,11,6,0
mne50606,5,2,0
mne16828,4,2,0
mne35406,7,2,0
mne34475,2,6,0
mne30140,6,179,17
mne41402,12,10,0
mne16640,2,16,0
mne7517,6,10,1
mne47820,1,2,0
mne52100,1,3,0
mne2124,4,7,0
mne51513,4,2,0
mne11106,5,1,0
mne34554,12,10,0
mne35789,3,18,0
mne7435,5,3,0
mne2376,7,7,0
mne31436,10,6,0
mne34178,2,14,0
mne11019,6,8,0
mne44064,2,13,0
mne31406,4,29,0
mne10962,6,7,0
mne17139,1,7,0
mne35808,3,8,0
mne47791,5,12,0
mne18078,9,14,0
mne45930,4,25,0
mne4502,5,16,2
mne33228,5,3,0
mne18225,7,6,0
mne433,3,1,0
mne35390,12,1,0
mne6255,3,2,0
mne494,5,2,0
mne35446,7,23,0
mne7103,6,57,0
mne32777,4,10,0
mne50601,5,2,0
mne16817,8,2,0
mne14951,4,7,0
mne2564,5,11,0
mne32205,10,16,0
mne48483,3,17,0
mne730,12,23,0
mne35805,1,9,0
mne49137,2,8,0
mne503,11,12,0
mne18011,11,4,0
mne32777,11,1,0
mne51532,6,16,0
mne28659,9,2,0
mne32066,4,7,0
mne46588,9,5,0
mne16856,5,3,0
mne17386,10,2,0
mne34152,12,22,0
mne34152,7,21,0
mne1826,1,18,0
mne18011,9,4,0
mne21387,12,7,2
mne18623,3,18,0
mne28638,6,58,0
mne48468,6,41,10
mne27864,5,18,0
mne10043,3,8,0
mne11915,6,53,0
mne11061,5,8,0
mne2896,3,19,0
mne34482,5,81,0
mne23368,10,8,0
mne50559,12,8,0
mne45950,10,16,0
mne11348,1,6,0
mne12451,2,8,0
mne47907,4,3,0
mne21427,12,4,0
mne16482,8,2,0
mne661,5,45,0
mne47784,7,13,0
mne472,3,9,0
mne32801,8,1,0
mne11194,5,9,1
mne35471,9,7,0
mne45827,4,1,0
mne24773,7,1,0
mne1041,3,1,0
mne47781,4,5,0
mne3376,3,6,0
mne32066,10,11,0
mne47885,2,1,0
mne418,2,8,0
mne42772,1,4,1
mne16306,4,7,0
mne11588,1,4,0
mne32056,11,2,0
mne34535,3,50,0
mne2511,2,7,0
mne36188,1,9,0
mne34321,12,6,0
mne35501,7,18,0
mne34496,4,8,0
mne46619,5,17,0
mne1302,4,3,0
mne41343,6,104,0
mne11396,2,10,0
mne2562,6,1,0
mne35394,1,2,0
mne17960,5,2,0
mne10043,2,3,0
mne18433,7,46,0
mne47884,12,3,0
mne34161,1,1,0
mne26753,7,9,0
mne34282,9,1,0
mne33688,1,2,0
mne33693,8,3,0
mne5318,12,7,0
mne27866,11,18,0
mne24737,10,1,0
mne51516,11,8,0
mne42779,6,78,0
mne3344,11,8,0
mne50601,6,20,0
mne36025,11,5,0
mne34539,5,20,0
mne17787,10,2,0
mne26746,12,1,0
mne12610,3,3,0
mne26713,2,13,0
mne47866,7,5,0
mne34475,12,10,0
mne11740,10,6,0
mne35475,12,3,0
mne44100,6,69,0
mne51532,4,5,0
mne49100,4,13,0
mne35629,4,9,0
mne51533,6,6,0
mne680,4,4,0
mne1246,11,13,0
mne26825,9,2,0
mne34301,11,1,0
mne30192,5,2,0
mne12318,9,10,0
mne3364,3,4,0
mne18040,3,28,0
mne49078,9,4,0
mne7517,1,5,0
mne35807,1,5,0
mne34520,10,9,0
mne34506,1,4,0
mne34301,6,42,0
mne45930,10,6,0
mne18898,3,4,0
mne16856,8,1,0
mne2511,3,11,0
mne32799,6,1,0
mne34332,1,4,0
mne34478,8,2,0
mne26676,6,40,0
mne2587,6,9,0
mne47778,1,6,0
mne34546,2,9,0
mne34261,2,27,0
mne34524,1,31,0
mne4493,12,2,0
mne32736,9,11,0
mne33683,8,3,0
mne10288,3,13,0
mne7644,7,5,0
mne34520,7,37,0
mne30151,10,4,0
mne33216,7,21,0
mne21382,6,80,1
mne2501,2,5,0
mne35420,2,12,0
mne33725,5,17,0
mne34489,12,5,0
mne34359,5,2,0
mne3346,2,1,0
mne34359,7,2,0
mne34464,11,4,0
mne34514,11,16,0
mne40065,2,16,0
mne47812,3,3,0
mne31400,7,14,0
mne11106,4,1,0
mne26911,1,5,0
mne34132,11,3,0
mne34326,1,7,0
mne42244,10,2,0
mne10675,3,48,0
mne19693,9,6,0
mne34189,1,19,0
mne47812,1,4,0
mne11306,10,1,0
mne35794,11,7,1
mne2272,12,12,0
mne11479,6,68,0
mne92,2,5,0
mne862,9,10,0
mne3344,2,6,0
mne34095,1,4,0
mne34087,12,14,0
mne35822,9,11,0
mne34083,11,8,0
mne1616,2,4,0
mne33216,5,7,0
mne6529,2,14,1
mne33194,11,6,0
mne42184,11,6,0
mne6060,5,2,0
mne33224,11,12,3
mne12414,6,10,0
mne41385,5,1,0
mne18473,4,6,0
mne45823,7,24,0
mne49065,8,2,0
mne47782,11,18,0
mne43515,11,5,0
mne34095,9,5,0
mne5627,2,5,0
mne3189,9,4,0
mne18257,12,1,0
mne44119,11,7,0
mne24830,5,50,0
mne24825,7,31,0
mne19734,3,1,0
mne35801,5,10,0
mne19688,8,1,0
mne47843,12,6,0
mne27773,4,10,0
mne12588,7,10,0
mne35436,5,3,0
mne40065,12,7,1
mne1246,7,17,0
mne2460,3,3,0
mne11588,7,2,0
mne27729,6,8,0
mne35422,11,2,0
mne35422,12,6,0
mne2511,7,4,0
mne959,6,4,0
mne45893,1,6,0
mne42285,4,7,0
mne1828,4,2,0
mne36189,2,10,0
mne42784,4,33,0
mne47816,10,4,0
mne32730,8,7,0
mne12488,9,4,0
mne27866,8,3,0
mne5602,5,6,0
mne3373,6,2,0
mne34282,5,10,0
mne51510,2,1,0
mne3097,11,5,0
mne32783,12,16,0
mne7625,12,2,0
mne17237,12,7,0
mne16868,12,4,0
mne32777,10,1,0
mne49054,7,9,0
mne24826,3,23,0
mne33854,7,23,0
mne17995,6,18,0
mne1077,6,16,0
mne3189,6,10,0
mne12006,8,1,0
mne35449,1,19,2
mne3007,7,10,0
mne33209,1,19,0
mne27738,12,5,0
mne27789,4,10,0
mne11737,5,17,0
mne24746,2,5,0
mne26778,12,8,0
mne52103,5,6,0
mne15253,12,30,0
mne42777,11,4,0
mne1547,7,19,0
mne35838,9,4,0
mne40760,11,3,0
mne40143,7,78,0
mne9748,4,5,0
mne51510,7,7,0
mne7423,6,25,0
mne47816,11,7,0
mne15931,10,2,0
mne33214,9,4,0
mne6529,11,6,0
mne32066,11,9,0
mne18433,12,18,0
mne40035,9,2,0
mne11282,7,10,0
mne32056,1,8,0
mne29419,5,52,0
mne12352,11,1,0
mne35472,10,1,0
mne7435,2,3,0
mne12506,2,12,3
mne29383,4,25,0
mne15242,12,4,0
mne867,1,12,0
mne45823,5,22,0
mne27738,5,13,0
mne33680,10,3,0
mne17340,10,2,0
mne32810,5,21,0
mne8926,12,5,0
mne34462,4,7,0
mne34108,8,3,0
mne42815,6,13,0
mne29531,2,5,0
mne19789,2,12,0
mne12713,12,9,0
mne11061,9,5,0
mne17995,12,7,0
mne47884,3,5,0
mne42815,4,3,0
mne28695,4,11,0
mne47884,2,4,0
mne42244,5,11,0
mne33689,11,13,0
mne977,3,3,0
mne45861,10,3,0
mne26713,11,16,0
mne32783,1,8,0
mne27728,11,2,0
mne17313,10,7,0
mne12365,1,2,0
mne40029,7,1,0
mne51049,7,10,0
mne6159,1,2,0
mne47841,7,21,0
mne35421,4,7,0
mne33211,2,4,0
mne23299,6,34,0
mne26746,9,6,0
mne51485,11,2,0
mne27737,9,1,0
mne31407,11,3,0
mne35465,3,7,0
mne8845,3,6,0
mne10566,6,4,0
mne46632,10,2,0
mne35625,1,25,0
mne15619,11,12,0
mne24821,4,6,0
mne18049,9,4,0
mne5657,8,1,0
mne5657,7,5,0
mne11664,11,24,0
mne44113,12,9,0
mne50622,4,14,0
mne21427,7,2,0
mne47766,10,8,0
mne34512,4,3,0
mne45930,11,6,0
mne11737,1,4,0
mne92,5,8,0
mne45864,7,26,0
mne4297,6,16,0
mne2974,4,5,0
mne42816,6,34,0
mne33683,2,10,0
mne2276,5,7,0
mne35408,9,7,0
mne32801,11,4,0
mne29531,10,1,0
mne33214,11,5,1
mne18049,11,10,0
mne46586,9,3,0
mne34145,10,7,0
mne35810,4,6,0
mne11062,11,3,0
mne5627,5,7,0
mne44386,7,18,0
mne43513,9,3,0
mne29381,6,80,0
mne46632,7,2,0
mne36026,4,6,0
mne49099,8,3,0
mne34138,7,48,3
mne31471,9,1,0
mne47904,10,6,0
mne33822,6,21,0
mne1826,9,10,0
mne270,9,6,0
mne41307,12,8,0
mne34467,2,16,0
mne31447,5,14,0
mne17818,5,8,0
mne9748,11,9,0
mne16913,10,15,0
mne34380,11,7,0
mne34272,8,12,0
mne17323,5,27,1
mne34101,4,10,0
mne24825,9,5,0
mne34493,7,9,0
mne12414,4,2,0
mne17154,4,2,0
mne35855,3,36,0
mne28583,10,8,0
mne12588,1,8,0
mne15805,6,40,0
mne34095,4,15,0
mne32122,11,1,0
mne51505,7,3,0
mne49070,2,2,0
mne47784,4,15,0
mne15867,7,1,0
mne503,4,30,0
mne23256,5,1,0
mne453,6,37,0
mne33733,2,16,0
mne32063,7,4,0
mne42894,11,15,0
mne2574,2,2,0
mne34151,1,2,0
mne34522,7,3,0
mne25301,4,4,0
mne47884,1,8,1
mne33252,2,12,0
mne7504,5,4,0
mne21333,4,8,0
mne48487,7,13,0
mne5505,4,12,0
mne18547,2,2,0
mne33212,10,16,0
mne30150,12,2,0
mne35438,10,10,0
mne40962,12,7,2
mne19709,3,2,0
mne196,7,2,0
mne16875,2,12,0
mne34331,5,8,0
mne33256,2,1,0
mne45863,3,28,0
mne18311,5,21,0
mne1122,10,2,0
mne730,6,15,0
mne46607,1,7,0
mne34370,5,11,0
mne32727,11,5,1
mne52104,7,5,0
mne23279,12,10,0
mne49147,10,4,0
mne29431,2,8,0
mne26762,2,6,0
mne18617,9,2,0
mne34492,11,3,0
mne36180,9,6,0
mne34489,10,4,0
mne4089,6,7,0
mne1392,9,1,0
mne45868,2,2,0
mne35449,8,3,0
mne1068,8,2,0
mne32730,1,3,0
mne52079,2,7,0
mne47837,1,5,0
mne472,7,1,0
mne41402,1,9,0
mne32079,7,4,0
mne42815,5,1,0
mne34347,5,17,0
mne34276,10,1,0
mne28629,8,5,0
mne12355,5,9,0
mne36027,3,35,0
mne35799,5,20,0
mne50652,1,18,0
mne15682,4,4,0
mne11512,11,11,0
mne33256,9,6,0
mne16302,9,6,0
mne2584,4,3,0
mne8758,9,4,0
mne34090,12,5,0
mne982,10,3,0
mne32822,7,4,0
mne18898,7,17,0
mne48472,5,13,0
mne3154,12,4,0
mne17625,7,14,0
mne26734,7,8,0
mne2505,7,6,0
mne35432,7,16,0
mne47766,2,14,0
mne34085,10,2,0
mne35664,4,4,0
mne12488,7,10,0
mne26779,6,4,0
mne10030,2,1,0
mne42827,3,18,0
mne17473,3,3,0
mne50644,2,4,0
mne45845,11,5,0
mne18546,6,7,0
mne33705,3,13,0
mne35422,7,9,0
mne19699,7,5,0
mne44149,5,34,0
mne1068,2,11,0
mne10776,7,2,0
mne34110,4,5,0
mne7947,12,11,0
mne15429,11,5,0
mne49065,10,4,0
mne32799,7,1,0
mne11306,1,2,0
mne44140,3,2,0
mne23183,10,3,0
mne33698,6,53,0
mne4326,8,2,0
mne33756,8,1,0
mne46588,11,14,0
mne50781,2,6,0
mne44060,4,10,0
mne6185,5,4,0
mne50781,4,4,0
mne34298,11,9,0
mne49100,1,6,0
mne727,3,13,0
mne46256,5,10,0
mne35449,5,17,1
mne24826,2,28,0
mne17120,9,8,0
mne1277,3,5,0
mne33233,5,4,0
mne35389,11,3,0
mne727,7,3,0
mne35458,7,13,0
mne51517,9,2,0
mne35803,1,9,0
mne11740,11,3,0
mne1068,12,4,0
mne34442,2,28,1
mne42285,11,7,0
mne47822,1,6,0
mne27873,1,10,0
mne45893,8,3,0
mne32206,2,7,0
mne2974,8,1,0
mne34189,7,36,0
mne15281,2,7,0
mne45897,3,7,0
mne40041,6,2,0
mne24622,1,6,0
mne11694,5,3,0
mne51515,4,6,0
mne45868,1,2,0
mne33732,7,19,0
mne2974,5,3,0
mne28663,11,4,0
mne33724,7,9,1
mne35471,3,24,4
mne34475,9,7,0
mne2892,6,4,0
mne33714,4,29,0
mne11740,7,3,0
mne32122,10,6,0
mne49093,1,12,0
mne49093,3,2,0
mne31446,11,5,0
mne50562,6,10,0
mne33256,5,6,0
mne34101,2,6,0
mne34543,2,13,0
mne27737,3,2,0
mne47822,7,13,0
mne47784,11,8,0
mne30221,6,82,0
mne1832,1,2,0
mne36181,1,13,0
mne34166,9,3,0
mne34299,7,11,0
mne503,3,5,0
mne2371,12,8,2
mne34290,7,17,2
mne47782,6,53,0
mne23136,3,5,0
mne2511,1,7,0
mne15927,2,3,0
mne4043,12,4,0
mne10659,5,2,0
mne472,11,7,0
mne28909,4,15,0
mne18040,6,69,1
mne34028,8,4,0
mne35394,5,21,0
mne46664,3,6,0
mne46607,10,4,0
mne7943,5,11,0
mne33216,4,10,0
mne15281,3,19,0
mne29474,12,12,0
mne26694,10,10,0
mne27768,9,2,0
mne23413,5,23,13
mne32129,9,5,0
mne19736,12,1,0
mne18185,6,39,1
mne34373,5,9,0
mne46586,1,7,0
mne2903,10,7,0
mne34460,12,11,1
mne33708,7,17,0
mne49841,10,2,0
mne30176,9,2,0
mne47788,9,8,0
mne33689,9,6,0
mne33210,7,13,0
mne33313,11,5,0
mne47802,4,18,0
mne35856,7,15,0
mne28603,5,16,0
mne2892,12,12,0
mne32133,10,3,0
mne34373,9,1,0
mne21387,7,7,0
mne16553,11,4,0
mne35437,7,8,0
mne10084,5,6,0
mne33311,6,31,0
mne42831,2,2,0
mne46626,5,8,0
mne236,11,2,0
mne35810,3,12,0
mne35806,6,13,0
mne18898,12,12,0
mne47822,12,4,0
mne34169,9,4,0
mne15013,2,23,1
mne52075,2,13,0
mne7033,7,5,0
mne27873,5,32,0
mne34371,8,2,0
mne11019,12,1,0
mne897,12,1,0
mne11207,9,2,0
mne51054,3,5,0
mne35394,11,6,0
mne15927,12,2,0
mne35625,9,17,0
mne51058,5,5,0
mne6428,8,1,0
mne3398,4,7,0
mne32840,5,2,0
mne42784,11,2,0
mne30222,10,1,0
mne3464,11,3,0
mne26783,11,4,0
mne3882,2,8,1
mne21328,4,6,0
mne3882,5,3,0
mne34329,4,17,0
mne35431,7,10,0
mne47766,7,4,0
mne11503,12,21,0
mne4173,11,4,0
mne34151,5,6,1
mne52080,11,1,0
mne1480,7,10,0
mne31427,6,70,0
mne4334,1,3,0
mne8900,9,7,0
mne34506,12,10,0
mne2923,6,1,0
mne17995,10,4,0
mne42285,10,4,0
mne16567,3,12,0
mne27789,11,6,0
mne49099,2,8,0
mne47866,4,11,0
mne40048,7,16,0
mne33194,1,10,0
mne8942,7,3,0
mne23430,5,16,0
mne46627,7,7,0
mne32904,11,9,0
mne32726,7,34,0
mne35810,2,9,0
mne15974,11,1,0
mne47823,5,1,0
mne29455,2,34,0
mne18625,8,2,0
mne3020,1,14,0
mne15683,5,5,0
mne34469,3,8,0
mne12355,11,3,0
mne34128,2,17,0
mne40143,5,29,0
mne31471,6,21,1
mne27701,9,1,0
mne28824,5,21,0
mne12631,5,9,0
mne11743,6,42,0
mne41316,5,8,0
mne29425,4,12,0
mne42822,4,12,0
mne19693,7,8,0
mne9748,3,15,0
mne3086,5,1,0
mne16553,7,1,0
mne17473,4,10,0
mne8317,8,3,0
mne2276,7,4,0
mne5657,2,14,0
mne41312,12,8,0
mne11182,4,1,0
mne30207,7,28,0
mne2573,4,9,0
mne33750,1,3,0
mne45819,9,12,0
mne730,4,25,1
mne52143,1,6,0
mne10797,3,12,0
mne42784,5,81,0
mne1826,5,23,0
mne1826,4,17,0
mne32810,1,23,0
mne17814,4,19,0
mne34087,4,11,1
mne33194,10,2,0
mne29444,2,4,0
mne19708,2,8,0
mne42818,9,1,0
mne18898,10,4,0
mne24824,8,1,0
mne18072,12,4,0
mne45340,6,24,0
mne35413,4,13,0
mne35457,11,3,0
mne31476,1,47,0
mne32107,2,8,0
mne18049,5,9,0
mne32056,9,4,0
mne32822,9,5,0
mne19709,1,12,0
mne6185,3,3,0
mne418,5,13,0
mne11748,1,8,0
mne47824,2,13,0
mne46619,9,3,0
mne43515,4,11,0
mne33724,2,10,0
mne34279,10,23,0
mne27705,10,2,0
mne30220,6,66,0
mne34171,8,11,0
mne50607,3,10,0
mne46608,7,18,0
mne11121,7,1,0
mne33679,5,35,0
mne4038,5,15,0
mne3189,10,8,0
mne2564,2,7,0
mne12006,9,2,0
mne35422,4,3,0
mne12790,4,1,0
mne16675,7,15,0
mne35802,4,6,0
mne42786,8,1,0
mne34171,12,9,0
mne51510,4,7,0
mne47780,4,31,0
mne35808,2,19,0
mne17319,11,5,0
mne33723,10,3,0
mne12318,11,15,0
mne32199,8,2,0
mne29445,4,4,0
mne35801,11,7,0
mne35834,11,12,0
mne50618,1,3,0
mne34161,4,10,0
mne32822,2,7,0
mne9795,4,1,0
mne19740,7,65,0
mne18898,4,10,0
mne18225,11,3,0
mne47775,7,2,0
mne34323,9,2,0
mne51532,1,10,0
mne31458,8,2,0
mne44067,1,3,0
mne32178,4,36,0
mne44109,9,13,0
mne11231,12,1,0
mne12316,1,11,0
mne35840,4,29,0
mne34475,8,2,0
mne35793,5,12,0
mne12199,5,1,0
mne30211,4,2,0
mne34109,1,4,0
mne10900,5,38,0
mne29393,8,1,0
mne34101,1,4,0
mne10851,10,1,0
mne34094,1,11,0
mne42784,1,8,0
mne8281,8,3,0
mne36186,9,10,0
mne52078,5,8,0
mne26762,7,16,0
mne34327,2,21,0
mne33208,1,19,0
mne33225,8,4,0
mne15974,4,9,0
mne6143,5,1,0
mne47824,7,13,0
mne36188,3,12,0
mne15867,6,25,0
mne32064,5,14,0
mne27764,3,23,0
mne31400,8,11,0
mne33756,10,6,0
mne16850,10,5,0
mne34480,11,12,0
mne11915,12,5,0
mne32849,1,3,0
mne12450,4,5,0
mne6255,4,8,0
mne12713,1,5,0
mne26748,10,17,0
mne8317,4,12,0
mne29440,7,20,0
mne34496,1,3,0
mne30127,5,12,0
mne15013,4,34,1
mne34124,9,2,0
mne45890,7,40,0
mne32170,2,4,0
mne47766,3,17,0
mne42793,1,9,0
mne4109,2,7,1
mne24681,2,5,0
mne2938,10,5,0
mne34331,9,10,0
mne46627,9,8,0
mne32775,7,4,0
mne12352,1,3,0
mne29440,8,2,0
mne16532,1,3,0
mne5680,6,2,0
mne3395,2,10,0
mne15784,1,2,0
mne34462,9,3,0
mne18433,5,11,0
mne23333,10,6,0
mne24773,4,9,0
mne47816,4,19,1
mne21406,2,2,0
mne29469,8,1,0
mne47885,10,3,0
mne34359,3,4,0
mne9261,7,18,0
mne2549,6,2,0
mne7528,7,13,0
mne51562,12,2,0
mne48471,4,6,1
mne51485,4,30,0
mne29496,7,102,0
mne34489,3,6,3
mne7049,6,5,0
mne18651,6,14,0
mne2108,6,28,0
mne47805,6,14,0
mne29391,8,5,0
mne45845,2,13,0
mne11122,6,8,0
mne34172,6,2,0
mne35428,12,3,0
mne34456,1,4,0
mne24699,7,3,0
mne42789,7,4,0
mne45875,7,30,0
mne1277,5,1,0
mne17814,3,13,0
mne43513,5,5,0
mne16306,10,4,0
mne46629,10,10,0
mne33205,4,14,0
mne50601,8,1,0
mne31482,6,42,0
mne35428,2,6,0
mne42285,1,15,0
mne41307,8,2,0
mne33722,9,1,0
mne51562,2,1,0
mne45864,6,96,1
mne43515,3,6,0
mne27705,12,11,0
mne15007,11,12,0
mne16922,7,17,0
mne34143,5,7,0
mne33262,3,9,0
mne46607,12,2,0
mne35421,8,2,1
mne1425,7,1,0
mne34163,7,36,0
mne42789,9,4,0
mne26778,2,4,0
mne42244,2,5,0
mne17897,3,12,0
mne31412,8,2,0
mne35475,7,17,0
mne3395,11,5,0
mne34298,7,28,0
mne10288,4,2,0
mne51054,12,5,0
mne31471,1,3,0
mne34348,7,24,0
mne34123,6,53,0
mne17237,4,7,0
mne35856,2,17,0
mne40036,6,32,0
mne34341,5,8,0
mne41302,3,21,0
mne36078,6,55,1
mne1480,11,1,0
mne34483,5,24,0
mne44061,10,3,0
mne16532,9,2,0
mne30221,4,20,0
mne34518,8,1,0
mne52091,12,8,0
mne35793,8,2,0
mne2386,1,3,0
mne29531,7,6,0
mne47766,8,4,0
mne8758,1,5,0
mne34373,8,4,0
mne17237,5,9,0
mne51582,7,3,0
mne31400,12,16,1
mne35782,12,32,0
mne34123,3,17,0
mne503,1,16,1
mne29465,7,16,0
mne35478,11,3,0
mne34390,3,72,0
mne33708,9,5,0
mne31489,10,4,0
mne49137,11,4,0
mne32792,9,2,0
mne27738,11,3,0
mne26777,8,3,0
mne11479,5,7,0
mne21406,1,1,0
mne35405,4,20,0
mne16902,3,9,0
mne21558,11,3,0
mne16306,12,5,0
mne42777,2,6,0
mne2587,3,2,0
mne11122,10,4,0
mne11915,8,10,0
mne12488,1,4,0
mne27705,3,10,0
mne6185,7,3,0
mne32748,1,3,0
mne51499,12,2,0
mne7392,6,3,0
mne36181,11,16,0
mne42871,7,8,0
mne607,7,2,0
mne9795,9,3,1
mne10047,6,110,0
mne16613,5,16,0
mne32849,5,19,0
mne51050,5,8,0
mne10998,4,4,0
mne32801,10,12,0
mne5627,4,3,0
mne45875,2,23,0
mne34169,8,2,0
mne35787,1,12,1
mne32822,6,14,0
mne47319,4,8,0
mne34353,4,3,0
mne6542,3,1,0
mne17363,6,64,0
mne16306,1,4,0
mne30127,7,5,0
mne34161,3,15,0
mne30140,1,34,4
mne32727,7,4,0
mne34171,3,33,0
mne1068,1,1,0
mne40962,11,7,3
mne10659,10,1,0
mne19688,4,8,0
mne10776,1,8,0
mne33766,5,13,0
mne45819,8,6,0
mne11663,7,1,0
mne34331,7,24,0
mne34159,10,11,0
mne7645,11,2,0
mne6614,3,1,0
mne23254,8,5,0
mne2389,5,4,0
mne29474,10,5,0
mne49147,12,6,0
mne35407,3,22,0
mne36181,8,6,0
mne47815,7,3,0
mne4404,2,5,0
mne34162,4,15,1
mne10144,12,1,0
mne46607,9,2,0
mne27727,7,1,0
mne16256,7,11,0
mne8217,2,9,0
mne27728,7,3,0
mne27728,6,8,0
mne959,8,1,0
mne6143,9,7,0
mne35664,12,5,0
mne33780,7,16,0
mne47824,10,1,0
mne32775,2,10,0
mne7049,12,3,0
mne11062,4,2,0
mne41312,2,2,0
mne27701,10,4,0
mne33198,8,1,0
mne2376,11,4,0
mne41287,6,109,0
mne7625,4,5,0
mne2000,5,5,0
mne34108,1,4,0
mne32857,10,2,0
mne44064,9,2,0
mne33233,3,1,0
mne18078,10,21,1
mne42832,9,6,0
mne29479,1,8,0
mne16652,11,1,0
mne45819,12,15,1
mne48730,12,6,0
mne2562,10,5,0
mne18433,4,13,0
mne11748,10,1,0
mne47834,6,30,0
mne47262,4,10,0
mne27707,8,3,0
mne16029,11,5,0
mne48488,3,4,0
mne264,7,3,0
mne33680,5,2,0
mne3882,12,6,0
mne23368,11,3,0
mne34171,6,42,1
mne34489,7,7,0
mne35823,3,53,0
mne48471,5,12,3
mne48481,8,1,0
mne31413,4,3,0
mne3376,10,5,0
mne15784,12,8,0
mne18625,2,9,0
mne12580,11,2,0
mne17787,9,1,0
mne41310,1,2,0
mne33733,8,3,0
mne7480,9,2,0
mne35856,9,4,0
mne33731,12,5,0
mne18209,6,18,0
mne7033,11,1,0
mne16856,4,1,0
mne29452,3,14,1
mne33206,10,4,0
mne33206,9,1,0
mne11748,5,14,0
mne8900,5,1,0
mne36029,1,9,0
mne2378,11,4,0
mne27701,11,2,0
mne34496,9,3,0
mne16515,5,12,0
mne46636,10,3,0
mne17402,8,10,0
mne10887,3,11,0
mne34163,3,1,0
mne34323,2,2,0
mne12199,12,1,0
mne47319,3,6,0
mne45930,1,8,0
mne28666,9,3,0
mne34261,10,16,0
mne14950,2,4,0
mne34491,2,24,1
mne32172,7,83,3
mne2483,9,4,0
mne47805,12,4,0
mne12040,10,9,0
mne41316,12,2,0
mne21405,8,1,0
mne47808,7,8,0
mne51529,1,10,0
mne11706,1,2,0
mne7517,4,3,0
mne47780,5,47,0
mne33206,1,1,0
mne18078,7,10,0
mne49112,1,7,1
mne35472,5,3,0
mne49134,10,22,0
mne49147,4,12,0
mne29466,6,1,0
mne33680,9,4,0
mne34370,10,4,0
mne48485,8,7,0
mne2511,5,6,0
mne31447,10,8,0
mne3154,10,2,0
mne30193,8,3,0
mne10675,2,46,1
mne46586,7,17,0
mne28661,10,5,0
mne35537,7,13,0
mne17274,6,1,0
mne5971,9,1,0
mne32728,5,25,0
mne42815,3,3,0
mne30213,2,13,0
mne48486,11,4,0
mne35413,10,2,0
mne33679,9,4,0
mne10566,3,2,0
mne35805,10,2,0
mne17787,6,6,0
mne31476,11,11,0
mne41365,10,21,0
mne34465,12,55,1
mne11306,11,1,0
mne2376,3,9,0
mne49052,4,13,0
mne33742,3,20,0
mne34326,9,12,0
mne30329,3,3,0
mne27728,4,1,0
mne1302,3,1,0
mne47764,1,1,0
mne51546,5,18,0
mne1192,6,1,0
mne28658,4,5,0
mne28909,1,2,0
mne8315,4,3,0
mne34282,10,3,0
mne3189,3,4,0
mne34282,11,1,0
mne977,2,2,0
mne36025,1,6,0
mne32173,10,5,0
mne26826,6,4,0
mne46632,3,11,0
mne25198,4,15,0
mne25198,3,8,0
mne2505,3,5,0
mne18049,4,5,0
mne30145,10,7,0
mne51054,1,7,0
mne32274,6,62,0
mne42790,7,6,0
mne5680,4,3,0
mne49051,3,4,0
mne34082,5,16,0
mne25075,3,21,0
mne7625,2,2,1
mne50738,1,1,0
mne44108,7,3,0
mne35390,7,3,0
mne34502,4,29,0
mne49051,2,5,0
mne34351,11,7,0
mne1480,6,8,0
mne33677,4,17,1
mne34173,12,15,0
mne17801,11,5,0
mne50606,7,2,0
mne15683,4,3,0
mne45822,9,3,0
mne1826,11,17,0
mne17274,8,4,0
mne16029,1,7,0
mne44119,9,2,0
mne28657,5,34,0
mne29531,3,20,0
mne2501,4,7,0
mne26733,1,8,0
mne16828,12,5,0
mne8107,2,1,0
mne29445,2,8,0
mne10547,7,12,0
mne44113,5,6,0
mne46613,4,10,0
mne42789,2,4,0
mne10823,11,6,0
mne5614,5,9,0
mne34535,4,18,1
mne34535,5,19,1
mne4326,10,1,0
mne47802,6,48,0
mne2562,1,6,0
mne11036,3,6,0
mne15942,5,7,0
mne5318,10,2,0
mne52100,4,16,1
mne52100,6,46,2
mne16302,5,8,0
mne2483,5,4,0
mne26777,12,4,0
mne42772,10,1,0
mne19709,5,1,0
mne51505,2,7,0
mne16226,2,3,0
mne3109,5,1,0
mne33712,6,155,0
mne17140,12,2,0
mne46254,3,11,1
mne33346,3,25,0
mne46587,7,6,0
mne33284,4,19,0
mne45864,2,40,0
mne46588,4,3,0
mne50563,3,11,0
mne47765,7,3,0
mne49056,2,6,0
mne26825,7,7,0
mne34145,9,7,0
mne8926,6,3,0
mne9190,1,2,0
mne15974,9,4,0
mne27739,12,5,0
mne47819,3,9,0
mne50633,2,7,0
mne45819,11,3,0
mne3398,2,2,0
mne1101,4,6,0
mne32115,3,14,0
mne51054,2,5,0
mne15683,11,3,0
mne47884,7,15,0
mne33748,4,14,0
mne52110,5,10,0
mne604,2,3,1
mne17120,6,111,0
mne35478,12,3,0
mne19771,2,6,0
mne35856,8,2,0
mne2574,9,1,0
mne29379,8,2,0
mne41367,7,7,0
mne32133,9,2,0
mne15683,2,4,0
mne3373,3,8,0
mne607,2,5,0
mne50154,6,35,0
mne10823,4,21,0
mne50257,11,2,0
mne45891,3,3,0
mne34082,11,1,0
mne5758,4,1,0
mne689,7,4,0
mne45820,11,6,0
mne27773,1,8,0
mne31457,9,1,0
mne19674,9,5,0
mne34082,10,1,0
mne16850,7,2,0
mne47833,3,6,0
mne2574,5,2,0
mne31450,2,14,0
mne49050,4,1,0
mne31411,7,14,0
mne7504,4,4,0
mne49962,4,10,1
mne26692,10,10,0
mne33220,3,5,0
mne12610,1,2,0
mne19687,7,6,0
mne35793,1,8,0
mne15369,10,5,0
mne35884,3,57,0
mne2695,6,1,0
mne92,11,5,0
mne48471,2,11,3
mne32231,8,2,0
mne16828,1,1,0
mne16828,11,2,0
mne11915,4,41,0
mne3835,1,1,0
mne11700,4,2,0
mne47885,1,1,0
mne47885,5,3,0
mne47815,3,1,0
mne2974,7,10,1
mne32116,6,71,0
mne48490,12,3,0
mne34513,6,67,0
mne50650,10,4,0
mne47805,3,7,0
mne30329,6,26,0
mne34390,10,19,1
mne34496,2,12,0
mne36029,11,1,0
mne34262,7,11,0
mne32755,1,2,0
mne33216,11,9,0
mne23310,3,4,0
mne49840,9,8,0
mne35421,9,9,0
mne34119,7,10,0
mne34178,8,1,0
mne7399,3,29,0
mne12426,7,2,0
mne30140,10,20,0
mne33765,4,17,0
mne36193,2,1,0
mne34520,5,8,0
mne11182,11,3,0
mne3189,2,6,0
mne18625,10,4,0
mne23430,1,3,0
mne15370,9,1,0
mne41287,4,57,0
mne2674,10,2,0
mne33214,7,4,2
mne24721,8,1,0
mne30329,5,9,0
mne18617,10,4,0
mne1041,4,2,0
mne31471,10,3,0
mne15465,3,2,0
mne17625,1,1,0
mne33732,4,1,0
mne1076,11,2,0
mne2974,9,3,0
mne21443,12,15,0
mne31407,12,8,0
mne2371,8,3,0
mne52110,4,8,0
mne18257,5,8,0
mne44143,4,12,0
mne92,10,2,0
mne23279,7,6,0
mne47775,5,12,0
mne34140,10,7,0
mne45892,11,1,0
mne35394,10,9,0
mne49100,7,5,0
mne26645,9,2,0
mne433,2,1,0
mne32174,5,15,0
mne34313,4,3,0
mne1336,6,14,0
mne50619,1,8,0
mne46601,1,5,0
mne7644,12,6,0
mne28682,12,28,0
mne4038,10,4,0
mne32174,6,23,0
mne51055,7,3,0
mne16820,6,4,0
mne49099,1,11,1
mne5675,3,8,0
mne5627,12,2,0
mne34373,12,5,0
mne4338,4,12,0
mne1025,10,8,0
mne2562,3,15,0
mne50628,7,15,0
mne34485,12,24,0
mne34485,3,28,0
mne31482,5,22,0
mne32171,9,2,0
mne34485,11,6,0
mne12610,2,6,0
mne605,9,1,0
mne9977,11,1,0
mne28659,2,3,0
mne46588,8,3,0
mne33822,4,6,0
mne17458,10,2,0
mne32204,1,12,0
mne8203,8,1,0
mne28702,1,2,0
mne1022,3,7,0
mne49133,7,15,0
mne2537,3,12,1
mne15281,11,6,0
mne11740,1,22,0
mne8726,7,6,0
mne51529,12,5,0
mne31385,3,16,0
mne42828,2,13,0
mne30224,11,7,0
mne12414,2,2,0
mne4297,3,4,0
mne44067,6,9,0
mne42244,12,4,0
mne47765,5,3,0
mne18625,4,9,0
mne52102,6,7,0
mne45892,12,3,0
mne50606,2,5,0
mne23297,7,5,0
mne3913,4,1,0
mne32222,3,26,1
mne33224,7,8,0
mne34546,7,10,0
mne19674,2,7,0
mne34459,5,5,0
mne16553,2,1,0
mne42818,3,6,0
mne2501,6,11,0
mne11915,3,2,0
mne47242,3,8,0
mne47803,4,2,0
mne12588,4,10,0
mne17410,6,1,0
mne44151,5,7,0
mne28658,5,8,0
mne35453,7,39,0
mne453,4,11,0
mne15658,7,12,0
mne7943,1,3,0
mne3398,6,16,0
mne47768,7,18,1
mne34085,4,4,0
mne34327,3,16,0
mne34455,2,19,0
mne36188,12,10,0
mne49078,2,1,0
mne47766,4,18,0
mne45892,4,13,0
mne24825,1,14,0
mne34331,4,13,0
mne52110,12,7,0
mne34082,3,10,0
mne1101,5,5,0
mne12805,4,44,0
mne23408,2,31,0
mne15927,5,13,0
mne21334,10,2,0
mne23408,7,51,0
mne33313,4,21,0
mne45863,4,16,0
mne32161,12,28,0
mne44149,6,55,0
mne2389,7,12,0
mne18898,2,10,0
mne27707,10,2,0
mne34485,7,42,0
mne47812,2,3,0
mne27707,9,7,0
mne2637,6,5,0
mne47775,10,5,0
mne49052,10,5,0
mne49133,11,2,0
mne42790,3,2,0
mne40030,3,3,0
mne19691,4,9,0
mne18623,9,4,0
mne3644,6,56,0
mne31487,2,3,0
mne8108,3,3,0
mne44150,6,10,0
mne42822,1,12,0
mne35441,1,22,0
mne16553,12,5,0
mne34467,1,6,0
mne42822,7,9,0
mne3112,6,35,0
mne26694,9,9,0
mne727,6,1,0
mne47866,10,6,0
mne35463,6,4,0
mne34301,3,20,1
mne11748,9,1,0
mne24746,9,4,0
mne35456,6,18,0
mne17237,10,3,0
mne21791,1,16,0
mne40143,6,164,3
mne11231,7,1,0
mne42778,2,1,0
mne47885,6,6,0
mne33762,9,6,0
mne6159,7,12,0
mne31373,8,3,0
mne52169,2,11,0
mne42896,7,8,0
mne10279,7,4,0
mne34099,11,13,0
mne35856,11,7,0
mne41313,7,4,0
mne26738,5,23,0
mne24737,4,5,0
mne34302,8,2,0
mne49105,9,4,0
mne35810,5,14,0
mne35810,8,3,0
mne30221,12,4,0
mne47822,2,8,0
mne730,1,5,0
mne10900,2,21,0
mne29476,3,8,0
mne12414,3,5,0
mne196,6,7,0
mne26748,12,23,0
mne30150,6,5,0
mne11067,4,8,0
mne36178,9,4,0
mne34469,11,6,0
mne19677,9,8,1
mne17145,5,49,0
mne44061,1,10,0
mne11738,4,34,0
mne26645,2,3,1
mne1828,9,2,0
mne35431,12,3,0
mne32725,6,55,0
mne42778,7,13,0
mne44067,10,1,0
mne35408,1,8,0
mne7645,6,6,0
mne26765,6,28,0
mne30220,7,16,0
mne11060,10,5,0
mne12488,4,2,0
mne31428,8,1,0
mne34301,7,12,0
mne16302,10,5,0
mne32198,6,43,0
mne17073,8,1,0
mne36025,10,1,0
mne45844,5,12,0
mne34088,4,7,0
mne30140,8,15,0
mne35830,4,2,0
mne34351,4,23,0
mne5614,6,24,0
mne32242,6,17,0
mne12365,11,2,0
mne32755,4,36,0
mne15275,6,25,0
mne49962,12,5,0
mne32798,7,6,0
mne32772,12,4,0
mne47319,5,10,0
mne42790,6,23,0
mne34520,9,1,0
mne35428,6,15,0
mne47819,6,20,0
mne28657,2,2,0
mne10776,5,15,0
mne15744,7,32,0
mne17904,1,2,0
mne45833,6,90,1
mne1932,6,2,0
mne6513,1,1,0
mne47798,1,3,0
mne51055,5,9,0
mne47823,7,13,0
mne45910,3,21,0
mne33712,8,25,0
mne730,8,2,0
mne10776,9,2,0
mne6614,2,3,0
mne34478,10,3,0
mne50607,5,4,0
mne34491,10,30,3
mne32198,5,24,0
mne2940,9,8,0
mne8405,11,1,0
mne35449,9,2,0
mne15275,10,4,0
mne18617,8,1,0
mne33197,4,4,0
mne41312,7,1,0
mne2562,12,7,0
mne9977,9,3,0
mne31478,6,65,0
mne35447,6,13,0
mne34145,1,10,1
mne5678,7,6,0
mne31412,7,3,0
mne31367,4,5,0
mne32772,1,1,0
mne33313,12,26,0
mne27873,8,4,0
mne5657,1,4,0
mne44140,4,8,0
mne5971,5,3,0
mne4326,11,4,0
mne50738,5,2,0
mne29531,8,2,0
mne46607,7,10,0
mne34295,3,20,0
mne494,9,1,0
mne33211,7,2,0
mne7947,1,3,0
mne49099,3,12,0
mne2637,4,2,0
mne31367,10,6,0
mne45823,11,2,0
mne40037,11,1,0
mne32094,7,26,0
mne30216,1,2,0
mne24773,10,2,0
mne34154,5,23,0
mne47775,1,5,0
mne28657,9,6,0
mne11182,9,1,0
mne47764,3,1,0
mne36169,7,11,1
mne40760,4,3,0
mne44119,8,2,0
mne32094,3,20,0
mne1341,5,8,0
mne47833,1,7,0
mne6529,8,2,0
mne10156,10,5,0
mne34380,6,111,1
mne17897,12,9,0
mne11697,11,2,0
mne35428,7,11,0
mne52110,6,24,0
mne32056,7,3,0
mne52080,4,4,0
mne32771,5,26,0
mne11745,4,2,0
mne35431,4,9,0
mne11106,11,1,0
mne30153,6,6,1
mne18209,12,1,0
mne10288,5,6,0
mne32737,9,4,0
mne2582,12,2,0
mne30222,5,7,0
mne34465,11,22,0
mne27739,3,26,0
mne42789,6,16,0
mne52080,1,1,1
mne18625,5,26,0
mne15648,11,2,1
mne44113,11,1,0
mne2584,10,3,0
mne36180,10,6,0
mne21382,2,15,0
mne43515,7,8,0
mne50622,5,4,0
mne2000,4,1,0
mne32794,6,135,11
mne12177,11,24,0
mne680,3,10,0
mne49105,1,6,0
mne10962,5,4,0
mne6568,2,3,0
mne16850,9,3,0
mne11915,5,22,0
mne16560,7,20,0
mne23297,4,14,0
mne42894,10,1,0
mne34133,9,4,0
mne50564,5,6,0
mne12506,6,66,12
mne17458,2,2,0
mne33212,8,1,0
mne40021,6,22,0
mne18311,7,12,0
mne7553,6,2,0
mne35390,3,2,0
mne21318,5,34,0
mne18433,11,4,0
mne17386,4,7,0
mne882,5,5,1
mne11802,10,1,0
mne32779,5,19,0
mne50638,7,6,0
mne17904,6,3,0
mne34302,9,3,0
mne11019,7,4,0
mne32085,5,2,0
mne42828,5,35,0
mne5783,8,3,0
mne16691,6,11,0
mne49042,11,1,0
mne32904,2,16,2
mne8461,3,12,0
mne50739,7,1,0
mne32775,1,4,0
mne10659,1,2,0
mne1341,1,6,0
mne30140,5,67,6
mne16856,2,4,0
mne34462,5,13,0
mne18628,12,17,0
mne32069,12,20,0
mne30213,7,7,0
mne17818,10,5,0
mne32222,6,95,0
mne47843,7,43,2
mne47907,7,8,0
mne42832,2,12,0
mne34366,3,8,0
mne34339,10,1,0
mne42871,6,69,0
mne31543,10,5,0
mne34097,5,19,0
mne35451,1,15,1
mne47889,4,2,0
mne18346,7,1,0
mne33285,5,2,0
mne49105,7,9,0
mne28666,7,6,0
mne10798,6,29,0
mne30101,4,28,0
mne47841,6,8,0
mne42772,12,7,0
mne31470,9,2,0
mne33282,2,4,0
mne1336,5,4,0
mne34462,2,13,0
mne32071,4,39,0
mne12318,8,5,0
mne6304,4,4,0
mne48507,3,25,1
mne24819,5,13,0
mne34482,3,57,0
mne12355,3,3,0
mne16256,4,6,0
mne17473,6,44,0
mne33262,7,18,0
mne16256,11,5,0
mne52091,9,2,0
mne49065,1,3,0
mne1302,1,1,0
mne7435,11,1,0
mne34336,8,4,1
mne418,7,7,0
mne11407,7,1,0
mne48730,7,5,0
mne36025,4,3,0
mne12450,3,4,0
mne882,1,1,0
mne50601,7,6,0
mne6304,2,2,0
mne17458,8,1,0
mne34171,11,12,0
mne34366,10,1,0
mne3844,7,3,0
mne982,9,2,0
mne12510,3,1,0
mne604,1,5,0
mne137,3,2,0
mne6735,7,28,0
mne34335,4,35,0
mne35408,7,1,0
mne16036,7,1,0
mne10823,7,4,0
mne29385,10,5,0
mne23294,7,5,0
mne29390,11,2,0
mne28702,4,2,0
mne27765,1,5,0
mne47788,7,15,0
mne12470,7,41,0
mne33384,6,7,0
mne2896,2,5,0
mne44119,12,2,0
mne10288,1,1,0
mne730,7,5,0
mne10288,12,1,0
mne11062,7,1,0
mne27708,7,2,0
mne17379,9,5,0
mne47840,10,9,0
mne48486,7,4,0
mne32115,11,6,0
mne45892,1,4,0
mne34323,7,9,0
mne35808,9,7,0
mne47843,5,24,0
mne270,7,4,0
mne34082,7,10,0
mne51051,6,13,0
mne6529,9,1,0
mne35475,11,3,0
mne32848,8,11,1
mne52074,11,2,0
mne47887,7,10,1
mne472,4,1,0
mne196,11,4,0
mne32789,5,5,0
mne42772,9,1,0
mne42772,8,2,0
mne35812,1,5,0
mne9251,12,2,0
mne970,12,1,0
mne46585,7,12,0
mne32904,7,7,0
mne10798,7,4,0
mne44061,2,11,0
mne433,4,3,0
mne43513,3,4,0
mne17073,7,9,0
mne28663,4,2,0
mne33731,7,9,0
mne47781,7,5,0
mne47422,8,1,0
mne52079,5,1,0
mne32064,8,6,0
mne47780,2,11,0
mne45864,1,23,2
mne18589,11,1,0
mne29497,9,2,0
mne44061,9,4,0
mne33220,12,3,0
mne50599,6,4,0
mne33683,10,1,0
mne5318,4,1,0
mne33384,5,3,0
mne7943,10,2,0
mne29384,12,11,0
mne34370,4,14,0
mne5680,12,1,0
mne29420,2,14,0
mne47824,1,5,0
mne34455,5,24,0
mne45822,5,12,0
mne10154,12,1,0
mne41364,9,6,0
mne33236,7,12,0
mne41316,3,10,0
mne28697,7,5,0
mne7033,1,4,0
mne29469,1,1,0
mne34468,9,4,0
mne51528,7,1,0
mne33216,12,3,0
mne40962,2,13,1
mne1302,11,2,0
mne32173,7,20,0
mne35471,8,1,1
mne27735,6,3,0
mne982,1,1,0
mne34359,2,2,0
mne48470,11,1,0
mne48470,10,1,0
mne18473,12,2,0
mne32801,9,3,0
mne34502,10,5,0
mne34537,10,40,0
mne30145,9,1,0
mne31487,9,1,0
mne33252,3,8,0
mne32094,4,15,0
mne50564,9,3,0
mne34079,6,52,0
mne17140,2,4,0
mne48486,5,3,0
mne7947,2,1,0
mne2501,9,3,0
mne44067,5,12,0
mne34100,8,1,0
mne33216,1,3,0
mne30213,10,4,0
mne40030,4,10,0
mne44067,4,4,0
mne50605,12,6,0
mne17801,7,10,0
mne35793,12,4,0
mne44067,7,2,0
mne47822,10,4,0
mne35430,9,5,0
mne44067,11,2,0
mne42871,5,16,0
mne34088,9,1,0
mne5588,6,1,0
mne8926,4,5,0
mne44067,9,1,0
mne10659,11,2,0
mne35843,6,17,0
mne34524,12,12,0
mne41343,2,19,0
mne51582,2,2,0
mne17340,2,2,0
mne34442,11,24,0
mne34283,11,3,0
mne33731,2,5,0
mne28752,7,2,0
mne49050,6,7,0
mne33281,10,9,0
mne26778,11,2,0
mne4334,3,2,0
mne2389,6,13,0
mne7943,2,9,0
mne18520,10,7,0
mne16036,3,10,0
mne33708,12,2,0
mne34492,3,5,0
mne46622,5,11,0
mne537,9,2,0
mne35812,4,6,1
mne10489,6,111,0
mne10798,3,16,0
mne32172,10,3,0
mne34097,12,19,0
mne19692,8,2,0
mne34097,1,33,1
mne47775,4,11,0
mne1770,7,6,0
mne45863,5,13,0
mne48471,11,4,0
mne34083,1,12,0
mne40037,4,6,0
mne42832,6,67,0
mne7645,3,2,0
mne17960,3,2,0
mne6185,6,7,0
mne35794,8,1,0
mne21387,10,1,0
mne10738,1,2,0
mne27768,12,7,0
mne44119,3,2,0
mne47798,2,1,0
mne33702,12,24,0
mne11122,2,8,0
mne1051,7,1,0
mne26692,2,12,0
mne15242,8,2,0
mne10797,5,14,0
mne18599,2,5,0
mne504,3,14,0
mne35403,3,15,0
mne34090,6,82,0
mne28682,10,4,0
mne2505,9,1,0
mne18257,11,1,0
mne35810,12,15,0
mne24821,9,1,0
mne51607,1,6,0
mne11675,10,2,0
mne34554,8,2,0
mne41364,10,1,0
mne1480,12,1,0
mne30216,7,3,0
mne9078,1,1,0
mne12610,7,6,0
mne35537,9,3,0
mne3007,4,4,0
mne17386,8,1,0
mne47866,5,11,0
mne867,4,4,0
mne32737,8,3,0
mne7480,2,2,0
mne35449,7,5,0
mne3395,9,1,0
mne45851,11,8,0
mne41287,7,60,0
mne11915,11,8,0
mne11809,10,1,0
mne35394,9,2,0
mne47866,11,3,0
mne15370,8,2,0
mne31411,9,1,0
mne52086,6,2,0
mne16813,5,5,0
mne11396,3,14,0
mne26745,3,2,0
mne26742,5,2,0
mne47778,4,2,0
mne12580,4,1,0
mne17904,2,2,0
mne35797,10,2,0
mne503,9,13,0
mne18495,6,2,0
mne34300,9,5,0
mne18514,10,2,0
mne30213,6,2,1
mne34459,3,8,1
mne41367,10,4,0
mne35855,7,27,0
mne34283,10,10,0
mne6255,2,1,0
mne10154,5,1,0
mne26713,8,1,0
mne52091,11,5,0
mne34518,5,27,0
mne2501,3,12,0
mne12006,1,2,0
mne35467,11,28,0
mne35414,5,19,0
mne32181,8,5,1
mne24730,5,13,1
mne6542,12,1,0
mne604,12,3,0
mne47843,6,53,1
mne18830,10,20,0
mne33206,7,3,0
mne24625,6,9,0
mne31373,11,8,0
mne32806,6,109,0
mne44067,2,3,0
mne3844,8,2,0
mne33275,12,1,0
mne42782,1,2,0
mne43433,1,14,0
mne48490,2,2,0
mne31474,4,21,0
mne30211,1,4,0
mne7645,12,2,0
mne44106,4,21,0
mne34366,11,1,0
mne680,7,6,0
mne49858,1,2,0
mne42896,6,72,0
mne32793,4,18,2
mne7399,1,9,0
mne31443,10,5,0
mne32783,8,2,0
mne3747,2,1,0
mne33285,12,2,0
mne10675,12,26,0
mne35419,10,3,0
mne3409,3,3,0
mne34380,10,16,1
mne34554,2,7,1
mne35434,1,8,0
mne35842,1,29,0
mne35437,11,3,0
mne32797,3,12,0
mne387,3,2,0
mne33819,4,16,0
mne29495,4,6,0
mne51499,6,8,0
mne17386,2,1,0
mne29456,6,107,6
mne32064,7,9,0
mne42789,4,10,0
mne35463,3,1,0
mne36188,11,5,0
mne15022,1,7,0
mne24769,10,6,0
mne7644,4,5,0
mne28824,1,7,0
mne504,1,3,0
mne21334,7,3,0
mne34537,5,118,1
mne1277,6,3,0
mne2501,7,5,0
mne7517,3,1,0
mne50627,5,9,0
mne5764,6,21,0
mne45863,6,52,0
mne35435,6,43,1
mne35419,3,4,0
mne10068,4,12,0
mne10734,5,6,0
mne18546,1,4,0
mne35454,6,1,0
mne10593,3,3,0
mne17944,7,9,0
mne35389,12,2,0
mne26660,7,1,0
mne30221,7,67,0
mne47784,5,8,0
mne42822,10,2,0
mne3007,1,4,0
mne15465,2,2,0
mne21381,9,1,0
mne10084,4,5,0
mne42771,5,4,0
mne34092,3,4,0
mne2587,10,5,0
mne34359,1,2,0
mne19708,5,4,0
mne31476,7,26,0
mne35451,12,17,1
mne17237,7,5,0
mne26660,9,1,0
mne2575,7,12,0
mne7943,8,1,1
mne2506,9,3,0
mne33197,9,2,0
mne47887,9,2,0
mne32094,6,90,0
mne7947,7,4,0
mne34506,8,1,0
mne49841,1,7,0
mne30140,4,41,4
mne11207,11,4,0
mne16828,5,2,0
mne34280,6,149,2
mne35782,2,4,0
mne32793,6,71,5
mne23294,11,6,0
mne25198,6,44,0
mne8900,4,6,0
mne27741,9,3,0
mne24820,11,4,0
mne49080,7,30,0
mne34333,12,9,0
mne34333,2,1,0
mne31474,12,26,0
mne12275,3,25,0
mne32741,6,84,0
mne33687,3,4,0
mne35405,10,11,0
mne31482,11,10,0
mne28658,7,4,0
mne33698,7,18,0
mne42244,7,4,0
mne10675,7,57,0
mne18617,7,1,0
mne4326,12,1,0
mne47889,7,1,0
mne33708,8,2,0
mne15619,12,6,0
mne34331,8,1,0
mne16532,10,7,0
mne16532,12,7,0
mne51544,1,4,0
mne10156,7,2,0
mne34159,2,14,0
mne42786,3,5,0
mne34465,7,54,0
mne1341,2,6,0
mne41310,3,3,0
mne47814,11,6,0
mne7480,7,1,0
mne32750,1,12,0
mne52076,2,2,0
mne34089,6,30,0
mne26731,2,3,0
mne15516,7,5,0
mne17897,9,5,0
mne29456,7,5,0
mne28680,4,1,0
mne6304,7,2,0
mne18049,7,2,0
mne28679,3,13,0
mne35434,7,9,1
mne34323,5,6,0
mne11745,7,4,0
mne15465,5,3,0
mne33748,7,16,0
mne48490,7,4,0
mne42782,9,3,0
mne34517,7,13,0
mne433,7,1,0
mne17145,10,31,0
mne3403,7,2,0
mne47784,1,8,0
mne2389,2,1,0
mne45897,4,6,0
mne29497,11,5,0
mne1137,11,2,0
mne30103,6,90,0
mne29387,2,7,0
mne45829,6,7,0
mne11637,2,4,0
mne48488,4,4,0
mne32200,9,4,0
mne31450,9,4,0
mne33313,1,4,0
mne35793,10,1,0
mne50564,10,2,0
mne50606,4,5,0
mne10998,11,1,0
mne5758,9,1,0
mne34261,8,6,0
mne727,8,1,0
mne882,7,1,0
mne3007,3,1,0
mne7404,5,13,0
mne46640,9,2,0
mne16345,5,4,0
mne31474,3,35,1
mne23451,1,13,0
mne2549,3,1,0
mne34283,6,102,1
mne30211,10,1,0
mne2695,2,4,0
mne35446,5,23,0
mne17802,4,7,0
mne34459,7,7,0
mne4453,4,1,0
mne11675,6,32,3
mne49858,5,2,0
mne25301,11,5,0
mne5673,3,2,0
mne32172,12,14,0
mne29369,11,2,0
mne51544,8,2,0
mne26807,3,1,0
mne35438,11,5,0
mne10887,1,2,0
mne32810,3,24,0
mne1480,3,2,0
mne29391,10,8,0
mne49133,5,55,0
mne33698,4,14,0
mne16902,11,2,0
mne32244,2,7,0
mne35799,12,14,0
mne34085,11,1,0
mne34114,6,64,0
mne35842,3,40,3
mne11724,8,2,0
mne32079,8,2,0
mne49954,10,4,0
mne12506,10,16,3
mne34132,6,3,0
mne34092,10,8,0
mne33679,10,5,0
mne34473,5,18,0
mne34335,10,9,0
mne3364,11,1,0
mne34159,9,1,0
mne31413,2,1,0
mne45862,4,19,0
mne3344,6,24,0
mne19784,7,1,0
mne50605,5,3,0
mne34380,5,42,1
mne12713,3,1,0
mne19797,6,1,0
mne50703,4,3,0
mne10812,6,1,0
mne859,8,4,0
mne34279,12,14,0
mne46362,12,2,0
mne51488,5,11,0
mne19689,2,25,1
mne47867,7,3,0
mne32127,5,24,0
mne34517,3,23,0
mne3154,3,6,0
mne7644,11,2,0
mne2913,6,18,1
mne30250,6,44,0
mne10998,2,9,0
mne45861,1,1,0
mne34546,4,20,0
mne35823,6,128,0
mne35823,5,72,0
mne50601,4,2,0
mne10962,1,1,0
mne6542,6,3,0
mne46582,4,1,0
mne19789,8,8,1
mne23430,4,6,0
mne49858,4,3,0
mne11106,3,5,0
mne51582,6,7,0
mne15007,3,29,0
mne30131,5,34,0
mne31443,6,19,0
mne35416,12,1,0
mne42771,1,3,0
mne44182,6,42,0
mne10043,7,3,0
mne18257,1,1,0
mne33733,7,13,0
mne46587,10,3,0
mne34154,10,16,0
mne28679,5,28,2
mne33221,8,2,0
mne34513,10,3,0
mne27873,10,6,0
mne26660,10,1,0
mne33755,9,2,0
mne2460,4,3,0
mne23295,4,6,0
mne27705,11,6,0
mne35833,11,7,0
mne35833,12,9,0
mne5673,4,1,0
mne49051,4,4,0
mne19802,4,8,0
mne28677,5,5,0
mne5988,10,12,0
mne11743,5,18,0
mne2386,12,3,0
mne50625,4,2,0
mne50625,5,4,0
mne24737,8,4,1
mne32755,7,23,0
mne27751,10,10,0
mne6060,6,4,0
mne2506,1,6,0
mne26748,6,110,0
mne23299,4,14,0
mne34090,7,19,0
mne3300,5,2,0
mne17386,3,5,0
mne888,6,19,0
mne11630,7,1,0
mne18185,12,3,0
mne35664,5,17,0
mne45827,11,1,0
mne49133,12,23,0
mne15927,9,3,0
mne1870,4,1,0
mne15013,1,34,0
mne17960,7,2,0
mne30203,4,7,0
mne49112,9,7,0
mne51607,6,59,0
mne21791,12,19,0
mne47824,9,2,0
mne28658,12,7,0
mne33722,10,2,0
mne47820,12,3,0
mne11306,7,1,0
mne35812,12,12,0
mne46626,11,1,0
mne51515,5,6,0
mne10823,1,6,0
mne24680,7,2,0
mne27738,9,1,0
mne47263,12,13,0
mne18618,12,1,0
mne28695,12,11,0
mne30192,7,1,0
mne41367,8,4,0
mne11915,10,11,0
mne41310,4,2,0
mne44386,5,26,0
mne16868,4,10,1
mne51485,7,15,0
mne44100,4,14,0
mne42828,12,16,1
mne28583,2,9,0
mne34491,5,18,1
mne7110,4,1,0
mne50599,1,2,0
mne32080,10,3,0
mne7528,10,1,0
mne19740,11,16,0
mne16691,2,1,0
mne40049,2,5,0
mne47811,6,48,0
mne50633,1,2,0
mne6568,5,2,0
mne35431,5,3,0
mne47885,12,1,0
mne236,7,2,0
mne1770,6,34,0
mne10288,10,1,0
mne7033,2,6,0
mne27751,8,3,0
mne18830,6,59,0
mne32774,2,6,0
mne7517,10,3,1
mne805,1,12,0
mne10887,7,3,0
mne15275,11,1,0
mne44182,2,7,0
mne23451,6,159,0
mne2501,8,5,0
mne33226,4,3,0
mne11671,9,2,0
mne19760,4,19,1
mne35461,3,66,0
mne32806,5,97,0
mne36188,4,12,0
mne50627,4,5,0
mne46362,1,6,0
mne15683,12,1,0
mne30203,6,36,0
mne32109,7,89,1
mne17982,7,1,0
mne26645,4,8,0
mne2584,5,3,0
mne28627,7,5,0
mne45844,7,21,0
mne31482,4,2,0
mne47263,4,9,0
mne33214,10,3,0
mne47824,11,4,0
mne29445,8,2,0
mne49840,4,4,0
mne34505,4,9,0
mne35797,12,32,0
mne34324,7,2,0
mne18346,3,1,0
mne29431,5,34,0
mne49081,6,17,0
mne24818,5,45,0
mne27789,7,2,0
mne23310,11,6,0
mne32822,10,3,0
mne2584,7,5,0
mne34366,6,14,0
mne34518,10,3,0
mne35449,10,5,1
mne3336,5,16,0
mne35463,10,7,0
mne45822,12,6,0
mne47791,4,1,0
mne50638,2,7,0
mne7552,7,8,0
mne45848,7,13,0
mne42244,4,9,0
mne5764,7,6,0
mne47778,9,2,0
mne35407,9,5,0
mne17995,5,5,0
mne26645,7,7,1
mne34143,6,19,1
mne32172,4,22,0
mne35625,8,6,0
mne9414,6,6,0
mne11905,1,1,0
mne32840,10,1,0
mne34298,12,21,0
mne30203,5,12,0
mne26748,5,54,1
mne49133,9,3,0
mne196,12,6,0
mne24680,6,2,0
mne32726,3,8,0
mne50625,6,11,0
mne31447,12,7,0
mne2389,4,2,0
mne34301,4,15,0
mne35793,11,1,0
mne2389,12,2,0
mne47795,2,2,0
mne34287,5,12,0
mne34533,3,12,0
mne18072,3,1,0
mne49093,8,2,0
mne46611,7,7,0
mne10948,12,4,0
mne51529,9,1,0
mne49065,2,3,0
mne18256,3,5,0
mne10023,2,4,0
mne2378,10,1,0
mne1101,6,5,0
mne18510,7,1,0
mne33731,11,2,0
mne34459,4,4,0
mne35428,5,5,1
mne3109,9,1,0
mne49078,7,16,0
mne30150,9,1,0
mne3224,10,16,0
mne42827,11,3,0
mne34279,3,13,0
mne35626,4,11,0
mne29420,6,70,0
mne9251,5,1,0
mne47824,3,36,0
mne15022,6,40,0
mne3258,6,22,0
mne34469,8,1,0
mne30103,1,9,0
mne41369,3,6,0
mne47818,8,4,0
mne17145,11,17,0
mne16652,8,1,0
mne50638,4,8,0
mne26784,6,62,2
mne26784,2,9,0
mne16852,7,37,0
mne32741,7,25,0
mne32732,1,5,0
mne10043,5,4,0
mne35785,5,8,0
mne2573,5,3,0
mne18620,8,5,0
mne44141,5,31,0
mne47811,3,9,0
mne23370,9,2,0
mne166,10,2,0
mne11588,5,6,0
mne41308,5,2,0
mne42771,12,2,0
mne24825,11,4,0
mne50738,3,10,0
mne2506,12,1,0
mne47790,12,9,3
mne19811,7,1,0
mne3376,2,5,0
mne6428,2,2,0
mne11207,12,3,0
mne11073,6,1,0
mne32825,7,16,0
mne49051,12,6,0
mne970,8,2,0
mne10954,5,4,0
mne52103,6,9,0
mne10489,2,29,0
mne44112,6,22,0
mne2108,1,5,0
mne16515,2,6,0
mne26734,8,1,0
mne45897,12,6,0
mne29496,5,12,0
mne2427,11,3,0
mne15281,8,4,0
mne50650,7,6,0
mne11194,2,5,0
mne35840,10,3,0
mne32173,4,33,0
mne10154,3,2,0
mne2501,10,7,0
mne11019,10,2,0
mne47835,4,3,0
mne36189,1,2,0
mne7049,7,2,0
mne35462,7,10,0
mne42785,8,2,0
mne47263,5,4,0
mne34110,6,2,0
mne42785,9,4,0
mne33748,6,27,0
mne33755,8,2,0
mne9642,9,1,0
mne36029,8,1,0
mne12354,4,13,0
mne12354,2,8,0
mne34347,12,12,0
mne16820,5,1,1
mne18296,6,14,0
mne31476,3,45,0
mne35840,6,49,3
mne6159,6,12,0
mne32107,8,1,0
mne35838,8,5,0
mne33714,2,4,0
mne12450,6,7,0
mne41306,1,2,0
mne604,10,3,0
mne18146,6,26,0
mne27751,7,2,0
mne34543,9,2,0
mne46601,4,18,2
mne26864,5,22,0
mne47779,12,19,0
mne17814,9,4,0
mne867,2,1,0
mne47764,10,3,0
mne52110,2,10,0
mne33679,1,17,0
mne18049,2,2,0
mne24684,4,50,0
mne18281,3,27,0
mne32052,8,1,0
mne29486,12,5,0
mne32101,8,2,0
mne34346,4,10,0
mne1366,7,4,0
mne32810,2,16,0
mne867,12,6,0
mne34283,7,50,1
mne2483,11,3,0
mne48485,6,5,0
mne26660,2,3,0
mne784,12,1,0
mne35472,2,2,0
mne18209,3,1,0
mne26712,3,3,0
mne982,7,2,0
mne34283,5,32,0
mne1480,4,2,0
mne34465,4,60,0
mne2433,3,2,0
mne32798,8,1,0
mne25198,7,69,1
mne35413,9,3,0
mne47767,8,2,0
mne11407,4,4,0
mne18473,9,2,0
mne23408,5,36,0
mne35390,11,3,0
mne7504,3,4,0
mne10068,1,45,0
mne32798,3,6,0
mne34380,7,60,1
mne32179,5,17,2
mne32732,8,1,0
mne40049,4,1,0
mne2587,9,1,0
mne17116,12,3,0
mne46625,12,4,0
mne33211,12,7,0
mne49840,12,5,0
mne2573,7,1,0
mne7040,6,14,0
mne11479,2,1,0
mne10797,7,42,0
mne31397,9,7,0
mne34390,11,11,0
mne26873,3,38,0
mne17379,10,1,0
mne17379,8,3,0
mne52075,4,22,0
mne35403,6,58,0
mne26750,12,2,0
mne10154,2,1,0
mne15784,5,5,0
mne19771,12,3,0
mne3043,5,4,0
mne1025,2,5,0
mne859,5,1,1
mne50650,12,9,0
mne2738,3,16,0
mne17073,1,8,0
mne5680,10,1,0
mne47813,2,2,0
mne90,1,1,0
mne34468,10,8,0
mne52079,6,2,0
mne29486,2,2,0
mne48471,7,2,0
mne16036,6,18,0
mne10923,3,4,0
mne17625,3,1,0
mne31447,9,7,0
mne35855,11,10,0
mne2695,12,3,0
mne35405,3,31,0
mne27866,1,10,0
mne31478,2,16,0
mne29356,9,2,0
mne3464,3,1,0
mne15931,8,2,0
mne21406,6,10,0
mne17379,11,1,0
mne45895,6,3,0
mne35428,4,2,0
mne44150,2,1,0
mne45862,1,3,0
mne34347,11,2,0
mne11664,7,9,0
mne45875,8,4,0
mne34535,6,96,0
mne32116,5,28,0
mne32726,6,39,0
mne34472,4,6,0
mne25301,10,2,0
mne1153,5,1,0
mne4297,2,1,0
mne32741,5,40,0
mne2562,2,4,0
mne47262,11,12,0
mne51544,4,2,0
mne35812,8,2,0
mne1041,2,2,0
mne15275,1,5,0
mne11479,7,39,0
mne10813,3,18,0
mne45897,7,7,1
mne49050,2,2,0
mne18279,10,22,0
mne26676,11,22,0
mne10659,2,2,0
mne42790,2,2,0
mne27741,4,7,0
mne9977,6,1,0
mne34517,12,3,0
mne51502,10,2,0
mne34287,11,5,0
mne50605,2,3,0
mne24638,9,2,0
mne34514,10,9,0
mne2562,4,2,0
mne12040,12,7,0
mne24638,10,1,0
mne32206,9,1,0
mne11231,11,1,0
mne784,6,11,0
mne17073,2,6,0
mne26806,7,16,0
mne2691,12,4,0
mne35812,5,8,0
mne33384,4,4,0
mne35446,3,18,0
mne35405,1,7,0
mne45831,5,1,0
mne2575,5,8,0
mne11407,6,1,0
mne3409,11,1,0
mne9261,3,3,0
mne2940,5,46,0
mne35446,4,15,0
mne15370,1,6,0
mne51050,8,5,0
mne33712,7,89,0
mne15510,12,22,0
mne32172,5,38,0
mne34492,12,5,0
mne42822,9,2,0
mne47303,7,21,0
mne50633,11,1,0
mne26741,7,8,0
mne29420,7,26,0
mne982,2,2,0
mne42779,2,9,0
mne34467,8,4,0
mne5673,11,2,0
mne2896,8,1,0
mne34467,10,1,0
mne15974,2,4,0
mne51505,1,1,0
mne4453,11,2,0
mne21326,6,43,0
mne36189,8,2,0
mne10547,11,3,0
mne4038,7,5,0
mne34480,2,6,0
mne51531,5,1,0
mne34092,5,10,0
mne47791,11,9,0
mne16029,10,2,0
mne18510,8,2,0
mne2511,9,2,0
mne47770,2,22,4
mne7418,9,1,0
mne47803,2,1,0
mne35855,2,27,0
mne29476,12,5,0
mne23136,4,1,0
mne33276,5,6,0
mne21337,6,3,0
mne43515,1,3,0
mne42782,8,2,0
mne31411,2,6,1
mne32094,2,11,0
mne46619,3,21,1
mne44106,6,37,0
mne30218,3,6,0
mne48485,5,6,0
mne31488,9,3,0
mne33773,10,5,0
mne11182,2,1,0
mne50625,7,6,0
mne18213,7,1,0
mne33710,10,2,0
mne35420,1,3,0
mne47770,11,13,0
mne17429,12,36,0
mne12790,6,3,0
mne5680,5,1,0
mne369,1,1,0
mne42782,7,7,0
mne34465,3,38,0
mne42828,10,3,0
mne35389,9,1,0
mne48485,2,11,0
mne42793,11,2,0
mne35664,1,4,0
mne8201,12,2,0
mne17073,5,4,0
mne16856,12,2,0
mne34536,8,3,0
mne34295,4,9,0
mne32244,1,5,0
mne16812,8,1,0
mne33245,5,35,0
mne34390,9,2,0
mne1442,6,1,0
mne42793,10,6,0
mne45868,12,4,0
mne6143,7,2,0
mne31458,10,15,0
mne661,10,9,0
mne21406,10,1,0
mne24737,2,4,0
mne34119,8,2,0
mne42777,8,2,0
mne51087,6,70,1
mne3376,4,5,0
mne9270,4,1,0
mne17904,7,1,0
mne15974,1,1,0
mne42786,11,3,0
mne52110,10,2,0
mne7049,3,2,0
mne34083,4,12,0
mne31471,11,6,0
mne26748,7,113,0
mne35471,1,7,0
mne47829,6,10,0
mne42831,8,1,0
mne31373,9,2,1
mne34276,8,6,0
mne27785,12,2,0
mne51045,9,1,0
mne32737,2,1,0
mne34537,4,90,1
mne51062,7,2,0
mne34597,4,8,0
mne3109,3,2,0
mne33249,1,2,0
mne15619,6,6,0
mne47822,9,1,0
mne4274,2,3,0
mne6143,6,3,0
mne42817,10,2,0
mne727,5,1,0
mne40142,3,11,0
mne959,11,2,0
mne33679,7,9,0
mne10900,1,42,0
mne44386,3,3,0
mne33285,1,3,0
mne34546,8,6,0
mne34535,11,9,0
mne10043,9,1,0
mne30216,11,6,0
mne34465,2,20,0
mne34335,7,17,0
mne17120,4,31,0
mne34341,6,4,0
mne21330,12,34,0
mne27764,6,75,0
mne882,11,1,0
mne32789,9,1,0
mne28638,5,9,0
mne29469,3,4,0
mne35428,3,3,0
mne46585,6,47,0
mne44108,11,4,0
mne661,3,30,0
mne11122,1,3,0
mne10636,6,4,0
mne33231,6,28,0
mne10825,7,20,0
mne10043,11,4,0
mne51607,4,14,0
mne45864,3,48,0
mne52080,5,5,1
mne33931,12,10,0
mne1022,10,3,0
mne16532,2,2,0
mne21558,4,4,0
mne42815,7,1,0
mne30218,6,36,0
mne34302,11,6,0
mne33702,10,16,0
mne2386,5,6,0
mne15937,10,11,1
mne17911,6,34,0
mne34366,7,3,0
mne31457,4,10,0
mne3097,5,8,0
mne48507,6,67,0
mne27737,12,5,0
mne47812,7,3,0
mne196,9,2,0
mne50652,2,8,0
mne2940,2,26,0
mne35438,8,2,0
mne11061,11,1,0
mne47775,11,2,0
mne34482,4,79,0
mne661,2,30,0
mne2913,7,22,0
mne46641,7,2,0
mne680,1,3,0
mne33799,6,61,0
mne32129,1,5,0
mne48486,8,1,0
mne50606,6,12,0
mne12805,7,49,0
mne1425,4,4,0
mne34546,10,3,0
mne42782,10,1,0
mne32774,6,51,0
mne47770,4,19,2
mne11349,5,1,0
mne10851,9,2,0
mne33697,10,5,0
mne49134,6,120,0
mne8281,3,1,0
mne15516,6,25,0
mne45897,8,4,0
mne23414,8,1,0
mne36183,8,1,0
mne32849,8,4,0
mne16226,1,3,1
mne31457,7,46,0
mne34474,4,3,0
mne50622,3,1,0
mne47840,5,43,1
mne545,1,1,0
mne43455,1,2,0
mne35432,2,10,0
mne47803,9,3,0
mne6513,4,3,0
mne33726,6,106,0
mne23451,2,18,0
mne42788,4,1,0
mne8726,9,1,0
mne34348,3,2,0
mne42817,2,5,0
mne18500,4,2,0
mne25198,1,16,0
mne30220,5,8,0
mne24684,10,1,0
mne33822,7,1,0
mne48524,6,23,0
mne35537,8,3,0
mne50633,12,2,0
mne10902,3,1,0
mne369,3,1,0
mne35785,3,16,0
mne33822,10,3,0
mne11106,6,1,0
mne2584,2,2,0
mne29420,5,24,0
mne16702,8,1,0
mne52104,5,1,0
mne36177,6,1,0
mne19693,8,2,0
mne52110,1,4,0
mne43515,9,3,0
mne6176,9,5,0
mne17814,11,7,0
mne35388,8,1,0
mne29417,4,15,0
mne50622,2,3,0
mne46582,6,9,0
mne30329,4,7,0
mne42782,4,2,0
mne9261,12,2,0
mne23328,7,2,0
mne19744,9,2,0
mne12450,12,1,0
mne18618,7,1,0
mne42832,5,47,0
mne35422,5,1,0
mne33707,8,4,0
mne34316,11,9,0
mne32789,10,2,0
mne2889,1,6,0
mne51515,2,4,1
mne50638,5,17,0
mne18573,3,7,0
mne34520,4,7,0
mne28703,5,11,0
mne11231,3,2,0
mne46608,1,4,0
mne18209,7,2,0
mne15007,1,7,0
mne44100,7,31,0
mne2460,11,1,0
mne33240,3,23,0
mne27872,12,19,0
mne472,1,3,0
mne28610,11,2,0
mne17021,8,3,0
mne3097,10,3,0
mne31447,2,11,0
mne27740,5,7,0
mne26711,9,2,0
mne1068,9,1,0
mne30153,5,4,0
mne17340,12,1,0
mne33240,5,24,0
mne40762,4,19,0
mne10593,12,2,0
mne5602,3,2,0
mne16912,1,6,1
mne7911,1,2,0
mne35403,5,18,0
mne18311,1,7,0
mne44100,10,7,0
mne2389,3,5,0
mne28657,12,6,0
mne51052,10,9,0
mne33244,8,7,0
mne51499,2,4,0
mne15091,2,14,0
mne32173,6,62,1
mne17386,1,6,0
mne44141,1,17,0
mne44141,6,68,1
mne40143,11,10,0
mne43513,12,7,0
mne24818,12,20,0
mne10998,6,2,0
mne35823,4,54,0
mne47843,4,31,3
mne31471,12,2,0
mne1442,7,2,0
mne12451,4,6,0
mne34080,6,71,0
mne16567,6,74,0
mne21336,3,1,0
mne48484,6,15,0
mne47770,6,55,9
mne8946,2,1,0
mne27872,9,4,0
mne11122,9,1,0
mne11745,2,1,0
mne49136,11,7,0
mne51531,11,1,0
mne47834,1,8,0
mne28654,8,6,0
mne51546,4,13,0
mne45823,3,6,0
mne44149,4,25,1
mne7504,11,3,0
mne52169,1,4,0
mne34440,6,10,0
mne34108,10,2,0
mne2889,6,187,0
mne33775,7,35,0
mne30211,7,19,0
mne18185,4,14,1
mne2505,11,3,0
mne35842,2,13,0
mne34295,1,9,0
mne34289,1,2,0
mne2376,9,2,0
mne45833,12,16,1
mne3112,7,19,0
mne34326,6,119,0
mne16902,7,3,0
mne12805,5,46,0
mne35464,11,2,0
mne2637,3,1,0
mne34097,11,115,0
mne32161,3,33,0
mne12805,11,25,0
mne17814,2,5,0
mne35436,7,1,0
mne46630,4,5,0
mne11915,2,12,0
mne48487,9,3,0
mne8707,10,2,0
mne44150,5,1,0
mne16902,5,6,0
mne50738,6,24,0
mne35800,1,13,0
mne26660,12,2,0
mne26695,8,7,0
mne45868,6,5,0
mne45822,11,1,0
mne32127,4,4,0
mne34287,1,6,0
mne44101,3,13,0
mne27741,2,6,0
mne16306,7,2,0
mne47814,6,1,0
mne34483,6,54,0
mne49075,10,1,0
mne4314,7,11,0
mne50781,6,16,0
mne35833,8,2,0
mne1277,9,2,0
mne29490,6,44,0
mne34138,8,4,0
mne40045,10,1,0
mne43433,2,7,0
mne369,12,1,0
mne48470,3,2,0
mne49065,4,5,0
mne47778,11,8,0
mne35884,2,47,0
mne27764,2,17,0
mne28705,6,15,0
mne21328,6,1,0
mne32129,8,2,0
mne51533,4,1,0
mne40143,3,29,0
mne35855,4,86,0
mne9977,3,1,0
mne46258,7,1,0
mne45831,10,2,0
mne16553,6,1,0
mne7637,5,7,0
mne44386,8,4,0
mne276,12,3,0
mne18209,1,1,0
mne34380,1,13,0
mne17801,8,1,0
mne34367,7,28,0
mne12414,12,1,0
mne33680,2,3,0
mne51055,6,38,0
mne32161,1,20,0
mne41343,1,13,0
mne3376,11,2,0
mne33194,9,4,0
mne3300,6,2,0
mne34151,3,5,0
mne52074,5,8,0
mne26711,7,1,0
mne41368,9,4,0
mne49112,12,5,0
mne29379,1,1,0
mne33775,9,2,0
mne46662,6,40,0
mne2896,9,1,0
mne49077,6,41,0
mne17237,2,2,0
mne32822,5,3,0
mne17268,6,27,0
mne17268,5,16,0
mne34505,8,4,0
mne33213,3,26,0
mne5318,2,3,0
mne40065,8,2,0
mne45897,1,2,0
mne33726,5,29,0
mne49092,7,5,0
mne34089,5,5,0
mne33734,6,40,0
mne17145,4,29,0
mne11664,6,99,1
mne15007,4,40,0
mne10823,2,3,0
mne50559,11,2,0
mne7644,5,2,0
mne2573,1,5,0
mne47816,9,7,0
mne50652,11,6,0
mne35438,2,2,0
mne16541,3,4,0
mne18473,11,3,0
mne15275,5,2,0
mne46254,12,3,0
mne17814,1,2,0
mne46256,11,3,0
mne33232,6,19,0
mne35467,12,62,0
mne35419,5,1,0
mne7947,4,2,0
mne33754,5,13,0
mne34138,6,86,3
mne8107,5,1,0
mne50781,7,3,0
mne34133,8,4,0
mne33734,7,12,0
mne16827,8,1,0
mne7731,6,31,0
mne34099,10,2,0
mne29431,4,11,0
mne15022,12,32,0
mne23309,3,5,0
mne10812,10,2,0
mne10156,12,1,0
mne40065,7,6,0
mne16679,7,1,0
mne35394,7,3,0
mne30213,8,3,0
mne35441,12,9,0
mne3105,11,8,0
mne40049,7,2,0
mne35800,8,3,0
mne33697,5,7,0
mne48475,2,20,0
mne33284,6,89,0
mne31448,3,30,5
mne24737,12,2,0
mne32732,10,3,0
mne33697,4,23,0
mne32094,5,13,0
mne31385,7,3,0
mne18474,4,5,0
mne32794,5,31,2
mne47803,8,1,0
mne34390,4,31,1
mne46640,10,7,0
mne34323,10,2,0
mne23301,12,32,0
mne18012,5,44,2
mne18012,3,24,0
mne17145,3,46,0
mne41365,3,30,0
mne33215,9,7,0
mne17356,6,72,0
mne31520,6,21,0
mne18573,10,4,0
mne27796,7,4,0
mne30211,11,1,0
mne51517,10,5,0
mne35431,3,4,0
mne12588,9,1,0
mne12510,4,2,0
mne34103,8,4,0
mne46608,9,1,0
mne45848,2,2,0
mne32793,7,30,3
mne42818,4,16,1
mne32798,2,3,0
mne5758,12,3,0
mne7418,12,8,0
mne12470,5,11,0
mne33220,10,2,0
mne32244,12,10,0
mne34094,3,17,0
mne34132,1,1,0
mne8707,9,1,0
mne34539,10,1,0
mne48472,7,3,0
mne11675,1,3,0
mne42824,6,60,0
mne51532,8,1,0
mne12177,2,26,0
mne12177,5,47,0
mne3189,11,4,0
mne51510,9,1,0
mne32840,1,1,0
mne29438,2,9,0
mne33285,11,2,0
mne12805,3,45,0
mne31470,8,1,1
mne34348,6,8,0
mne35390,10,2,0
mne26873,10,13,0
mne49840,1,4,0
mne51532,9,2,0
mne45897,10,5,0
mne18589,9,1,0
mne48475,3,29,0
mne46632,1,5,0
mne10023,5,6,0
mne34282,3,4,0
mne36193,3,1,0
mne32205,8,3,0
mne2371,6,4,0
mne49840,5,2,0
mne30150,2,3,0
mne23310,9,2,0
mne49840,2,1,0
mne49135,6,55,0
mne44149,7,44,0
mne21333,3,12,0
mne26873,6,107,0
mne32372,8,4,0
mne26802,6,1,0
mne23408,3,46,0
mne5764,5,10,3
mne34524,9,4,0
mne3835,8,1,0
mne34481,6,64,0
mne35855,9,2,0
mne1246,8,3,0
mne8758,3,1,0
mne35431,1,1,0
mne46321,4,2,0
mne35626,6,71,0
mne17073,11,4,0
mne44150,12,2,0
mne5811,12,1,0
mne27864,8,2,0
mne31382,5,6,0
mne19674,8,4,0
mne31487,7,12,0
mne33822,9,2,0
mne40143,12,27,0
mne1167,12,39,0
mne32071,6,130,5
mne44139,1,14,0
mne2377,2,1,0
mne34090,2,8,0
mne51532,2,2,0
mne21387,1,1,0
mne8926,1,2,0
mne7423,9,3,0
mne45890,4,29,0
mne3189,4,3,0
mne26750,11,1,0
mne18514,5,6,0
mne34348,5,4,0
mne52102,4,1,0
mne3105,4,8,0
mne1516,1,1,0
mne32206,10,1,0
mne8926,3,2,0
mne49135,5,26,0
mne11194,8,1,0
mne40142,7,30,0
mne32822,11,6,0
mne30213,9,2,0
mne26777,1,1,0
mne5988,9,3,0
mne16613,3,26,0
mne7947,5,5,0
mne27737,1,1,0
mne48468,7,19,1
mne46630,12,2,0
mne35537,4,2,0
mne45848,3,6,0
mne16902,12,4,0
mne21318,11,3,0
mne31476,5,43,0
mne32206,3,6,0
mne10427,12,1,0
mne29417,5,27,0
mne34101,10,1,0
mne29419,6,72,0
mne47784,10,1,0
mne18898,5,2,0
mne51087,7,14,0
mne42817,7,12,0
mne26824,6,12,0
mne32161,4,42,0
mne47800,11,2,0
mne47815,5,2,0
mne32161,6,133,1
mne4453,3,1,0
mne49137,8,2,0
mne45823,4,16,0
mne12662,11,1,0
mne26753,2,4,0
mne33240,1,10,0
mne51530,6,6,0
mne21326,12,14,0
mne33753,12,4,0
mne51055,2,7,0
mne47819,5,3,0
mne27727,9,1,0
mne47816,2,4,0
mne29476,11,1,0
mne33208,6,96,1
mne29420,3,12,0
mne34597,6,39,1
mne24695,7,1,0
mne15275,4,7,0
mne2892,3,5,0
mne5824,9,1,0
mne50633,4,1,0
mne34511,5,4,1
mne33220,8,1,0
mne30195,6,5,0
mne44150,9,5,0
mne4493,1,2,0
mne36030,6,33,0
mne17120,3,24,0
mne33725,9,3,1
mne34442,8,6,0
mne2108,2,2,0
mne2377,1,1,0
mne15657,6,1,0
mne50562,5,6,0
mne41287,1,21,0
mne18279,6,52,1
mne46629,11,4,0
mne15657,4,2,0
mne40035,3,2,0
mne42896,8,1,0
mne34524,2,29,0
mne21558,12,3,0
mne50625,1,1,0
mne45340,7,49,0
mne27778,5,24,0
mne8461,7,7,0
mne1041,7,1,0
mne51055,12,22,0
mne34351,6,42,0
mne17154,10,1,0
mne17145,12,68,1
mne50601,1,4,0
mne45855,5,3,0
mne52103,11,2,0
mne47839,6,45,0
mne44063,4,8,0
mne25075,6,51,0
mne50607,2,7,0
mne2506,4,2,0
mne21330,6,100,0
mne17323,11,12,0
mne34367,5,13,0
mne49042,9,2,0
mne51052,2,19,0
mne48481,7,7,0
mne18573,1,2,0
mne33228,4,2,0
mne35787,2,10,0
mne34482,7,60,0
mne34138,11,1,0
mne49136,2,4,0
mne8315,11,3,0
mne40120,10,6,1
mne11231,6,5,0
mne9748,8,1,0
mne18209,4,1,0
mne34481,3,19,0
mne3398,7,2,0
mne45874,10,6,0
mne23408,10,15,0
mne6159,8,3,0
mne34261,9,1,0
mne34097,10,7,0
mne15007,12,15,0
mne33311,3,6,0
mne17904,4,3,0
mne3844,9,2,0
mne33728,12,1,0
mne7033,12,1,0
mne2445,1,9,0
mne41312,10,1,0
mne16691,3,4,0
mne49133,8,8,0
mne16482,2,1,0
mne47833,2,6,0
mne27790,7,6,0
mne44140,2,3,0
mne47844,6,4,0
mne10593,1,2,0
mne10593,5,2,0
mne50608,6,18,1
mne15007,5,9,0
mne7418,6,8,0
mne16813,7,1,0
mne26733,9,1,0
mne34348,1,8,0
mne34554,10,3,0
mne23296,6,50,0
mne34537,3,81,1
mne15931,1,1,0
mne29369,9,6,0
mne11651,1,4,0
mne2371,9,1,1
mne5824,12,4,0
mne50608,7,6,0
mne40049,6,4,0
mne49070,10,1,0
mne31385,9,9,0
mne41385,7,3,0
mne34173,8,3,0
mne49070,3,1,0
mne34373,7,1,0
mne47263,9,1,0
mne35438,9,4,0
mne50652,8,2,0
mne47889,5,4,0
mne12316,6,75,0
mne5675,11,1,0
mne41364,7,5,0
mne34321,9,3,0
mne30131,12,1,0
mne12610,9,3,0
mne18599,1,11,0
mne2695,3,1,0
mne982,4,4,0
mne46621,2,3,0
mne34580,12,7,0
mne9251,10,4,0
mne2657,11,1,0
mne28638,4,11,1
mne16850,8,3,0
mne34271,8,1,0
mne35855,10,6,0
mne47889,6,2,0
mne11479,1,18,0
mne21405,9,1,0
mne32779,4,16,0
mne32071,10,17,1
mne19789,10,4,0
mne31457,6,61,2
mne42782,5,3,0
mne17473,12,1,0
mne47867,4,2,0
mne8461,4,4,0
mne50558,11,6,0
mne45875,9,8,0
mne51513,3,4,0
mne2940,1,16,0
mne7552,9,4,0
mne17365,5,1,0
mne33745,4,25,0
mne50606,3,1,0
mne49136,12,7,0
mne33197,11,7,0
mne10738,3,17,0
mne32840,2,3,0
mne9638,9,1,0
mne34524,4,22,0
mne17476,2,1,0
mne44182,4,4,0
mne47833,11,1,0
mne32904,9,9,0
mne27768,2,3,0
mne4502,8,2,0
mne35833,9,7,0
mne49137,4,7,0
mne36027,12,29,0
mne46586,3,4,0
mne28824,9,1,0
mne12805,1,37,0
mne27705,8,1,0
mne17911,4,10,0
mne33697,12,11,0
mne11122,8,2,0
mne3464,9,3,0
mne34537,11,34,0
mne10738,5,9,0
mne36173,12,1,0
mne35422,1,3,0
mne34264,11,4,0
mne47782,3,24,0
mne16691,4,6,0
mne33698,5,23,0
mne34128,6,38,0
mne34535,8,8,0
mne49873,6,8,0
mne29455,6,122,0
mne48485,3,7,0
mne34132,4,1,0
mne16827,4,3,0
mne31400,9,1,0
mne16875,3,27,0
mne42827,10,10,0
mne51546,6,44,1
mne8726,11,1,0
mne32739,9,3,0
mne50653,4,15,0
mne50738,4,2,0
mne3097,7,1,0
mne34335,3,32,0
mne52079,4,1,0
mne14773,6,30,5
mne31476,4,39,0
mne47866,2,14,0
mne41286,5,29,1
mne51052,3,18,0
mne30183,8,1,0
mne15370,7,1,0
mne16226,7,2,0
mne34451,6,1,0
mne2657,8,8,0
mne33313,5,8,0
mne34481,7,20,0
mne29486,11,6,0
mne3153,5,3,0
mne17458,1,1,0
mne50607,7,3,0
mne17138,8,1,0
mne236,1,1,0
mne35822,8,3,0
mne5988,3,1,0
mne33822,1,4,0
mne33728,7,1,0
mne26750,1,1,0
mne52108,7,10,0
mne6159,4,1,0
mne16553,9,2,0
mne50738,12,1,0
mne51502,6,8,0
mne34465,9,19,1
mne34459,2,2,0
mne12713,2,2,0
mne49841,11,2,0
mne34266,8,1,0
mne51515,7,2,0
mne31427,5,18,0
mne34163,10,1,0
mne545,12,1,0
mne46585,2,14,0
mne35664,11,5,0
mne494,4,4,0
mne26750,5,2,0
mne34280,4,67,1
mne45845,1,8,0
mne3376,1,1,0
mne49134,4,27,1
mne17153,6,15,0
mne35626,7,25,0
mne35458,4,4,0
mne34280,5,34,0
mne35855,8,3,0
mne16828,10,1,0
mne2276,2,1,0
mne33276,6,3,0
mne35472,4,2,0
mne5758,11,1,0
mne51604,3,3,0
mne48470,4,1,0
mne46630,7,5,0
mne2276,10,5,0
mne33282,3,4,0
mne15974,8,3,0
mne17268,7,2,0
mne16039,5,10,0
mne11724,9,1,0
mne6304,9,1,0
mne34280,3,77,0
mne49137,1,3,0
mne34166,12,3,0
mne49056,11,2,0
mne17801,10,1,0
mne5675,2,7,0
mne3644,4,33,0
mne48730,2,2,0
mne34140,9,2,0
mne8315,2,3,0
mne32052,1,2,0
mne26753,8,1,0
mne5306,3,2,0
mne32200,7,7,0
mne4297,12,1,0
mne32127,2,6,0
mne35840,7,13,0
mne45859,6,33,0
mne784,11,3,0
mne47805,5,7,0
mne33748,3,6,0
mne2940,6,93,0
mne10593,2,1,0
mne45890,6,61,0
mne42896,5,18,0
mne23366,8,3,0
mne52071,6,3,0
mne11637,5,25,0
mne10287,12,1,0
mne49962,11,2,0
mne44150,4,1,0
mne12316,4,31,0
mne51058,12,1,0
mne18618,3,1,0
mne34518,9,1,0
mne41365,9,3,0
mne9390,2,1,0
mne50703,12,5,0
mne34580,5,7,0
mne16827,2,1,0
mne15619,4,6,0
mne4326,4,1,0
mne33232,7,12,0
mne42786,2,15,0
mne236,2,1,0
mne11407,9,3,0
mne6185,12,1,0
mne12488,8,4,0
mne35465,6,32,0
mne47319,12,2,0
mne7049,5,4,0
mne10659,12,1,0
mne5627,10,1,0
mne34079,12,28,0
mne26711,10,3,0
mne23451,12,26,1
mne17960,4,2,0
mne11314,4,1,0
mne10566,1,1,0
mne10566,12,1,0
mne29356,7,2,0
mne24818,2,16,0
mne1130,5,31,0
mne19734,2,1,0
mne18012,1,14,0
mne494,11,1,0
mne15805,1,12,0
mne51531,7,4,0
mne25075,5,12,0
mne545,4,1,0
mne17237,11,1,0
mne17237,9,3,0
mne10850,2,17,0
mne2479,7,1,0
mne47768,5,2,0
mne24684,3,19,0
mne46254,7,29,0
mne11019,5,1,0
mne26825,10,3,0
mne32244,8,2,0
mne8726,1,2,0
mne35467,2,30,0
mne778,12,1,0
mne31382,6,27,0
mne48481,5,3,0
mne31543,6,83,0
mne35812,11,2,0
mne47283,7,9,0
mne33282,6,26,0
mne35803,8,1,0
mne41282,4,29,1
mne2637,8,1,0
mne34539,2,2,0
mne23304,10,7,0
mne33206,11,4,0
mne34095,8,1,0
mne29496,12,47,0
mne41462,7,59,0
mne45895,5,4,0
mne42831,12,7,0
mne17414,6,2,0
mne40120,4,14,2
mne31382,7,7,0
mne27768,8,4,0
mne33724,12,6,0
mne41316,1,1,0
mne45868,3,3,0
mne33215,12,26,0
mne34261,11,1,0
mne18256,6,34,0
mne34532,6,3,0
mne5602,7,1,0
mne31489,6,17,0
mne503,8,4,0
mne5678,5,1,0
mne52110,3,4,0
mne2276,11,2,0
mne46630,6,14,0
mne17458,11,2,0
mne33215,1,11,0
mne9459,3,24,0
mne10797,4,17,0
mne47263,2,2,0
mne15942,7,1,0
mne47815,4,2,0
mne7625,1,3,0
mne51499,7,2,0
mne11745,5,2,0
mne26826,5,1,0
mne11664,10,30,0
mne32827,6,4,0
mne7528,11,1,0
mne46609,10,2,0
mne26864,12,19,0
mne7528,5,2,0
mne35467,6,82,0
mne44149,2,6,0
mne19689,10,9,0
mne3024,6,19,0
mne48473,11,1,0
mne47805,4,11,0
mne5627,7,1,0
mne9251,1,1,0
mne12316,7,13,0
mne15682,6,1,0
mne34335,6,94,0
mne12450,5,2,0
mne52099,4,3,0
mne28662,3,3,0
mne34535,7,55,0
mne32116,4,13,0
mne46254,6,53,0
mne12470,6,58,0
mne41315,1,13,0
mne2546,7,1,0
mne576,9,1,0
mne16820,10,1,0
mne49136,6,23,0
mne32179,1,7,0
mne3344,7,2,0
mne32772,4,3,0
mne41282,7,37,0
mne21443,6,34,0
mne10043,8,1,0
mne33775,1,14,0
mne50607,4,8,0
mne17458,5,3,0
mne12355,1,1,0
mne2889,3,28,0
mne21329,12,1,0
mne49070,6,1,0
mne21337,10,1,0
mne34145,11,1,0
mne34273,7,2,0
mne32743,8,1,0
mne18599,6,20,0
mne48475,10,6,0
mne49080,6,30,1
mne32071,1,9,0
mne48473,9,3,0
mne46625,2,2,0
mne29466,7,1,0
mne112,3,4,0
mne42772,3,2,0
mne6614,5,1,0
mne34157,3,6,0
mne9459,7,31,0
mne30131,1,1,0
mne12470,4,5,0
mne31427,7,18,0
mne49072,3,1,0
mne11630,12,1,0
mne45831,7,4,0
mne32798,5,3,0
mne33742,12,27,0
mne33742,1,12,0
mne10948,9,3,0
mne23430,12,5,0
mne35811,9,7,0
mne35447,7,1,0
mne47907,3,3,0
mne42784,10,1,0
mne29455,4,29,0
mne47780,3,17,0
mne34493,11,4,0
mne47820,8,1,0
mne2673,6,13,0
mne49093,9,1,0
mne34083,8,2,0
mne7033,5,2,0
mne36078,5,31,0
mne46619,10,2,0
mne34123,4,19,0
mne3109,11,1,0
mne7103,3,26,0
mne29495,5,2,0
mne49135,4,10,0
mne34085,12,4,0
mne32789,11,2,0
mne3464,12,2,0
mne50154,7,37,1
mne50609,7,1,0
mne34458,6,24,0
mne196,2,3,0
mne34513,7,31,0
mne34481,5,24,0
mne36027,6,99,0
mne23328,6,2,0
mne32178,11,12,1
mne48673,6,25,0
mne50628,6,44,0
mne2940,7,41,0
mne46601,6,22,2
mne17787,3,3,0
mne50781,3,1,0
mne32173,12,26,0
mne26846,5,5,0
mne3105,6,42,0
mne30222,7,3,0
mne4503,7,5,0
mne2738,5,11,0
mne16828,7,1,0
mne32755,12,20,0
mne33224,8,1,0
mne112,11,1,0
mne27778,4,22,0
mne51504,6,26,0
mne45851,1,10,0
mne45851,3,25,0
mne50620,6,8,0
mne34506,2,1,0
mne50622,1,1,0
mne34465,5,69,0
mne52079,3,6,0
mne882,2,2,0
mne49135,12,11,0
mne47834,4,4,1
mne16560,6,35,0
mne3398,3,3,0
mne42789,1,3,0
mne51515,10,2,0
mne49075,1,3,0
mne34483,10,13,0
mne5824,3,1,0
mne26802,7,7,0
mne33712,3,23,0
mne12805,12,52,0
mne1101,11,1,0
mne27737,11,2,0
mne3844,10,1,0
mne30101,7,69,1
mne34517,4,11,0
mne90,6,1,0
mne12420,7,31,0
mne47769,6,7,0
mne41308,11,13,0
mne24825,2,1,0
mne35808,8,3,0
mne32779,7,51,1
mne661,4,37,0
mne28677,3,6,0
mne34279,11,12,0
mne16627,5,9,0
mne34149,6,34,0
mne9190,2,1,0
mne46601,3,4,1
mne34316,8,1,0
mne5673,12,1,0
mne27850,6,63,0
mne32274,2,18,0
mne33724,1,4,0
mne10047,1,9,0
mne33236,5,10,0
mne2584,8,1,0
mne42815,9,5,0
mne2940,3,39,0
mne49099,9,1,0
mne31450,8,1,0
mne605,4,1,0
mne34097,9,10,0
mne35812,2,1,0
mne34287,6,80,0
mne34085,3,2,0
mne17787,5,1,0
mne35843,7,10,0
mne28752,4,2,0
mne33714,8,1,0
mne35841,5,30,0
mne35841,6,31,1
mne28602,11,3,0
mne47765,1,4,0
mne9251,7,1,0
mne21326,10,3,0
mne29383,6,75,0
mne32072,6,58,0
mne5318,5,1,0
mne21333,5,15,0
mne18281,12,36,0
mne31426,6,1,0
mne44149,1,6,0
mne28695,10,6,0
mne32737,1,1,0
mne49137,12,2,0
mne46625,10,1,0
mne3336,3,9,0
mne3398,5,1,0
mne42771,11,5,0
mne26864,2,15,0
mne48507,5,35,0
mne32725,2,33,0
mne42811,1,7,0
mne33233,6,3,0
mne25301,2,4,0
mne35395,5,2,0
mne12199,6,1,0
mne11675,4,12,1
mne34535,1,30,0
mne21406,3,4,0
mne51533,7,1,0
mne10923,6,13,0
mne27741,8,2,0
mne31406,7,68,0
mne34512,10,4,0
mne2564,10,2,0
mne34347,1,2,0
mne34128,3,25,0
mne50257,3,10,0
mne50257,5,18,0
mne33240,6,54,0
mne34159,8,1,0
mne33742,6,37,0
mne42788,7,1,0
mne1828,1,1,0
mne50633,7,3,0
mne8281,6,1,0
mne8107,12,1,0
mne35431,11,1,0
mne36026,5,23,0
mne29438,6,51,0
mne50614,5,2,0
mne50558,6,24,0
mne34263,12,19,0
mne34093,5,26,0
mne7528,4,1,0
mne47263,11,2,0
mne5988,8,1,0
mne32772,10,1,0
mne1826,8,1,0
mne10738,6,27,0
mne34380,8,6,0
mne4493,3,1,0
mne236,4,3,0
mne33732,5,26,0
mne27773,11,2,0
mne46641,5,1,0
mne50563,7,8,0
mne35456,7,6,0
mne23301,4,60,0
mne661,1,24,0
mne28682,6,86,0
mne34482,12,45,0
mne43455,9,1,0
mne32856,3,27,0
mne36191,7,61,1
mne41462,6,44,1
mne52108,4,19,0
mne44139,12,17,0
mne36169,3,8,1
mne29447,4,23,0
mne545,7,3,0
mne30150,10,2,0
mne2903,7,1,0
mne52245,2,3,0
mne8361,3,1,0
mne51502,7,3,0
mne45833,2,26,0
mne49102,6,53,0
mne33191,2,3,0
mne7392,3,2,0
mne2460,9,1,0
mne2995,6,51,0
mne52102,1,3,0
mne34342,7,9,0
mne51531,4,1,0
mne27872,6,81,0
mne110,8,1,0
mne45868,10,1,0
mne959,5,3,0
mne27850,12,21,0
mne8726,8,3,0
mne44113,8,2,0
mne47795,8,1,0
mne34082,1,2,0
mne28603,12,28,0
mne49852,10,4,0
mne50648,3,3,0
mne19789,11,1,0
mne1167,3,19,0
mne44339,5,10,0
mne26745,7,1,0
mne32161,5,45,0
mne9261,1,2,0
mne36191,6,58,9
mne29420,4,32,1
mne6394,1,14,0
mne35455,8,1,0
mne5824,1,7,0
mne30212,3,2,0
mne34537,12,61,0
mne35884,1,20,0
mne46619,1,4,0
mne28701,10,11,0
mne26750,2,1,0
mne31478,3,27,0
mne15275,12,2,0
mne46583,4,13,0
mne18049,12,3,0
mne24692,5,1,0
mne31436,8,1,0
mne34294,4,13,0
mne47791,2,1,0
mne3403,4,1,0
mne27728,10,1,0
mne42786,12,6,0
mne32840,9,4,0
mne47840,6,71,3
mne51544,5,1,0
mne45930,8,2,0
mne11314,6,2,0
mne18020,3,2,0
mne16226,11,4,0
mne8729,1,2,0
mne34380,4,25,1
mne16812,7,5,0
mne11314,3,1,0
mne44080,1,1,0
mne51516,6,2,0
mne44141,7,28,0
mne32173,2,13,0
mne9078,4,5,0
mne42815,2,1,0
mne34132,7,3,0
mne35834,7,2,0
mne517,6,42,0
mne16613,6,11,0
mne33252,6,38,0
mne7423,11,3,0
mne46610,10,9,0
mne1025,9,2,0
mne29466,2,4,0
mne51055,4,2,0
mne47764,11,2,0
mne1616,5,2,0
mne34493,9,3,0
mne49081,7,8,0
mne43474,7,24,0
mne32774,3,12,0
mne51055,3,6,0
mne46583,7,17,0
mne27757,1,11,0
mne45897,5,1,0
mne32128,2,2,0
mne15658,3,16,0
mne18830,2,25,0
mne45868,4,1,0
mne52099,7,4,0
mne40142,6,23,0
mne35800,7,1,0
mne48469,6,28,0
mne50638,10,3,0
mne1616,7,2,0
mne51488,3,10,0
mne52076,6,27,0
mne42782,12,1,0
mne52103,4,2,0
mne51607,5,16,0
mne2584,3,4,0
mne10850,8,3,0
mne51500,6,30,1
mne30250,7,8,0
mne46620,2,1,0
mne47805,10,1,0
mne18257,8,1,0
mne8108,6,29,0
mne34524,3,21,0
mne34299,4,44,0
mne16613,4,30,0
mne34380,2,13,0
mne32161,2,29,1
mne47883,6,7,0
mne32200,5,3,0
mne27872,3,12,0
mne3141,6,58,0
mne21791,5,33,0
mne30101,6,60,0
mne49135,3,5,0
mne16875,7,6,0
mne34262,10,5,0
mne40050,5,1,0
mne10675,5,48,0
mne23371,4,1,0
mne40050,6,20,0
mne34160,11,1,0
mne34469,5,6,0
mne90,5,1,0
mne31428,9,2,0
mne7552,6,42,0
mne14773,7,23,3
mne46627,8,1,0
mne897,7,3,0
mne46362,5,4,0
mne44100,5,21,0
mne2433,10,4,0
mne32797,9,3,0
mne34261,7,1,0
mne36175,7,13,0
mne47822,8,3,0
mne17730,1,6,0
mne1313,6,9,0
mne2562,7,2,0
mne34326,4,30,0
mne34326,3,43,0
mne32799,2,6,0
mne35834,2,2,0
mne35472,12,2,0
mne43474,4,5,0
mne45833,7,11,0
mne49081,11,1,0
mne44143,6,97,0
mne33745,2,21,0
mne44100,3,21,0
mne52093,7,4,0
mne28752,5,12,0
mne2460,6,1,0
mne661,11,14,0
mne18546,3,1,0
mne32827,7,2,0
mne34455,6,79,0
mne45851,2,15,0
mne17897,8,1,0
mne33240,7,16,0
mne47820,7,2,0
mne16817,6,2,0
mne35801,8,3,0
mne42831,1,3,0
mne12275,6,48,0
mne44112,4,7,0
mne15281,10,2,0
mne42779,5,42,0
mne34539,9,4,0
mne49092,4,1,0
mne46622,6,39,1
mne18513,4,7,0
mne30101,12,39,0
mne1022,2,3,0
mne49036,1,4,0
mne23296,11,8,0
mne51055,1,8,0
mne49056,12,1,0
mne47824,12,1,0
mne29447,5,26,0
mne15275,8,1,0
mne6314,6,16,0
mne48488,8,1,0
mne34537,7,22,0
mne51516,3,4,0
mne32056,8,1,0
mne15253,9,1,0
mne9261,2,1,0
mne9261,11,2,0
mne9251,3,1,0
mne418,1,4,0
mne17995,4,4,0
mne18488,5,45,0
mne42828,8,4,0
mne33780,3,9,0
mne1101,3,2,0
mne10043,1,2,0
mne34455,10,6,0
mne18281,5,25,0
mne32856,11,9,0
mne34524,5,15,0
mne33281,12,4,0
mne50601,10,1,0
mne10902,7,1,0
mne35786,3,4,0
mne1167,5,21,0
mne51607,7,8,0
mne4089,5,2,0
mne45897,6,3,0
mne36191,4,27,2
mne7040,8,1,0
mne18830,5,34,0
mne1022,11,2,0
mne18830,1,20,0
mne7399,6,75,0
mne16702,1,1,0
mne11915,7,3,0
mne49045,6,29,1
mne3403,6,1,0
mne45897,2,2,0
mne23297,8,2,0
mne31448,6,59,11
mne29452,7,28,0
mne28703,7,25,0
mne40065,10,3,0
mne34171,7,3,0
mne1547,1,5,0
mne17120,7,31,0
mne11903,3,1,0
mne19687,1,8,0
mne29384,6,26,0
mne33233,1,1,0
mne7049,9,1,0
mne32726,1,10,0
mne29445,10,2,0
mne45875,12,21,0
mne15009,5,5,0
mne16345,1,7,0
mne34440,3,7,0
mne47816,1,2,0
mne34280,1,22,0
mne47777,12,24,0
mne3409,4,1,0
mne50614,6,3,0
mne11061,10,1,0
mne21318,2,5,0
mne35467,4,31,0
mne3153,3,1,0
mne17818,2,2,0
mne32080,5,11,0
mne49137,10,2,0
mne18072,2,2,0
mne46582,5,1,0
mne33221,11,3,0
mne16912,9,3,1
mne27779,4,1,0
mne2602,7,14,0
mne34339,1,1,0
mne47907,6,14,0
mne453,7,15,0
mne33819,9,2,0
mne42827,8,1,0
mne47777,11,21,0
mne21318,4,35,0
mne2968,6,75,0
mne34547,8,1,0
mne47788,1,2,0
mne34464,8,1,0
mne32161,7,51,0
mne21791,6,48,1
mne46254,5,12,0
mne48524,12,14,0
mne33197,1,1,0
mne51512,7,10,0
mne34524,7,23,0
mne33240,11,11,0
mne31474,5,23,0
mne47866,1,4,1
mne623,6,47,0
mne42824,7,51,1
mne49045,7,9,0
mne47263,1,3,0
mne3044,5,1,0
mne11905,3,1,0
mne45340,5,16,1
mne51055,11,15,0
mne23309,7,10,0
mne2506,11,1,0
mne36078,3,29,0
mne44151,11,2,0
mne34283,1,11,0
mne24822,3,10,0
mne32827,2,2,0
mne33313,7,2,0
mne2386,2,2,0
mne47834,10,1,0
mne17379,5,3,0
mne51099,6,3,0
mne51533,1,2,0
mne34499,5,16,0
mne33688,2,1,0
mne46611,4,1,0
mne34117,7,24,0
mne34149,2,3,0
mne40143,4,29,0
mne49852,3,10,0
mne35802,9,1,0
mne25075,9,4,0
mne48473,10,2,0
mne47805,2,2,0
mne42786,7,5,0
mne34341,7,2,0
mne51516,5,5,0
mne9459,5,38,0
mne34455,3,36,1
mne21330,5,36,0
mne1122,7,2,0
mne35451,5,29,2
mne29474,9,2,0
mne47839,3,9,0
mne19908,6,17,0
mne35793,7,1,0
mne16852,6,92,0
mne112,6,2,0
mne32201,6,18,0
mne44141,3,22,1
mne46584,4,9,0
mne27850,4,20,0
mne27850,3,17,0
mne27737,7,1,0
mne52093,3,1,0
mne23304,8,13,0
mne11700,5,6,0
mne15013,5,41,1
mne26720,6,23,0
mne34512,1,1,0
mne12363,2,7,0
mne48474,4,8,0
mne41310,9,1,0
mne7528,6,1,0
mne40021,3,1,0
mne3258,5,14,0
mne3644,5,12,0
mne11915,9,1,0
mne34480,9,2,0
mne33195,8,1,0
mne35462,9,2,0
mne10489,3,16,0
mne51582,4,1,0
mne47866,9,4,0
mne47820,3,1,0
mne27757,7,30,0
mne47784,8,2,0
mne48471,9,2,0
mne10900,6,100,0
mne44062,6,20,0
mne10797,9,1,0
mne10902,4,1,0
mne47840,3,16,0
mne49050,9,2,0
mne882,10,1,0
mne47840,4,9,0
mne30150,1,1,0
mne34295,5,11,0
mne24730,2,5,0
mne472,8,1,0
mne18185,7,28,1
mne18830,4,30,0
mne47839,7,25,0
mne7399,7,29,0
mne18311,10,2,0
mne35435,1,4,0
mne33252,5,39,0
mne29431,6,77,0
mne18311,9,1,0
mne40065,9,4,0
mne7943,11,2,0
mne34101,8,1,0
mne47818,9,1,0
mne51513,1,1,0
mne51604,4,2,0
mne51604,6,2,0
mne2483,12,2,0
mne27778,7,49,0
mne34155,1,3,0
mne49099,11,2,0
mne47791,3,1,0
mne35436,11,3,0
mne49075,8,1,0
mne26784,4,17,0
mne33249,11,3,0
mne43513,1,2,0
mne46622,10,3,0
mne21333,6,39,0
mne17154,1,2,0
mne48488,1,2,0
mne29417,7,16,0
mne6161,10,3,0
mne50564,8,3,0
mne34094,7,21,1
mne35394,8,1,0
mne42815,1,1,0
mne15275,3,1,0
mne31447,11,2,0
mne18257,2,1,0
mne32777,12,2,0
mne8315,1,1,0
mne34298,8,1,0
mne47785,11,2,0
mne3464,10,1,0
mne40049,1,1,0
mne34524,6,39,0
mne33233,7,1,0
mne47784,9,4,0
mne30176,12,1,0
mne51510,5,3,0
mne47793,6,4,0
mne6394,7,29,0
mne34486,6,15,0
mne40962,3,3,0
mne15657,5,2,0
mne52102,5,1,0
mne34324,8,2,0
mne47780,12,28,0
mne7625,11,1,0
mne9748,12,1,0
mne23408,4,19,0
mne49075,3,1,0
mne45851,6,37,0
mne15744,12,28,0
mne8461,6,21,0
mne30203,7,12,0
mne18573,5,4,0
mne6185,4,1,0
mne47816,7,3,0
mne26804,7,3,0
mne51062,6,1,0
mne29479,3,19,0
mne35451,6,78,4
mne472,2,2,0
mne50621,7,14,0
mne34128,4,13,0
mne19802,1,6,0
mne33251,5,2,0
mne28697,6,48,0
mne33747,7,37,1
mne19687,2,7,0
mne32728,9,3,0
mne30131,6,99,0
mne16826,11,2,0
mne27729,5,3,0
mne34085,2,1,0
mne35785,2,1,0
mne27762,7,10,0
mne2758,7,1,0
mne51516,1,1,0
mne33698,3,30,0
mne34097,7,96,0
mne34264,3,10,0
mne47840,7,33,0
mne35925,3,8,0
mne31471,2,2,0
mne35799,6,39,0
mne16875,6,48,0
mne50781,9,1,0
mne35413,1,1,0
mne33215,6,73,0
mne50610,6,9,0
mne8281,5,1,0
mne23333,4,3,0
mne30103,4,36,0
mne11194,7,2,0
mne50607,1,1,0
mne47262,5,3,0
mne50619,7,14,0
mne16567,5,13,0
mne52245,1,1,0
mne8108,5,2,0
mne50641,2,1,0
mne32222,4,31,0
mne18311,3,2,0
mne50614,3,3,0
mne51544,6,5,0
mne50608,2,11,0
mne35413,2,2,0
mne46601,7,11,1
mne32052,12,1,0
mne50558,4,9,0
mne49873,3,3,0
mne36175,5,9,0
mne47814,7,1,0
mne47772,7,5,0
mne33715,5,5,0
mne35842,4,30,1
mne47772,6,21,0
mne33216,3,1,0
mne33775,5,19,0
mne34333,7,2,0
mne24819,7,20,0
mne33765,6,63,0
mne52096,4,3,0
mne34280,7,20,0
mne34597,3,20,1
mne9432,9,2,0
mne41310,12,1,0
mne40035,7,3,0
mne28697,1,6,0
mne855,9,2,0
mne34511,11,1,0
mne33211,10,1,0
mne5678,11,1,0
mne47883,12,3,0
mne4001,4,1,0
mne21326,7,6,0
mne18599,9,1,0
mne42245,9,1,0
mne34353,1,1,0
mne9190,3,1,0
mne32084,6,2,0
mne18513,3,1,0
mne51510,10,1,0
mne8281,9,1,0
mne29438,11,7,0
mne16029,9,1,0
mne48484,9,1,0
mne34501,3,2,0
mne46621,6,15,0
mne15627,6,4,0
mne12426,5,7,0
mne16627,2,13,0
mne16813,3,1,0
mne4453,6,1,0
mne33770,9,3,0
mne1041,11,1,0
mne1442,10,1,0
mne11349,8,1,0
mne6060,12,1,0
mne11067,6,6,0
mne29379,5,1,0
mne15658,4,20,0
mne32206,8,1,0
mne34373,10,1,0
mne26805,8,5,0
mne19691,8,1,0
mne3346,4,2,0
mne34163,11,1,0
mne48471,8,1,0
mne10288,8,1,0
mne35786,5,9,0
mne10900,9,4,0
mne26777,9,2,0
mne18072,10,1,0
mne34472,8,1,0
mne21326,3,11,0
mne7392,5,1,0
mne43474,5,5,0
mne34095,10,1,0
mne33252,4,2,0
mne32179,7,15,0
mne9977,2,2,0
mne11288,12,1,0
mne18078,1,1,0
mne51582,3,2,0
mne27728,9,1,0
mne23347,7,21,0
mne47283,2,6,0
mne31427,10,14,0
mne1130,2,35,0
mne47785,10,3,0
mne45914,4,1,0
mne34342,6,6,0
mne5306,7,1,0
mne1153,3,1,0
mne19849,11,1,0
mne11738,7,21,0
mne11629,5,6,0
mne2584,11,1,0
mne32085,7,1,0
mne34287,12,16,0
mne47813,9,1,0
mne9977,10,1,0
mne45866,4,19,2
mne10812,12,1,0
mne33220,9,1,0
mne32777,8,1,0
mne16826,9,1,0
mne1153,11,1,0
mne33770,10,3,0
mne862,8,1,0
mne19849,1,1,0
mne4297,11,1,0
mne45854,6,2,0
mne26711,3,1,0
mne35457,9,1,0
mne50563,4,18,0
mne34132,12,1,0
mne21443,7,22,0
mne1442,12,1,0
mne12365,10,1,0
mne18488,7,33,0
mne369,8,1,0
mne52078,1,1,0
mne11903,12,1,0
mne753,6,12,0
mne31429,11,1,0
mne47805,9,2,0
mne17730,6,36,0
mne29479,5,50,0
mne23492,10,2,0
mne15805,3,20,0
mne35501,6,15,0
mne23451,4,43,2
mne45851,5,13,0
mne35823,2,4,0
mne23492,3,5,0
mne12506,1,7,2
mne32806,1,5,0
mne27872,4,27,0
mne35448,8,4,0
mne23451,10,28,1
mne40050,7,11,0
mne45910,5,19,0
mne34346,7,20,0
mne11651,6,42,0
mne21443,9,4,0
mne34483,1,18,0
mne17457,6,1,0
mne32755,2,15,0
mne31443,12,18,0
mne15658,6,102,0
mne12316,9,2,0
mne30354,5,18,1
mne17429,10,22,0
mne47840,9,2,1
mne15805,2,8,0
mne50558,12,12,0
mne26754,11,15,0
mne35797,4,20,0
mne18499,7,7,0
mne34550,11,14,2
mne27749,12,4,0
mne10842,11,13,0
mne11036,9,3,0
mne10798,12,12,0
mne3328,4,27,0
mne33281,7,49,0
mne34390,1,12,0
mne11743,3,5,0
mne18393,10,8,0
mne7423,4,14,0
mne264,2,18,0
mne34491,12,16,1
mne32274,7,70,0
mne29417,10,6,0
mne33765,5,23,0
mne15324,3,13,0
mne32741,11,10,0
mne10813,9,1,0
mne453,11,4,0
mne10798,4,27,1
mne22452,6,13,0
mne28682,5,20,0
mne10155,12,25,0
mne35809,7,26,0
mne49078,4,7,0
mne35841,11,8,0
mne49134,5,32,0
mne40044,2,10,0
mne45862,3,12,0
mne276,6,28,0
mne11292,3,9,0
mne35414,6,75,1
mne30101,10,9,0
mne10850,12,7,0
mne50627,1,9,0
mne33715,12,8,0
mne15628,4,3,0
mne17412,3,8,0
mne955,7,2,0
mne3224,6,49,0
mne27740,11,11,0
mne49045,11,7,0
mne32771,2,10,0
mne21382,4,56,0
mne28701,6,36,0
mne34079,7,18,0
mne47262,12,12,0
mne52075,6,45,0
mne35842,6,50,1
mne47802,3,22,0
mne11664,12,28,0
mne12177,10,34,0
mne35405,6,80,0
mne32779,6,73,0
mne11067,12,8,0
mne29417,12,19,0
mne40044,6,22,0
mne4479,2,1,0
mne3443,8,3,0
mne18488,8,18,0
mne32771,3,16,0
mne15091,5,6,0
mne15744,3,32,0
mne34094,12,5,0
mne6314,1,2,0
mne28638,10,11,0
mne2445,5,17,0
mne30103,11,17,0
mne17429,6,64,0
mne18281,9,11,0
mne41286,3,22,0
mne41343,7,10,0
mne33697,6,42,1
mne47780,10,21,0
mne34550,4,18,0
mne35441,3,62,0
mne7581,12,1,0
mne24819,6,27,0
mne30121,9,5,0
mne32827,5,5,0
mne23314,6,4,0
mne27757,6,42,0
mne27740,4,7,0
mne28605,10,13,0
mne34370,1,7,0
mne10489,8,3,0
mne29383,7,24,0
mne50608,3,24,4
mne34155,12,7,0
mne6706,4,1,0
mne2445,6,45,0
mne3644,10,14,0
mne24622,10,14,0
mne17730,11,11,0
mne26864,6,44,0
mne29381,11,14,0
mne34370,7,16,0
mne33726,11,22,0
mne42778,3,7,0
mne2812,10,4,0
mne32109,6,154,7
mne33715,3,10,0
mne34499,6,202,0
mne49955,10,2,0
mne29496,3,17,0
mne33281,2,17,0
mne32725,5,28,0
mne46620,7,12,0
mne51488,6,45,3
mne35782,3,12,0
mne48507,11,6,0
mne21326,4,8,0
mne17802,5,16,0
mne49077,10,1,0
mne27747,1,21,0
mne35441,2,21,0
mne24622,11,3,0
mne9432,4,2,0
mne32856,12,20,0
mne10047,5,24,0
mne26754,3,15,0
mne27778,6,53,0
mne46583,9,2,0
mne33282,5,9,0
mne11481,12,28,0
mne47303,1,10,0
mne15937,11,9,0
mne2343,12,1,0
mne7587,10,9,0
mne50653,12,14,0
mne32117,11,2,0
mne32109,12,43,1
mne15805,10,9,0
mne50257,2,24,0
mne34268,4,1,0
mne34123,12,16,1
mne27850,1,17,0
mne51052,1,17,0
mne24622,4,13,0
mne3328,3,31,1
mne12177,12,19,0
mne34093,8,2,0
mne34491,4,22,0
mne23408,11,17,0
mne35465,1,12,0
mne23492,6,30,0
mne34213,9,3,0
mne23296,8,2,0
mne2657,7,47,0
mne47777,5,32,3
mne45874,12,30,0
mne34370,6,36,0
mne45875,11,21,0
mne35446,6,67,0
mne15091,12,10,0
mne36174,5,22,0
mne17116,6,15,0
mne35782,6,66,1
mne35797,5,30,0
mne41286,11,17,0
mne32726,4,16,0
mne2602,1,5,0
mne34263,9,5,0
mne2938,12,9,0
mne32755,3,18,0
mne33747,9,13,0
mne31476,12,15,0
mne19687,4,13,0
mne31406,6,111,0
mne32793,1,20,2
mne17363,7,32,1
mne15937,7,2,0
mne36161,6,79,0
mne2747,2,4,0
mne34128,5,13,0
mne2537,10,8,1
mne34474,7,9,0
mne12177,7,45,0
mne33384,7,1,0
mne40762,6,65,2
mne35660,7,10,0
mne42896,12,7,0
mne34334,10,5,0
mne15013,12,38,0
mne3328,7,33,0
mne17911,5,18,0
mne17429,5,19,0
mne51087,3,23,0
mne19740,2,25,0
mne2720,5,1,0
mne35782,10,12,0
mne45910,2,20,0
mne28660,5,28,0
mne18830,3,17,0
mne34114,2,16,0
mne3024,12,1,0
mne31474,1,7,0
mne51087,12,13,0
mne1087,4,12,0
mne12607,4,7,0
mne28703,6,44,0
mne3051,6,16,0
mne33780,11,5,0
mne27747,11,6,0
mne21330,3,25,0
mne3965,12,6,0
mne32116,12,20,0
mne6598,11,7,0
mne2720,3,9,0
mne30103,10,18,0
mne49134,12,26,0
mne48469,5,6,0
mne34326,10,9,0
mne16724,1,1,0
mne12363,6,49,0
mne34483,12,17,0
mne7552,10,15,0
mne10047,4,21,0
mne29388,12,14,0
mne34152,3,23,1
mne27841,6,43,0
mne34458,10,8,0
mne32725,4,24,0
mne28909,5,7,0
mne33775,12,28,0
mne28697,12,10,0
mne29419,10,15,0
mne49078,6,31,0
mne33726,10,21,0
mne18393,2,11,0
mne3328,6,86,0
mne31448,10,19,2
mne15937,12,40,1
mne46622,2,19,0
mne31427,2,22,0
mne28752,12,10,0
mne3336,12,13,0
mne26676,10,7,0
mne15091,9,8,0
mne31478,7,24,0
mne6436,11,2,0
mne12299,4,6,0
mne1130,3,45,0
mne36026,9,5,0
mne47811,1,5,0
mne3328,5,42,0
mne12420,1,7,0
mne18256,10,3,0
mne33210,2,16,0
mne34513,12,22,0
mne753,12,6,0
mne11481,3,11,0
mne33210,9,9,0
mne41308,7,39,0
mne962,1,3,0
mne1077,3,11,0
mne32182,7,25,0
mne35785,1,13,0
mne33240,12,7,0
mne3141,4,14,0
mne11664,5,60,1
mne15324,6,23,0
mne1130,1,18,0
mne10675,1,17,0
mne11738,3,34,0
mne3328,2,16,0
mne17363,2,8,0
mne3112,5,12,0
mne35414,4,17,0
mne3105,1,6,1
mne17515,6,30,0
mne21326,1,1,0
mne31406,3,26,0
mne45859,12,30,0
mne21443,5,28,0
mne21323,5,26,0
mne3606,6,3,0
mne25075,4,23,0
mne1195,6,4,0
mne32806,12,6,0
mne25075,2,10,0
mne34326,7,20,0
mne19687,6,16,0
mne15744,6,52,0
mne33281,6,69,1
mne24737,3,7,0
mne15937,6,52,0
mne15937,5,21,0
mne11738,12,18,0
mne2542,9,4,0
mne15471,10,9,0
mne7404,1,3,0
mne28660,12,27,0
mne29431,11,7,0
mne2627,6,16,0
mne12299,1,2,0
mne45864,12,21,0
mne11503,2,11,0
mne16627,1,15,0
mne32741,2,18,0
mne1167,10,14,0
mne30218,1,6,0
mne23451,11,29,0
mne34495,5,6,0
mne27762,12,9,0
mne33691,6,5,0
mne34335,1,13,0
mne11292,7,8,0
mne31427,3,29,0
mne32856,10,7,0
mne3051,4,8,0
mne7587,6,28,0
mne46585,3,17,0
mne40143,9,1,0
mne35840,12,34,8
mne34112,11,8,0
mne623,11,7,0
mne45104,12,14,0
mne1087,11,8,0
mne42832,12,23,0
mne11743,8,1,0
mne21424,12,26,0
mne28603,4,16,0
mne47242,9,2,0
mne34597,11,15,0
mne52093,6,8,0
mne35435,3,34,0
mne29479,12,27,0
mne16039,4,4,0
mne33213,11,17,0
mne4533,4,5,0
mne44181,6,19,0
mne31427,12,20,0
mne34080,2,15,0
mne28708,10,2,0
mne31478,10,9,0
mne10842,3,13,0
mne44182,11,3,0
mne31396,10,11,0
mne24828,7,5,0
mne1336,10,5,0
mne1167,11,28,0
mne34335,11,21,0
mne15510,10,5,0
mne46662,4,21,0
mne11503,7,29,0
mne1130,6,70,0
mne517,9,2,0
mne1020,3,4,0
mne28660,6,70,0
mne21443,3,24,0
mne31478,1,9,0
mne18040,4,31,0
mne33750,6,70,1
mne23347,1,7,0
mne2575,6,41,0
mne26676,12,40,0
mne34112,9,4,0
mne10798,1,7,0
mne34318,6,25,0
mne34112,12,10,1
mne19740,5,37,0
mne18499,3,16,0
mne10149,1,6,1
mne42871,12,7,0
mne21318,12,27,0
mne45875,1,21,0
mne32242,3,2,0
mne32797,7,6,0
mne35660,6,4,0
mne32200,10,1,0
mne34080,11,10,1
mne21382,11,24,0
mne33284,7,17,0
mne34326,12,11,0
mne15658,9,2,0
mne30250,10,9,0
mne23138,7,46,0
mne35785,4,6,0
mne26720,5,10,0
mne33213,4,16,0
mne15324,2,18,0
mne30212,6,19,0
mne11481,6,97,0
mne11651,10,6,0
mne24681,12,15,0
mne33208,3,28,0
mne34550,1,27,0
mne5845,3,11,0
mne52076,7,5,0
mne41343,5,37,0
mne26784,5,20,0
mne11651,12,13,0
mne45890,11,11,0
mne31412,9,4,0
mne30103,3,37,1
mne28701,11,10,0
mne34143,7,23,0
mne33754,3,4,0
mne41286,12,15,0
mne28752,6,35,0
mne34580,11,8,0
mne33799,3,35,0
mne2940,12,44,0
mne27740,6,24,0
mne3112,11,12,0
mne34114,7,17,0
mne23301,2,35,0
mne34080,9,2,0
mne45866,3,14,2
mne33771,3,1,0
mne49094,12,14,0
mne33232,2,6,1
mne28700,6,47,0
mne2124,11,6,0
mne35453,10,17,0
mne7444,4,4,0
mne34513,9,4,0
mne12426,6,24,0
mne34334,6,15,0
mne12250,7,22,0
mne42779,10,20,0
mne28701,4,29,0
mne32793,3,25,4
mne33718,5,17,0
mne15471,12,13,0
mne33208,9,7,0
mne17802,11,5,0
mne33210,6,48,0
mne31478,11,13,0
mne23319,9,11,0
mne2913,9,3,0
mne1770,4,8,0
mne15125,6,7,0
mne33770,6,42,0
mne805,6,13,0
mne34114,4,9,0
mne28603,3,5,0
mne45340,1,5,0
mne16913,12,49,1
mne15627,12,6,0
mne32797,4,20,0
mne21424,10,8,0
mne34111,7,13,0
mne32072,3,18,0
mne2645,8,4,0
mne2124,10,9,0
mne29452,11,10,0
mne33742,9,2,0
mne2968,7,15,0
mne12354,12,7,0
mne8923,9,2,0
mne29420,9,7,0
mne34094,11,10,0
mne29447,10,13,0
mne17363,5,32,0
mne33712,10,3,0
mne27865,10,4,0
mne34114,9,8,0
mne19908,5,10,0
mne2526,6,11,0
mne23319,10,17,0
mne32274,3,25,0
mne45866,9,2,0
mne40762,10,15,0
mne35430,11,2,0
mne27702,12,8,0
mne4338,10,1,0
mne49852,6,39,0
mne26676,4,20,0
mne16875,4,26,0
mne12506,8,6,0
mne42896,3,5,0
mne49078,12,16,0
mne41462,1,11,0
mne30250,1,14,0
mne45833,10,4,0
mne32856,9,7,0
mne42779,1,8,0
mne34079,11,26,0
mne6394,12,17,0
mne16560,12,13,0
mne23307,11,8,0
mne2968,12,18,0
mne32810,4,25,0
mne3299,1,1,0
mne34154,12,13,0
mne33726,9,9,0
mne35809,1,41,0
mne21323,7,20,0
mne12470,1,4,0
mne19908,2,1,0
mne15937,2,14,1
mne23138,4,8,0
mne28701,3,39,0
mne29452,2,3,0
mne6394,6,18,0
mne35784,10,6,0
mne51052,4,5,0
mne33770,4,20,0
mne11481,7,61,0
mne21382,12,78,0
mne29381,12,10,0
mne36161,1,18,2
mne18488,2,33,0
mne33281,1,10,0
mne17515,7,14,0
mne2537,6,51,11
mne33780,6,47,0
mne21424,11,11,0
mne2940,11,20,0
mne2602,12,19,0
mne26718,1,11,0
mne41343,11,1,0
mne32274,10,12,0
mne24830,8,2,0
mne33750,12,15,1
mne34111,10,2,0
mne7552,12,7,0
mne34491,9,5,0
mne18488,11,19,0
mne31406,12,22,0
mne19760,3,17,1
mne34114,3,15,0
mne35432,9,10,0
mne31478,12,25,0
mne35467,5,39,0
mne33718,4,16,0
mne33745,3,18,0
mne34155,10,2,0
mne16852,9,11,0
mne31453,6,15,0
mne12506,3,17,4
mne16913,1,25,0
mne45340,3,23,0
mne12275,4,17,0
mne23254,10,1,0
mne18628,8,2,0
mne33226,7,2,0
mne23299,5,11,0
mne19740,12,56,0
mne27740,3,8,0
mne41368,2,8,0
mne32071,11,12,0
mne47837,3,14,0
mne32109,9,22,0
mne32802,7,3,0
mne49066,12,16,0
mne45844,2,2,0
mne17363,12,23,0
mne23370,12,5,0
mne32080,6,20,0
mne49081,5,6,0
mne15510,11,13,0
mne11292,6,11,0
mne12193,6,22,0
mne45859,10,7,0
mne3328,9,1,0
mne34458,3,18,0
mne27747,3,14,0
mne17429,3,33,0
mne7399,10,5,0
mne10489,12,33,0
mne26748,8,2,0
mne33231,3,3,0
mne33282,7,26,0
mne29381,7,10,0
mne35626,10,3,0
mne16913,4,18,0
mne16613,11,2,0
mne51546,3,16,0
mne18281,6,62,2
mne10813,5,6,0
mne30203,3,9,0
mne23256,6,12,0
mne34483,11,13,0
mne34329,6,50,0
mne32069,9,1,0
mne31474,10,18,0
mne41372,6,49,1
mne18830,12,34,0
mne1770,11,18,0
mne27740,12,5,0
mne29420,11,17,0
mne32794,12,13,0
mne34154,4,10,0
mne35453,1,12,0
mne29438,7,17,0
mne47790,2,9,0
mne32274,12,20,0
mne34458,7,9,0
mne45890,1,21,0
mne34335,12,30,0
mne32802,6,16,0
mne29456,3,38,0
mne34495,3,82,0
mne45855,4,5,0
mne50628,2,7,0
mne29381,2,11,0
mne33804,11,9,0
mne28700,10,8,0
mne12357,12,5,0
mne2630,10,11,0
mne40762,12,34,0
mne33685,12,9,0
mne7552,3,17,0
mne25346,2,10,0
mne50653,11,6,0
mne34517,2,5,0
mne34367,10,10,0
mne34080,4,15,0
mne31474,11,22,0
mne34117,2,11,0
mne15283,11,2,0
mne11651,5,6,0
mne19771,7,10,0
mne16627,6,15,0
mne11694,6,13,0
mne33687,6,4,0
mne11743,4,27,0
mne21337,7,3,0
mne34352,5,2,0
mne34400,6,28,1
mne35412,5,21,0
mne18012,6,57,0
mne33232,3,11,0
mne32167,6,1,0
mne47283,6,17,0
mne3024,5,3,0
mne23319,4,12,0
mne32774,5,10,0
mne49097,6,5,1
mne32271,7,8,0
mne34093,1,27,0
mne34090,11,16,0
mne30141,10,2,0
mne31385,6,49,0
mne2812,9,3,0
mne40762,7,44,0
mne623,7,13,0
mne33799,12,25,0
mne44182,5,9,0
mne318,6,10,0
mne47780,6,44,0
mne13723,7,3,0
mne18281,11,9,0
mne51525,7,2,0
mne11481,9,3,0
mne18599,8,1,0
mne28660,3,22,0
mne31385,10,10,0
mne23492,5,3,0
mne30250,11,19,1
mne2575,1,5,0
mne33252,12,3,0
mne18279,3,24,0
mne42871,3,8,0
mne21323,3,18,0
mne21323,6,36,0
mne29438,3,12,0
mne46662,3,23,0
mne8923,5,1,0
mne33718,9,7,0
mne3105,2,17,0
mne12607,7,4,0
mne27757,3,10,0
mne3346,5,3,0
mne34335,5,19,0
mne35395,2,1,0
mne35784,11,5,0
mne33799,9,11,0
mne21323,4,14,0
mne6314,11,4,0
mne17429,11,18,0
mne2673,4,6,0
mne44106,2,13,0
mne44106,12,13,0
mne16852,1,17,0
mne34465,1,19,0
mne51056,5,7,0
mne30218,2,6,0
mne47777,4,33,0
mne32271,12,4,0
mne51509,4,3,0
mne6436,7,6,0
mne33765,7,32,0
mne3328,10,8,0
mne1130,9,15,0
mne33734,12,15,0
mne28679,7,26,2
mne11681,7,3,0
mne50257,6,53,0
mne33240,9,6,0
mne33799,4,21,1
mne32173,11,16,0
mne2630,12,17,0
mne24622,6,45,1
mne31453,4,8,0
mne23295,6,28,0
mne33804,12,17,0
mne33249,10,3,0
mne21791,10,21,0
mne5635,11,3,0
mne36174,9,6,0
mne41368,10,10,0
mne41287,11,12,0
mne15625,3,3,0
mne7552,2,15,0
mne34274,1,13,0
mne17120,10,29,0
mne49080,11,2,0
mne34597,1,7,0
mne30103,2,28,0
mne11743,12,4,0
mne35809,2,7,0
mne12177,1,39,0
mne36027,10,14,0
mne46583,5,10,0
mne31478,9,9,0
mne7492,11,2,0
mne45863,10,5,0
mne3106,3,1,0
mne23301,6,107,0
mne1195,2,2,0
mne34455,12,16,0
mne31382,12,1,0
mne7444,3,8,0
mne33775,3,32,0
mne33213,12,22,0
mne27794,3,1,0
mne21323,8,5,0
mne7492,10,1,0
mne44339,1,6,0
mne32116,7,8,0
mne51509,6,17,0
mne51509,5,4,0
mne21323,9,8,0
mne3141,10,2,0
mne47839,12,1,0
mne9220,6,2,0
mne15428,11,1,0
mne24634,6,1,0
mne33245,10,5,0
mne34473,2,9,0
mne21323,10,5,0
mne12470,12,18,0
mne46583,12,9,0
mne2995,8,4,0
mne35435,7,18,0
mne5529,2,6,0
mne17412,11,10,0
mne16852,11,6,0
mne29495,9,2,0
mne29479,6,79,0
mne30103,12,40,0
mne1167,9,5,0
mne30354,6,66,0
mne31443,1,5,0
mne48475,6,45,0
mne30140,2,28,4
mne11067,3,6,0
mne33213,6,56,0
mne33702,9,4,0
mne12506,5,19,5
mne33282,12,12,0
mne47802,7,25,0
mne7731,7,18,0
mne19771,10,8,0
mne1195,4,1,0
mne26769,6,2,0
mne33702,4,17,0
mne34580,6,25,0
mne44062,12,2,0
mne42824,5,18,0
mne10900,10,44,0
mne1770,12,17,0
mne12315,1,3,0
mne35405,2,28,0
mne30354,2,8,0
mne31453,7,19,0
mne51509,7,10,0
mne42816,9,4,0
mne44112,12,3,0
mne24634,5,3,0
mne28701,5,19,0
mne33718,2,12,0
mne33262,10,8,0
mne454,12,9,0
mne51509,12,3,0
mne34293,2,4,0
mne29452,12,13,0
mne16560,2,2,0
mne21323,1,6,0
mne9220,5,1,0
mne32725,1,14,0
mne34089,10,2,0
mne25198,11,6,0
mne21323,11,5,0
mne31453,3,8,0
mne49135,7,25,0
mne10906,5,1,0
mne7637,7,6,0
mne4479,12,2,0
mne31489,7,8,0
mne1195,1,4,0
mne26676,3,23,0
mne28909,12,10,0
mne19771,1,6,0
mne33311,9,3,0
mne35442,4,10,0
mne18488,3,53,0
mne10813,6,22,0
mne12316,2,14,0
mne28605,5,12,0
mne43413,7,2,0
mne5845,6,16,0
mne46583,3,10,0
mne29419,2,13,0
mne17515,2,1,0
mne28605,4,10,0
mne1770,2,10,0
mne34263,5,17,0
mne9220,10,1,0
mne21323,2,5,0
mne48591,3,2,0
mne27764,7,26,0
mne9384,6,2,0
mne110,4,8,0
mne10023,6,21,0
mne48475,1,8,0
mne41372,3,32,0
mne33685,6,35,0
mne7404,3,12,0
mne18393,11,2,0
mne29421,4,1,0
mne52100,10,2,0
mne31453,5,3,0
mne11664,4,35,0
mne962,2,3,0
mne16852,2,17,0
mne29447,11,10,0
mne35462,12,25,1
mne517,11,1,0
mne34485,4,18,0
mne1130,12,31,0
mne47802,12,12,0
mne12805,10,26,0
mne12316,12,30,1
mne12275,10,4,0
mne7581,5,1,0
mne46583,11,4,0
mne32117,6,28,0
mne31406,1,30,0
mne9220,11,1,0
mne33702,5,19,0
mne41287,9,6,0
mne7492,9,3,0
mne34492,5,3,0
mne28695,11,9,0
mne27778,10,8,0
mne17365,4,6,0
mne1195,8,2,0
mne11292,1,4,0
mne14956,3,3,0
mne1195,5,1,0
mne48591,1,1,0
mne17153,9,3,0
mne27749,9,5,0
mne19740,10,12,0
mne17094,7,7,0
mne29495,10,2,0
mne35782,9,6,0
mne26765,12,6,0
mne32810,8,7,0
mne453,10,8,0
mne2738,11,10,0
mne41282,1,12,0
mne9220,7,3,0
mne48591,7,5,0
mne11700,3,3,0
mne18499,6,33,0
mne28701,2,18,0
mne32161,10,19,0
mne32732,4,3,0
mne47782,4,20,0
mne47782,12,15,0
mne31543,12,22,0
mne35841,2,4,0
mne3105,12,8,0
mne34287,10,5,0
mne30250,2,20,0
mne49094,10,12,0
mne32201,4,4,0
mne46584,6,27,0
mne1195,7,2,0
mne47802,9,2,0
mne36161,12,26,0
mne10900,8,15,0
mne23301,9,16,0
mne30144,9,5,0
mne17145,2,26,0
mne2537,12,11,0
mne28752,3,6,0
mne32732,3,1,0
mne27778,9,8,0
mne27841,10,11,0
mne50624,10,2,0
mne34277,7,6,0
mne28703,11,2,0
mne27850,11,12,0
mne6394,10,5,0
mne18012,12,20,0
mne28632,6,1,0
mne623,5,19,0
mne11743,11,3,0
mne34550,10,13,0
mne32109,5,50,2
mne7040,2,6,0
mne21791,11,10,0
mne35843,10,1,0
mne17356,9,5,0
mne3112,12,6,0
mne15625,6,25,0
mne29431,10,7,0
mne41316,7,1,0
mne28627,12,1,0
mne31385,12,23,0
mne15125,12,3,0
mne32179,4,14,0
mne10738,7,6,0
mne21424,5,36,0
mne48507,1,5,0
mne32771,8,1,0
mne9459,10,10,0
mne7492,1,2,0
mne28631,5,13,0
mne24730,4,3,0
mne30203,11,4,0
mne34117,5,13,1
mne10901,6,12,0
mne34400,2,8,3
mne27764,4,23,0
mne2968,1,4,0
mne24681,6,44,0
mne36161,3,10,0
mne9940,5,8,0
mne23301,11,9,0
mne32806,4,140,0
mne41343,12,12,0
mne11629,7,6,0
mne17268,12,5,0
mne8923,1,1,0
mne962,7,7,0
mne1087,3,6,0
mne31543,5,15,0
mne42826,3,3,0
mne33208,12,37,0
mne2445,7,23,0
mne17515,12,20,0
mne41287,12,17,0
mne5502,6,9,0
mne32755,10,6,0
mne1295,12,5,0
mne35414,11,18,0
mne32797,11,9,1
mne15009,6,12,0
mne19771,4,8,0
mne10427,11,1,0
mne29447,8,1,0
mne19908,12,6,0
mne21382,3,51,0
mne7492,7,13,0
mne26718,12,7,0
mne33712,9,4,0
mne46621,3,3,0
mne40143,2,27,0
mne34329,12,16,0
mne5845,10,1,0
mne4893,12,1,0
mne32071,5,22,5
mne47811,10,6,0
mne1130,11,21,0
mne47283,12,4,0
mne31520,4,21,0
mne12299,5,12,0
mne36175,12,6,0
mne18279,1,13,0
mne33215,11,15,0
mne34390,2,16,0
mne32771,1,9,0
mne6247,11,4,0
mne34191,7,1,0
mne18146,12,10,0
mne42896,2,5,0
mne35782,4,22,0
mne29447,1,11,0
mne34114,10,9,0
mne15013,10,27,1
mne51512,5,6,0
mne15744,1,9,0
mne24841,6,14,0
mne2968,5,34,0
mne44112,7,36,0
mne5529,4,4,0
mne46583,10,5,0
mne34280,10,12,0
mne32741,1,25,0
mne33750,7,15,0
mne34155,6,37,0
mne33205,1,1,0
mne2645,10,4,0
mne33215,7,54,0
mne34334,7,9,0
mne49134,11,27,0
mne33747,10,1,0
mne49080,3,7,0
mne17818,3,8,0
mne32072,7,22,0
mne52169,6,23,0
mne33745,11,18,1
mne10489,7,32,0
mne11503,6,22,0
mne33234,12,1,0
mne34346,3,13,0
mne28695,7,8,0
mne10117,1,3,0
mne34491,7,16,0
mne21424,9,5,0
mne33311,10,3,0
mne32793,12,15,1
mne16030,3,5,0
mne36027,4,43,0
mne44386,4,24,1
mne48524,10,4,0
mne42824,2,1,0
mne23301,3,54,0
mne33232,5,9,1
mne34329,7,9,0
mne52108,10,3,0
mne10427,8,1,0
mne32109,8,11,0
mne47242,7,6,0
mne16675,5,5,0
mne23299,1,3,0
mne24818,6,137,2
mne12177,8,9,0
mne2938,3,6,0
mne19802,3,11,0
mne34380,9,10,0
mne32072,5,20,0
mne2691,7,12,0
mne34080,8,1,0
mne33281,4,11,0
mne17363,1,15,0
mne28605,11,14,0
mne16030,6,39,0
mne44182,3,9,0
mne32726,11,11,0
mne16852,10,14,0
mne44060,6,25,1
mne12315,10,4,0
mne28638,12,13,0
mne15369,9,3,0
mne26784,12,14,0
mne48475,9,7,0
mne41282,12,50,0
mne3224,5,16,0
mne45866,2,8,2
mne26741,12,6,0
mne8461,10,7,0
mne17730,3,21,0
mne30218,11,12,0
mne26873,8,10,0
mne40120,12,13,1
mne19771,6,28,0
mne28631,6,13,0
mne21424,8,1,0
mne12315,12,10,0
mne33780,12,23,0
mne42779,3,23,0
mne17911,12,8,0
mne11481,1,51,0
mne15516,11,4,0
mne45859,5,23,1
mne32774,9,1,0
mne34080,3,5,0
mne34299,9,3,0
mne16875,1,23,0
mne29419,8,4,0
mne34295,11,6,0
mne30153,4,7,1
mne7423,5,11,0
mne9940,11,5,0
mne23316,10,2,0
mne33742,10,10,0
mne32741,8,1,0
mne34458,11,9,0
mne41282,2,16,0
mne34367,9,2,0
mne3866,9,2,0
mne32072,11,8,0
mne5845,5,4,0
mne28705,3,2,0
mne35451,11,10,1
mne5764,9,8,0
mne34485,10,12,0
mne19740,1,22,0
mne24818,9,9,0
mne10047,11,9,0
mne16039,1,2,0
mne27872,11,7,0
mne23296,3,3,0
mne28701,1,3,0
mne12607,1,1,0
mne34380,12,30,3
mne35441,11,8,0
mne28700,12,17,0
mne623,10,3,0
mne9432,2,1,0
mne31448,12,1,0
mne34458,12,17,0
mne23309,11,4,0
mne40028,4,31,0
mne12354,8,3,0
mne32755,11,6,0
mne51488,2,7,0
mne49052,12,1,0
mne2995,7,59,0
mne6436,3,1,0
mne45864,11,18,0
mne34084,9,3,0
mne32126,5,1,0
mne10798,11,9,0
mne34367,3,6,0
mne29490,12,16,0
mne34293,6,6,0
mne8304,8,1,0
mne33284,12,29,0
mne34533,6,17,0
mne41286,10,13,0
mne11384,8,1,0
mne29383,3,24,0
mne2691,6,17,0
mne41308,3,10,0
mne33245,7,38,1
mne23319,3,35,0
mne33734,3,19,1
mne33281,3,18,0
mne27757,5,11,0
mne44106,1,15,0
mne26797,4,3,0
mne30354,12,18,1
mne34473,3,5,0
mne16045,9,6,0
mne34090,10,20,0
mne18040,12,15,0
mne31476,2,37,0
mne27778,3,9,0
mne494,3,1,0
mne50624,7,9,0
mne29447,2,18,0
mne10850,6,13,0
mne6598,2,1,0
mne35441,10,14,0
mne35884,12,41,0
mne32785,11,2,0
mne18040,5,31,0
mne44180,4,4,0
mne36191,3,17,1
mne31520,10,5,0
mne2537,1,5,0
mne7492,12,7,0
mne33215,3,25,0
mne26742,9,2,0
mne35467,3,42,0
mne623,9,2,0
mne17356,10,4,0
mne12472,6,28,0
mne49852,12,13,0
mne33245,12,13,0
mne26720,2,12,0
mne26754,6,31,0
mne12420,4,12,0
mne46584,7,12,0
mne30220,3,23,0
mne50627,10,3,0
mne17818,4,2,0
mne29496,2,8,0
mne110,6,46,0
mne1087,2,9,0
mne49954,7,7,0
mne46630,11,3,0
mne11637,11,2,0
mne15658,10,4,0
mne33213,5,29,0
mne30221,9,4,0
mne34123,8,2,0
mne7602,12,2,0
mne15324,5,16,0
mne32779,12,13,0
mne52076,4,6,1
mne851,3,3,0
mne21330,10,3,0
mne2720,12,4,0
mne27865,7,4,0
mne1077,1,4,0
mne26824,4,2,0
mne7399,12,5,0
mne15018,10,2,0
mne2124,3,10,0
mne12426,1,4,0
mne28632,3,69,0
mne36174,6,83,1
mne9880,6,21,0
mne10900,3,18,0
mne49102,5,5,0
mne9940,6,28,0
mne34486,5,8,0
mne42832,10,12,0
mne3336,2,7,0
mne32755,8,3,0
mne8304,1,2,0
mne16987,4,3,0
mne10850,5,5,0
mne25075,11,6,0
mne29384,4,6,0
mne34123,9,5,0
mne27865,5,10,0
mne33799,11,11,0
mne17116,4,3,0
mne31448,5,17,1
mne3106,7,2,0
mne5502,3,2,0
mne12581,6,34,0
mne16665,6,11,0
mne24681,7,14,0
mne28660,9,2,0
mne3258,12,13,0
mne34400,7,13,0
mne28605,9,12,0
mne16030,9,3,0
mne3105,5,18,0
mne32071,12,24,1
mne33313,8,2,0
mne3141,11,13,0
mne30121,4,9,0
mne33765,9,6,0
mne888,8,1,0
mne35785,11,1,0
mne7637,6,7,0
mne32774,10,2,0
mne962,4,7,0
mne16852,5,25,0
mne10850,7,6,0
mne32109,10,24,0
mne34166,4,6,0
mne34580,3,5,0
mne15516,12,12,0
mne32797,10,13,0
mne27747,4,8,0
mne28605,12,18,0
mne44112,5,5,0
mne26748,9,8,0
mne29455,11,5,0
mne3224,3,16,0
mne18281,4,10,0
mne35841,4,12,0
mne17145,9,11,0
mne33726,4,39,1
mne41315,10,11,0
mne15625,10,9,0
mne32810,11,3,0
mne1130,10,16,0
mne50609,6,5,0
mne26693,3,3,0
mne24622,7,33,0
mne6314,12,2,0
mne11503,11,4,0
mne26864,4,17,0
mne33726,8,2,0
mne17120,11,48,0
mne395,12,1,0
mne18012,9,3,0
mne48507,7,27,0
mne41308,12,9,0
mne16913,6,59,0
mne41312,9,1,0
mne10427,6,10,0
mne32825,3,16,0
mne18279,9,16,0
mne10825,12,21,0
mne15805,12,8,0
mne32116,9,4,0
mne32810,12,21,0
mne3965,11,6,0
mne36026,6,36,0
mne31443,5,1,0
mne6436,12,3,0
mne11694,1,1,0
mne23451,9,8,0
mne35432,11,10,0
mne17730,10,7,0
mne35403,7,53,0
mne3224,7,20,0
mne34293,7,7,0
mne17094,9,2,0
mne33718,6,68,0
mne35797,11,12,0
mne47780,1,14,0
mne453,12,13,0
mne11479,3,5,0
mne19740,8,4,0
mne32802,9,1,0
mne487,5,1,0
mne33931,11,4,0
mne7203,5,2,0
mne7444,9,2,0
mne33311,2,7,0
mne15202,11,1,0
mne2812,6,25,0
mne6735,12,8,0
mne34533,4,5,0
mne24830,12,4,0
mne31476,10,25,0
mne33775,2,7,0
mne23327,5,2,0
mne2889,10,13,0
mne47782,9,6,0
mne49036,3,4,0
mne34481,12,22,0
mne11060,12,7,0
mne40762,3,22,0
mne5883,8,1,0
mne34390,12,17,0
mne45910,11,10,0
mne34274,12,4,0
mne31448,9,10,1
mne29447,12,33,0
mne34138,10,18,0
mne29456,12,18,0
mne34114,12,15,0
mne4317,1,1,0
mne42779,12,14,0
mne33697,11,12,0
mne2938,2,3,0
mne7552,5,17,0
mne40044,3,4,0
mne805,4,12,0
mne17363,11,23,0
mne517,10,6,0
mne35660,8,1,0
mne28700,3,14,0
mne32178,12,20,0
mne30220,11,9,0
mne18040,1,8,0
mne29455,3,32,0
mne10547,2,4,0
mne30221,2,12,0
mne2747,11,3,0
mne19740,9,8,0
mne32793,11,3,0
mne10427,1,3,0
mne15202,7,13,0
mne33215,2,15,0
mne33231,1,7,0
mne34335,2,17,0
mne962,5,6,0
mne15658,11,1,0
mne33685,4,6,0
mne35405,9,2,0
mne34080,10,4,0
mne28682,9,6,0
mne805,2,1,0
mne23319,5,19,0
mne2582,9,11,0
mne3644,2,24,0
mne22452,12,22,0
mne26784,11,8,0
mne4023,3,6,0
mne49037,10,1,0
mne16036,11,5,0
mne15125,5,6,0
mne22452,5,4,0
mne753,7,16,0
mne10149,6,33,0
mne33213,2,16,0
mne16987,6,3,0
mne45890,10,5,0
mne34117,1,5,0
mne16675,6,40,0
mne34268,2,3,0
mne34486,4,22,0
mne34299,3,12,0
mne32741,4,23,0
mne30354,8,3,0
mne21791,7,17,0
mne36027,7,28,0
mne52171,7,3,0
mne34481,4,12,0
mne12193,7,17,0
mne36026,10,6,0
mne34455,1,15,0
mne32072,4,6,0
mne3044,1,4,0
mne34112,10,7,0
mne40044,11,2,0
mne977,9,4,0
mne33726,7,46,0
mne34400,12,14,3
mne784,9,1,0
mne32209,7,22,0
mne35467,10,17,0
mne7423,2,8,0
mne33691,9,1,0
mne50257,10,1,0
mne50632,6,25,0
mne21424,7,16,0
mne5764,2,13,0
mne49954,1,3,0
mne32793,10,13,3
mne21390,6,1,0
mne517,3,11,0
mne33718,7,42,0
mne30218,5,19,1
mne32178,1,15,0
mne32741,10,1,0
mne453,5,10,0
mne7552,4,13,0
mne33210,8,5,0
mne11629,6,10,0
mne5883,6,6,0
mne45863,7,30,0
mne52100,3,14,0
mne18012,4,37,0
mne51052,6,25,0
mne17818,9,4,0
mne31382,11,3,0
mne51500,10,3,0
mne28610,6,12,0
mne45866,1,8,0
mne49080,5,6,0
mne29419,9,9,0
mne15009,12,1,0
mne36026,12,11,0
mne28638,11,9,0
mne23301,7,10,0
mne21330,7,22,0
mne10068,7,58,0
mne34155,3,2,0
mne2445,10,6,0
mne33712,12,6,0
mne34351,12,11,0
mne453,1,8,0
mne19802,7,15,0
mne18628,3,2,0
mne33697,7,7,0
mne27865,11,8,0
mne48469,11,1,0
mne12315,11,4,0
mne34299,2,16,0
mne35785,6,22,0
mne34499,1,6,0
mne15625,5,13,0
mne1295,6,15,0
mne32117,5,3,0
mne46620,6,5,0
mne51052,11,7,0
mne41343,9,4,0
mne45340,8,3,0
mne33734,5,12,0
mne12354,6,8,0
mne1032,11,1,0
mne35405,11,16,0
mne7587,7,5,0
mne34346,5,8,0
mne27764,1,2,0
mne27764,11,3,0
mne33726,12,31,0
mne23370,7,7,1
mne4533,6,5,0
mne28603,2,2,0
mne9577,1,1,0
mne29419,12,27,0
mne35446,9,4,0
mne32222,10,6,0
mne24841,12,7,0
mne26754,10,12,0
mne42871,4,8,0
mne28682,11,10,0
mne34517,1,11,0
mne31448,1,9,0
mne7399,4,29,0
mne23314,5,12,0
mne50702,4,4,0
mne264,8,3,0
mne10155,10,4,0
mne23307,12,6,0
mne29495,6,21,0
mne34090,4,17,0
mne42896,11,5,0
mne27764,9,2,0
mne15369,3,11,0
mne36030,2,14,0
mne32109,11,24,1
mne29479,11,6,0
mne11651,7,20,0
mne35842,12,27,2
mne7103,11,10,0
mne45862,11,3,0
mne4540,2,1,0
mne320,11,1,0
mne12472,12,6,0
mne45862,7,14,0
mne27778,12,8,0
mne2720,6,3,0
mne40044,9,1,0
mne29456,2,14,0
mne34090,5,28,0
mne26718,7,41,0
mne33747,8,3,0
mne1077,12,3,0
mne34355,10,1,0
mne9384,4,6,1
mne12250,6,1,0
mne10842,4,2,0
mne33215,4,28,0
mne33240,10,4,0
mne47811,7,22,0
mne51607,10,1,0
mne35451,9,6,0
mne36027,9,24,0
mne3299,7,8,0
mne50627,7,10,0
mne44139,3,15,0
mne42792,6,8,0
mne28909,10,17,0
mne34093,3,40,0
mne32109,3,27,1
mne47262,7,21,0
mne15510,3,14,0
mne33804,2,4,0
mne32825,5,17,0
mne12275,1,13,0
mne49094,2,12,0
mne3336,4,19,0
mne15283,7,2,0
mne35453,3,13,0
mne35626,3,6,0
mne28679,11,8,2
mne34299,5,24,0
mne12316,3,22,0
mne41282,3,46,0
mne962,10,5,0
mne33765,2,22,0
mne34112,4,8,1
mne17515,3,10,0
mne33208,4,20,0
mne2691,9,1,0
mne28660,2,17,0
mne34263,4,16,0
mne25198,5,27,0
mne31448,4,22,1
mne26720,10,5,0
mne7881,7,22,0
mne12357,11,11,0
mne48484,2,1,0
mne31406,11,8,0
mne1332,10,1,0
mne40142,4,16,0
mne19771,3,2,0
mne15510,5,11,0
mne116,5,3,0
mne11067,1,7,0
mne2738,6,20,0
mne26748,4,19,0
mne9542,8,1,0
mne33208,11,29,0
mne12354,11,4,0
mne21424,2,14,0
mne4338,2,6,0
mne33215,10,16,0
mne32198,7,7,0
mne24625,7,3,0
mne27865,4,10,0
mne21326,5,3,0
mne30212,1,2,0
mne2601,9,1,0
mne29421,5,4,0
mne30257,4,4,0
mne32725,11,20,0
mne33799,10,5,0
mne15022,3,15,0
mne15625,4,3,0
mne35448,7,13,0
mne51056,12,8,0
mne24807,3,4,0
mne24622,12,9,0
mne34154,11,23,0
mne32222,5,27,0
mne32271,6,6,0
mne17515,1,4,0
mne36030,4,19,0
mne9053,8,1,0
mne22452,3,1,0
mne49077,3,12,0
mne26873,1,26,0
mne15516,10,3,0
mne47811,5,16,0
mne30101,2,21,0
mne15007,10,8,0
mne35842,11,9,0
mne29431,1,6,0
mne28610,10,1,0
mne31478,4,32,0
mne33210,11,11,0
mne11637,10,1,0
mne34295,12,24,0
mne34535,12,24,0
mne15625,11,2,0
mne29479,4,32,0
mne34486,8,2,0
mne19908,7,11,0
mne17802,12,12,0
mne47790,3,7,0
mne45863,8,13,0
mne9432,5,1,0
mne28605,8,3,0
mne51508,7,21,0
mne15627,2,3,0
mne27735,3,5,0
mne2537,7,10,2
mne33231,2,8,0
mne33799,7,43,0
mne26911,3,5,0
mne30141,6,64,0
mne116,7,2,0
mne26718,11,1,0
mne17412,5,7,0
mne19716,7,1,0
mne30154,5,7,0
mne18599,7,14,0
mne32726,5,22,0
mne34294,2,12,0
mne35435,4,16,0
mne52245,6,7,0
mne166,6,23,0
mne32182,2,3,0
mne7418,5,2,0
mne33780,4,8,0
mne34458,4,17,0
mne34155,2,6,0
mne30153,1,4,0
mne264,9,7,0
mne27778,11,4,0
mne16036,5,12,0
mne31510,2,1,0
mne42778,6,21,0
mne29490,7,9,0
mne15625,7,14,0
mne805,8,2,0
mne32271,3,3,0
mne26754,4,7,0
mne29490,3,21,0
mne32109,2,8,0
mne35395,6,23,0
mne15471,7,23,0
mne110,5,18,0
mne29381,9,4,0
mne34517,5,17,0
mne23296,9,6,0
mne29455,5,19,0
mne30140,12,13,0
mne23319,2,9,0
mne27865,3,12,0
mne34094,10,2,0
mne318,12,1,0
mne33742,11,26,0
mne31457,2,8,0
mne41282,6,124,2
mne753,3,13,0
mne34156,4,3,0
mne2445,12,22,0
mne18281,10,10,0
mne15625,2,7,0
mne10900,11,20,0
mne35467,1,22,0
mne3606,2,5,0
mne41368,3,23,0
mne15658,12,17,0
mne31448,7,11,1
mne45875,3,18,0
mne34352,1,3,0
mne2601,6,6,0
mne18256,11,1,0
mne51500,4,13,0
mne41315,7,22,0
mne34440,9,5,0
mne3141,2,9,0
mne10489,10,19,0
mne23301,1,32,0
mne12275,12,8,0
mne34326,2,12,0
mne33249,6,10,0
mne31427,11,8,0
mne2691,3,11,0
mne33245,1,7,0
mne32793,5,27,2
mne42824,1,6,0
mne30250,12,26,0
mne2582,11,7,0
mne2691,8,1,0
mne2526,5,2,0
mne882,3,1,0
mne34294,7,15,0
mne623,12,18,0
mne15744,5,20,0
mne35462,1,10,0
mne26769,4,9,0
mne16541,6,3,0
mne33748,5,8,0
mne21791,2,22,0
mne34334,12,5,0
mne23296,4,10,0
mne3328,12,17,0
mne3024,2,2,0
mne745,6,13,1
mne44062,5,5,0
mne34455,4,24,0
mne34112,6,17,0
mne26754,12,12,0
mne34486,3,19,0
mne28631,9,1,0
mne33747,3,2,0
mne28909,3,4,0
mne18146,5,10,0
mne47242,6,7,0
mne35442,7,39,0
mne34367,6,65,0
mne35784,6,17,0
mne1770,3,16,0
mne10284,3,3,0
mne29496,1,15,0
mne33799,5,12,0
mne48468,5,12,0
mne32779,10,6,0
mne7602,4,6,0
mne2124,1,5,0
mne46585,1,6,0
mne28682,3,12,0
mne18499,10,1,0
mne45844,6,20,0
mne851,1,2,0
mne35432,3,16,0
mne17120,2,19,0
mne28909,9,3,0
mne33718,10,15,0
mne35405,5,31,0
mne45864,10,13,0
mne50701,5,6,3
mne18499,12,2,0
mne34318,11,2,0
mne21791,9,4,0
mne7637,3,9,0
mne2630,8,2,0
mne46254,11,5,0
mne33765,11,19,0
mne50644,5,2,0
mne30154,3,4,0
mne28701,12,31,0
mne46584,2,3,0
mne10155,3,8,0
mne33799,1,7,0
mne10067,5,3,0
mne23347,10,6,0
mne3443,1,6,0
mne33245,2,12,0
mne52108,5,11,0
mne45863,12,11,0
mne28695,3,6,0
mne44060,5,3,0
mne34213,6,3,0
mne31471,3,1,0
mne28605,2,12,0
mne49080,1,4,0
mne29496,11,2,0
mne10842,12,10,0
mne7528,1,1,0
mne11060,6,15,0
mne26741,6,10,0
mne2645,12,9,0
mne2995,4,16,0
mne34335,8,4,0
mne30140,3,26,0
mne18488,1,40,0
mne19760,11,3,0
mne33750,5,26,1
mne343,6,8,0
mne4479,4,2,0
mne33346,5,3,0
mne34351,3,15,0
mne45863,11,2,0
mne7587,5,1,0
mne33804,6,26,0
mne51056,7,23,0
mne35797,7,17,0
mne49852,4,14,0
mne21318,9,7,0
mne33742,2,10,0
mne28679,10,6,0
mne30103,7,8,0
mne12420,6,31,0
mne26748,3,30,0
mne29384,7,37,0
mne34274,4,8,0
mne46585,5,14,0
mne4623,6,17,0
mne28603,11,8,0
mne34274,3,4,0
mne34380,3,35,0
mne32072,10,11,0
mne45874,4,28,0
mne45821,7,5,0
mne32222,11,5,0
mne12275,7,5,0
mne30101,1,20,0
mne34498,1,11,0
mne4533,10,1,0
mne50627,6,8,0
mne23138,6,4,0
mne46583,2,6,0
mne17094,4,1,0
mne27747,12,5,0
mne29381,3,24,0
mne29456,11,10,0
mne17094,1,5,0
mne42871,10,5,0
mne11651,9,1,0
mne15013,8,4,0
mne35809,5,21,2
mne47811,2,4,0
mne18146,11,8,0
mne23370,5,4,0
mne33231,4,17,0
mne264,3,8,0
mne35414,10,8,0
mne28697,5,17,0
mne48474,6,48,0
mne9390,6,21,0
mne47863,5,8,0
mne32797,1,8,0
mne19759,8,1,0
mne50634,6,13,0
mne23319,7,21,0
mne10675,8,6,0
mne34491,3,16,2
mne3024,1,4,0
mne44182,1,6,0
mne50703,6,8,0
mne45858,6,5,0
mne27841,7,30,0
mne30354,7,21,0
mne4023,6,8,0
mne5883,4,1,0
mne32173,3,20,0
mne33780,1,7,0
mne28909,7,15,0
mne30220,12,19,1
mne52069,7,14,0
mne3644,8,6,1
mne45874,7,40,0
mne32071,8,1,0
mne3644,12,7,0
mne4280,6,2,0
mne9287,6,1,0
mne17429,1,7,0
mne31385,11,16,0
mne487,6,3,0
mne50608,5,26,2
mne21330,4,17,0
mne34372,2,8,0
mne16626,3,2,0
mne34093,9,7,0
mne4338,1,15,0
mne2968,2,9,0
mne32725,7,28,0
mne35456,5,3,0
mne34293,12,2,0
mne5883,5,3,0
mne33276,4,3,0
mne30153,12,6,0
mne41286,4,14,0
mne718,4,7,0
mne28697,3,22,0
mne27872,2,5,0
mne32209,5,18,0
mne31448,11,17,4
mne33712,11,4,0
mne36175,6,23,0
mne29388,11,7,0
mne42826,7,3,0
mne35414,3,12,0
mne33210,4,19,0
mne33745,5,23,0
mne7637,1,6,0
mne45862,2,8,0
mne33698,2,14,0
mne3106,4,4,0
mne2602,5,15,0
mne32179,6,35,0
mne28699,6,6,0
mne34154,2,14,0
mne36030,3,20,0
mne33208,2,21,0
mne35435,2,8,0
mne2738,7,16,0
mne47790,6,28,5
mne10047,3,19,0
mne47779,4,12,0
mne45104,4,1,0
mne19908,4,4,0
mne32116,11,13,0
mne29388,2,19,0
mne2747,5,6,0
mne1167,1,20,0
mne23307,7,4,0
mne24818,4,44,0
mne3112,3,4,0
mne35840,3,24,2
mne50608,1,17,2
mne33747,6,19,0
mne31427,1,11,0
mne6394,9,2,0
mne34440,2,1,0
mne34483,2,18,0
mne26676,7,18,0
mne33702,8,3,0
mne32725,3,35,0
mne3896,6,19,0
mne31385,8,5,0
mne34499,8,2,0
mne10049,3,1,0
mne35799,11,8,0
mne34080,5,4,0
mne3606,11,3,0
mne10900,12,35,0
mne7423,7,9,0
mne33702,2,8,0
mne33747,2,1,0
mne24841,7,7,0
mne44060,1,2,0
mne45862,6,23,0
mne24828,6,2,0
mne27764,12,6,0
mne15008,4,1,0
mne17429,2,5,0
mne44339,6,35,0
mne6394,3,7,0
mne18500,12,2,0
mne6598,3,4,0
mne31474,6,64,0
mne23138,12,1,0
mne16045,4,6,0
mne10900,4,40,0
mne11664,2,22,0
mne31406,5,36,0
mne33346,11,1,0
mne12357,10,4,0
mne15324,11,6,0
mne34513,4,20,0
mne10047,12,6,0
mne50608,9,5,0
mne11292,4,4,0
mne32178,7,12,0
mne34294,3,22,1
mne45851,7,13,2
mne2542,2,5,0
mne47811,4,10,0
mne16045,12,2,0
mne34550,7,12,0
mne52169,5,15,0
mne7404,11,4,0
mne45874,2,8,0
mne45874,1,2,0
mne34152,6,52,0
mne16780,5,1,0
mne34440,5,8,0
mne11697,6,4,0
mne32117,7,5,0
mne2940,10,5,0
mne10049,7,3,0
mne49954,4,23,0
mne15428,5,2,0
mne47839,4,12,0
mne21791,4,33,1
mne29479,9,6,0
mne18279,11,3,0
mne30151,8,1,0
mne35446,1,6,0
mne2445,3,22,0
mne10032,4,4,0
mne41343,10,5,0
mne18488,4,48,0
mne23299,12,7,0
mne36161,7,43,1
mne40143,10,9,0
mne48673,4,4,0
mne12470,2,7,0
mne35461,12,10,0
mne32825,8,5,0
mne34277,10,1,0
mne35414,1,16,0
mne31457,1,5,0
mne10850,1,9,0
mne2812,11,4,0
mne18628,11,5,0
mne3258,1,4,0
mne25075,12,10,0
mne48507,12,11,0
mne49062,3,3,0
mne40120,3,17,0
mne453,3,2,0
mne31489,4,5,0
mne17802,2,22,0
mne34287,2,14,1
mne2575,12,7,0
mne48468,1,14,2
mne42832,8,6,0
mne11629,1,3,0
mne7418,1,4,0
mne41286,9,8,0
mne34351,5,23,0
mne34537,1,41,0
mne40142,12,9,0
mne17094,11,2,0
mne36030,12,9,0
mne26738,7,2,0
mne33685,1,6,0
mne35797,2,19,0
mne26676,9,3,0
mne15091,1,7,0
mne28700,2,12,0
mne15937,3,15,0
mne3105,7,15,0
mne27865,6,27,0
mne12357,6,23,0
mne8923,7,14,0
mne45864,5,51,1
mne30263,5,1,0
mne2542,3,7,0
mne50608,12,10,0
mne15008,1,2,0
mne33213,1,12,0
mne982,3,3,0
mne47782,2,15,0
mne33745,6,75,0
mne33262,5,41,1
mne36026,11,14,0
mne50608,4,11,0
mne31448,2,23,3
mne34329,1,7,0
mne24807,7,6,0
mne45866,6,27,3
mne36026,3,8,0
mne47811,12,25,0
mne6251,5,3,1
mne29456,5,29,0
mne35782,5,19,0
mne35626,5,8,0
mne28660,7,25,0
mne45104,1,6,0
mne21337,5,6,0
mne11060,5,2,0
mne7610,6,10,0
mne5764,11,1,0
mne34533,5,11,0
mne29499,3,1,0
mne27740,7,11,0
mne43413,5,2,0
mne32856,6,14,0
mne16567,2,6,0
mne42792,5,6,0
mne32071,3,25,0
mne110,7,47,0
mne35503,6,12,0
mne34348,4,3,0
mne36161,4,24,0
mne31474,7,26,0
mne28605,6,23,0
mne14773,10,7,1
mne49054,6,8,0
mne34079,5,16,0
mne41372,10,15,0
mne12315,5,8,0
mne33726,2,19,0
mne16875,8,1,0
mne36174,3,15,0
mne32794,2,15,1
mne52100,5,25,0
mne28708,6,4,0
mne44139,4,34,0
mne30101,5,33,0
mne10489,9,2,0
mne32222,1,12,0
mne34390,5,37,0
mne21318,3,18,0
mne6394,8,4,0
mne32179,12,7,0
mne44386,10,7,0
mne45874,5,25,0
mne2657,6,71,0
mne34580,7,18,0
mne2645,3,16,0
mne31406,10,13,0
mne32178,3,23,0
mne34550,9,11,2
mne40120,6,40,2
mne23296,10,6,0
mne27841,11,15,0
mne50653,9,3,0
mne29461,7,1,0
mne35395,7,14,1
mne34089,9,1,0
mne34443,6,10,0
mne33819,7,9,0
mne433,5,1,0
mne34326,11,17,0
mne35456,12,19,0
mne10489,5,39,0
mne23138,1,1,0
mne12275,2,12,0
mne51087,1,21,0
mne19708,12,1,0
mne34280,2,16,0
mne28700,4,10,0
mne29494,7,21,0
mne28695,6,18,0
mne9390,1,4,0
mne29455,10,8,0
mne6598,9,3,0
mne16045,11,17,0
mne29490,4,20,0
mne35784,5,9,0
mne32080,3,21,0
mne6436,1,1,0
mne623,3,15,0
mne26720,12,11,0
mne32806,3,8,0
mne15369,12,8,1
mne47780,7,7,0
mne2889,2,2,0
mne31385,5,26,1
mne24807,5,1,0
mne2445,4,5,0
mne34154,7,19,0
mne49054,4,16,0
mne12420,2,3,0
mne36175,1,2,0
mne3866,12,1,0
mne33210,12,21,0
mne33284,5,32,0
mne7610,12,4,0
mne48469,12,6,0
mne3644,3,32,0
mne33232,9,1,0
mne1195,12,2,0
mne15937,4,27,0
mne40142,9,5,0
mne30220,10,11,0
mne16181,1,1,0
mne19740,3,45,0
mne33712,5,9,0
mne34370,3,9,0
mne9940,3,1,0
mne51052,9,1,0
mne41282,11,18,0
mne1020,7,1,0
mne7587,12,11,0
mne10778,7,1,0
mne10023,3,3,0
mne47283,3,5,0
mne21424,1,12,0
mne34351,1,3,0
mne35412,6,7,0
mne33685,7,5,0
mne12177,9,12,0
mne17911,10,7,0
mne28697,11,16,0
mne21424,4,18,0
mne21382,10,8,0
mne34486,11,7,0
mne48474,12,20,0
mne7444,11,1,0
mne32109,4,15,1
mne12354,10,3,0
mne30141,5,15,0
mne2738,4,17,0
mne29388,4,13,0
mne15091,4,2,0
mne8108,7,8,0
mne6247,1,2,0
mne3105,10,4,0
mne29494,9,1,0
mne31448,8,9,0
mne45864,9,17,0
mne29479,2,10,0
mne18040,7,15,0
mne32116,2,7,0
mne48524,5,6,0
mne31385,1,8,0
mne32806,9,14,0
mne4023,8,4,0
mne35395,1,3,0
mne34548,5,3,0
mne32212,7,7,0
mne21443,2,15,0
mne49036,7,9,0
mne28662,5,1,0
mne15018,3,6,0
mne4533,2,6,0
mne31457,11,4,0
mne32274,5,11,0
mne9432,6,6,0
mne41369,10,6,0
mne2738,1,13,0
mne34094,4,26,0
mne33231,12,38,0
mne28605,3,19,1
mne33745,1,8,0
mne34370,12,11,0
mne32725,12,22,0
mne51488,4,9,0
mne32178,10,2,0
mne34495,4,18,0
mne4317,3,5,0
mne27790,12,1,0
mne15510,7,11,0
mne49954,3,11,1
mne32071,9,2,0
mne8729,12,7,0
mne15091,3,8,0
mne36030,1,13,0
mne32117,4,8,0
mne46621,12,3,0
mne18040,2,22,0
mne34154,1,4,0
mne30220,1,6,0
mne6161,12,10,0
mne34458,2,17,0
mne33718,11,14,0
mne47863,4,4,0
mne36026,7,12,0
mne34313,12,3,0
mne9191,10,1,0
mne30154,7,11,0
mne52071,5,5,0
mne28752,1,5,0
mne17153,8,3,0
mne51052,5,18,0
mne28631,4,10,0
mne35462,3,19,0
mne44102,5,4,1
mne24622,5,13,0
mne35799,3,16,0
mne16875,10,5,0
mne9191,7,5,0
mne33770,2,5,0
mne16345,3,9,0
mne3965,4,11,0
mne44101,1,8,0
mne35448,6,31,0
mne18146,2,5,0
mne33716,6,5,0
mne10777,7,1,0
mne33770,3,21,0
mne34155,4,11,0
mne28752,2,4,0
mne34334,4,11,0
mne40044,1,4,0
mne44106,11,12,0
mne35405,8,1,0
mne7492,6,21,0
mne31406,2,16,0
mne36175,2,4,0
mne517,1,2,0
mne33712,2,13,0
mne18256,1,10,0
mne27749,4,8,0
mne34550,2,7,0
mne16541,4,3,0
mne51508,3,3,0
mne264,4,8,0
mne36027,5,32,0
mne34294,5,20,0
mne15627,5,16,1
mne27747,2,4,0
mne47772,3,9,0
mne9384,5,4,0
mne35842,9,1,0
mne6251,7,12,0
mne32825,4,17,0
mne31520,3,16,0
mne32771,6,17,0
mne19687,10,9,0
mne8461,2,9,0
mne34268,10,1,0
mne2645,6,4,0
mne33236,3,9,0
mne27790,4,1,0
mne32212,6,3,0
mne23451,8,3,0
mne15744,2,12,0
mne23307,3,11,1
mne50628,11,6,0
mne34149,4,5,0
mne34524,10,8,0
mne46622,3,27,1
mne35405,7,19,0
mne34455,11,12,0
mne2691,4,4,0
mne30121,12,6,0
mne9287,3,3,0
mne47807,6,8,0
mne35840,5,23,1
mne46584,5,14,0
mne17429,4,22,0
mne34093,6,32,0
mne44141,9,7,0
mne24730,7,8,0
mne46622,1,17,0
mne34263,6,28,0
mne46622,4,9,0
mne1392,10,2,0
mne47779,9,4,0
mne17818,1,4,0
mne33208,5,34,0
mne47883,3,3,0
mne29494,4,5,0
mne10489,1,10,0
mne23347,3,9,0
mne45855,3,16,0
mne16913,5,13,0
mne33240,2,19,0
mne30354,11,4,0
mne34495,6,3,0
mne33775,6,76,2
mne52164,6,2,0
mne17116,3,3,0
mne32127,3,3,0
mne33236,12,4,0
mne30212,5,9,0
mne28697,4,21,0
mne34482,1,40,0
mne12472,4,8,0
mne7444,5,2,0
mne18146,10,5,0
mne32785,12,23,0
mne12472,11,6,0
mne17944,12,3,0
mne32771,9,9,0
mne3644,1,10,0
mne32797,5,10,0
mne52245,7,11,0
mne21382,1,18,0
mne3024,3,1,0
mne1295,2,1,0
mne16567,11,5,0
mne24819,10,11,0
mne17120,1,23,0
mne32178,9,4,0
mne44106,3,14,0
mne47886,3,4,0
mne34400,3,6,0
mne51546,2,13,0
mne28603,9,1,0
mne29419,4,13,0
mne29438,8,2,0
mne41315,5,28,1
mne12420,11,2,0
mne19689,7,23,0
mne16567,1,8,0
mne2542,4,4,0
mne49852,7,6,0
mne50257,7,11,0
mne34329,9,2,0
mne7404,12,6,0
mne30329,7,4,0
mne26873,2,29,0
mne2889,5,15,0
mne32779,1,7,0
mne35462,10,9,0
mne18281,1,10,0
mne3965,6,22,0
mne9459,4,9,0
mne50154,5,7,0
mne32825,1,8,0
mne3644,11,9,0
mne35809,11,1,0
mne34117,11,3,0
mne28701,9,2,0
mne30203,12,4,0
mne11060,2,4,0
mne33236,10,3,0
mne24622,2,18,0
mne21326,11,1,0
mne23301,10,17,0
mne29420,12,11,0
mne29388,1,12,0
mne29496,4,11,0
mne15009,7,28,0
mne35453,5,19,1
mne44149,9,2,0
mne35451,3,26,0
mne16626,6,7,0
mne44139,9,5,0
mne34114,1,7,1
mne48474,11,4,0
mne33804,8,5,0
mne29438,9,4,0
mne34123,5,15,0
mne6032,6,1,0
mne110,12,5,0
mne35432,4,27,0
mne49102,4,2,0
mne7492,4,3,0
mne12357,8,9,0
mne33346,6,11,0
mne23256,12,5,0
mne29465,5,1,0
mne16875,5,17,0
mne110,1,13,1
mne5614,4,6,0
mne45874,11,7,0
mne10825,4,13,0
mne18040,11,9,0
mne32810,7,6,0
mne28697,10,4,0
mne47782,8,3,0
mne7203,10,1,0
mne48524,3,5,0
mne3866,1,2,0
mne33775,4,28,0
mne17802,1,11,0
mne11481,10,2,0
mne21333,10,3,0
mne24730,11,3,0
mne46622,9,10,0
mne35841,8,1,0
mne16045,3,14,0
mne17268,11,1,0
mne4338,7,8,0
mne47768,3,7,0
mne12506,12,19,4
mne26864,3,11,0
mne34334,9,2,0
mne51087,4,21,0
mne45340,10,1,0
mne9390,7,5,0
mne2445,2,10,0
mne48524,1,6,0
mne16567,10,22,0
mne32726,8,1,0
mne33770,11,4,0
mne45910,1,18,0
mne51546,10,5,0
mne32771,11,10,0
mne2124,12,5,0
mne33780,10,5,0
mne43413,6,3,0
mne32161,11,4,0
mne9201,2,6,0
mne35842,7,10,1
mne35840,8,1,0
mne32072,12,8,0
mne34346,6,41,0
mne30140,9,4,1
mne48471,10,1,0
mne33715,4,6,0
mne36027,1,12,0
mne15473,5,5,0
mne23408,12,15,0
mne15805,7,14,0
mne33732,3,10,0
mne42871,8,7,0
mne977,11,4,0
mne42832,11,2,0
mne17268,3,14,0
mne36169,2,10,0
mne21382,7,16,0
mne27841,2,31,0
mne26784,3,22,0
mne166,3,7,0
mne33770,5,12,0
mne17429,9,2,0
mne52100,2,15,0
mne34485,1,12,0
mne28631,12,2,0
mne27841,3,22,0
mne7103,1,5,0
mne44181,7,30,0
mne41286,7,3,0
mne34090,9,8,0
mne16780,4,1,0
mne36169,5,1,0
mne6161,1,14,0
mne9414,7,6,0
mne10825,5,12,0
mne21443,4,20,0
mne805,3,8,0
mne24841,5,4,0
mne2940,4,38,0
mne33698,12,24,0
mne47883,2,4,0
mne4471,6,1,0
mne40143,1,28,0
mne34334,5,7,0
mne24825,8,1,0
mne11292,8,1,0
mne1336,4,3,0
mne32856,1,23,0
mne2968,3,25,0
mne14773,5,12,1
mne34111,6,39,3
mne46667,6,6,0
mne46622,7,8,0
mne34280,8,10,0
mne23314,10,1,0
mne33213,7,13,0
mne36027,2,12,0
mne35843,2,2,0
mne19908,3,1,0
mne9664,1,1,0
mne33750,10,3,0
mne16875,11,19,0
mne34093,4,10,0
mne34351,10,4,0
mne45910,10,16,0
mne17515,5,11,0
mne44062,4,53,0
mne12193,5,7,0
mne32825,10,3,0
mne34123,7,9,0
mne30154,9,2,0
mne6436,6,3,0
mne10825,6,24,0
mne32069,10,2,0
mne26911,6,21,0
mne2503,3,15,0
mne718,3,1,0
mne31385,4,20,0
mne30121,11,6,0
mne16560,5,12,1
mne40028,5,10,0
mne10023,4,5,0
mne18488,9,5,0
mne35841,10,9,0
mne454,6,2,0
mne15125,3,5,0
mne47829,4,3,0
mne16653,10,1,0
mne45874,9,1,0
mne35501,4,3,0
mne44063,5,1,0
mne34537,9,13,0
mne34148,7,6,0
mne35432,10,6,0
mne27740,2,10,0
mne51056,6,6,0
mne52106,6,7,0
mne2537,2,6,2
mne15744,9,3,0
mne33718,12,15,0
mne21382,9,9,0
mne15369,6,34,0
mne44063,3,15,0
mne34453,6,16,0
mne8461,9,3,0
mne33210,5,21,0
mne3141,5,20,0
mne33213,10,5,0
mne17802,6,19,0
mne49077,7,7,0
mne50563,5,11,0
mne45833,9,6,0
mne805,7,8,0
mne2861,2,3,0
mne35414,2,10,0
mne4533,3,3,0
mne21330,9,10,0
mne26873,4,15,0
mne34491,1,12,0
mne47842,6,1,0
mne18599,10,3,0
mne11694,4,2,0
mne32856,2,26,0
mne2556,3,12,0
mne2812,12,2,0
mne2738,10,7,0
mne27841,5,11,0
mne50563,6,28,0
mne888,3,7,0
mne33281,5,11,0
mne32069,5,4,0
mne41315,12,14,0
mne14773,12,19,2
mne19687,5,17,0
mne34535,2,25,0
mne2575,3,3,0
mne9191,4,3,0
mne15013,11,19,1
mne26693,4,17,0
mne29479,10,5,0
mne30220,4,13,0
mne50644,10,2,0
mne7602,1,2,0
mne7418,4,1,0
mne45890,3,16,0
mne9880,5,6,0
mne41286,2,9,0
mne26873,9,21,0
mne34483,3,37,0
mne42824,12,17,0
mne4503,3,4,0
mne50620,7,6,0
mne7399,5,19,0
mne34550,3,33,0
mne32067,3,1,0
mne33804,4,7,0
mne41369,6,21,0
mne32242,12,7,0
mne48475,7,6,0
mne3097,8,1,0
mne33770,1,2,0
mne18279,5,28,0
mne2968,4,27,0
mne33754,2,4,0
mne35451,7,43,0
mne2108,12,8,0
mne47811,11,6,0
mne10489,11,5,0
mne35446,11,11,0
mne44062,9,3,0
mne10032,7,11,0
mne49062,6,2,0
mne28605,1,19,0
mne36030,5,14,0
mne34154,6,48,1
mne34486,1,2,0
mne17145,1,19,0
mne33276,2,3,0
mne35403,9,2,0
mne745,11,7,0
mne24625,3,2,0
mne50563,1,14,0
mne2556,4,5,0
mne6314,10,1,0
mne17818,11,11,0
mne18185,2,2,0
mne2542,1,1,0
mne40142,10,7,0
mne47779,6,61,0
mne30131,3,44,0
mne49058,2,10,0
mne47907,2,1,0
mne7444,2,3,0
mne45851,10,3,0
mne2601,5,3,0
mne44101,12,6,0
mne12420,12,14,0
mne32072,9,6,0
mne46585,12,7,0
mne32182,5,59,0
mne10049,6,10,0
mne623,2,6,0
mne35884,7,16,0
mne45910,7,19,0
mne17356,4,15,0
mne10032,6,11,0
mne1392,7,3,0
mne50608,10,3,0
mne33750,4,16,1
mne34264,2,2,0
mne29390,10,1,0
mne41315,11,6,0
mne21382,5,43,0
mne10901,3,16,0
mne49037,6,16,0
mne17363,4,18,0
mne26911,4,13,0
mne34329,5,15,0
mne3069,3,3,0
mne692,11,2,0
mne34156,6,16,0
mne2938,8,3,0
mne17153,5,9,0
mne15369,8,4,0
mne52069,6,1,0
mne2124,2,6,0
mne42871,11,7,0
mne27850,10,8,0
mne34498,3,15,0
mne26784,7,8,0
mne44141,10,4,0
mne44141,11,9,0
mne28682,7,23,0
mne27790,11,1,0
mne34138,9,6,0
mne47814,3,1,0
mne2861,8,1,0
mne30154,11,5,0
mne33732,2,2,0
mne10155,11,4,0
mne3258,2,6,0
mne36030,11,8,0
mne33748,2,42,0
mne34152,11,7,0
mne16030,2,2,0
mne10155,4,7,0
mne9940,7,3,0
mne9414,4,3,0
mne34114,5,15,0
mne49102,12,4,0
mne35784,4,12,0
mne32222,9,2,0
mne49053,6,2,0
mne42791,7,3,0
mne35456,4,3,0
mne35456,2,3,0
mne3112,1,6,0
mne27735,7,3,0
mne15625,1,3,0
mne7947,11,1,0
mne8405,5,2,0
mne7399,2,13,0
mne10655,12,3,0
mne2108,7,6,0
mne9384,1,3,0
mne15744,11,7,0
mne10547,1,15,0
mne32806,11,7,0
mne21791,3,23,0
mne52164,11,1,0
mne28677,9,1,0
mne10813,12,8,0
mne15937,1,13,0
mne44111,6,6,0
mne49853,6,23,0
mne10825,1,4,0
mne11700,2,2,0
mne33282,1,4,0
mne28638,1,9,0
mne2812,5,4,0
mne51500,2,9,0
mne34597,5,8,0
mne36174,10,6,0
mne9191,6,15,0
mne6436,10,2,0
mne29496,10,2,0
mne888,5,3,0
mne48484,7,5,0
mne44062,2,8,0
mne34550,5,12,1
mne23299,3,7,0
mne34329,10,5,0
mne27865,2,12,0
mne18146,8,1,0
mne35884,10,22,0
mne32793,8,2,0
mne21443,11,9,0
mne35841,12,13,0
mne29447,3,10,0
mne10813,7,2,0
mne7602,10,2,0
mne49955,3,1,0
mne35842,10,7,0
mne3105,3,5,0
mne49078,5,4,0
mne50558,7,25,0
mne26826,2,1,0
mne50653,10,6,0
mne30101,3,36,0
mne21443,10,12,0
mne30153,2,2,0
mne1077,2,4,0
mne29494,6,12,0
mne36191,11,6,0
mne47770,7,10,0
mne32127,6,21,0
mne33210,1,16,0
mne4503,4,4,0
mne33232,10,6,0
mne23492,4,4,0
mne44101,6,13,0
mne5635,6,8,0
mne34213,3,3,0
mne40044,10,3,0
mne27850,5,15,0
mne29455,12,40,1
mne28700,11,3,0
mne17356,12,6,0
mne35809,12,4,0
mne29455,1,11,0
mne47807,12,3,0
mne17412,4,5,0
mne34093,2,11,0
mne31443,4,2,0
mne718,6,6,0
mne23319,11,10,0
mne12275,5,16,0
mne33231,10,1,0
mne28708,5,3,0
mne264,6,10,1
mne49136,7,10,0
mne16030,5,11,0
mne17268,8,2,0
mne41286,6,30,0
mne453,2,3,0
mne3336,11,5,0
mne2913,5,10,1
mne17153,2,6,0
mne45833,3,7,0
mne23295,11,10,0
mne15627,4,1,0
mne40142,5,12,0
mne343,5,1,0
mne44141,4,13,1
mne35462,6,62,0
mne24819,3,12,0
mne24730,10,3,0
mne19708,4,3,0
mne15091,6,8,0
mne34277,1,7,0
mne16045,5,5,0
mne34458,5,13,0
mne17911,1,7,0
mne49045,5,10,0
mne10813,4,4,0
mne17802,7,9,0
mne33697,3,11,1
mne35451,4,9,2
mne48475,11,12,0
mne28909,2,7,0
mne32179,3,4,0
mne17363,9,6,0
mne45859,11,15,0
mne4001,5,3,0
mne32856,8,4,1
mne10123,6,3,0
mne50627,2,10,0
mne19800,7,16,0
mne45910,12,12,0
mne26718,4,22,0
mne34597,10,10,0
mne2938,6,9,0
mne35435,11,1,0
mne32172,1,25,0
mne3141,3,11,0
mne27749,6,12,0
mne49954,6,24,0
mne12506,7,13,5
mne18040,10,6,0
mne15324,4,9,0
mne28610,4,7,0
mne12506,4,13,4
mne33698,10,19,0
mne4274,5,7,0
mne49077,5,13,0
mne2968,10,8,0
mne51550,1,1,0
mne50624,6,10,0
mne4274,3,10,1
mne49954,12,4,0
mne34513,5,31,0
mne41369,5,10,0
mne48673,3,1,0
mne47829,7,14,0
mne17268,1,7,0
mne41287,3,28,0
mne28752,9,7,0
mne34094,2,12,0
mne32200,6,17,0
mne45844,3,6,1
mne4338,12,6,0
mne45859,1,13,0
mne34155,11,3,0
mne35797,3,27,0
mne32771,4,16,0
mne16560,1,5,0
mne33245,4,27,1
mne36030,9,2,0
mne30218,4,16,1
mne35467,7,46,0
mne9390,5,7,0
mne17363,10,7,0
mne35537,10,1,0
mne33698,1,10,0
mne29417,1,5,0
mne10149,12,2,0
mne52108,3,17,0
mne25346,9,2,0
mne15471,6,29,0
mne47806,10,1,0
mne47840,12,14,3
mne33208,7,15,0
mne955,9,1,0
mne34080,12,16,0
mne2673,1,8,0
mne35414,9,11,0
mne47771,6,4,0
mne1295,4,2,0
mne23309,6,29,0
mne29436,6,24,0
mne21333,7,26,0
mne17356,7,21,0
mne32800,6,6,0
mne34117,10,8,0
mne30141,3,15,0
mne18323,6,1,0
mne18573,2,3,0
mne28679,2,6,2
mne3965,8,2,0
mne50624,9,2,0
mne50154,1,5,0
mne34274,9,3,0
mne36169,4,4,0
mne3452,6,2,0
mne34482,11,16,0
mne34517,9,2,0
mne34498,6,14,0
mne26742,3,2,0
mne45859,2,13,0
mne27872,5,13,0
mne26911,2,8,0
mne5529,11,2,0
mne5529,12,1,0
mne32794,1,10,0
mne45862,5,10,0
mne18296,3,3,0
mne1770,10,5,0
mne26784,1,6,0
mne49066,3,6,0
mne51490,5,5,0
mne34517,10,5,0
mne16537,10,1,0
mne276,5,7,0
mne2674,12,3,0
mne1770,1,12,0
mne3606,3,4,0
mne12506,11,6,0
mne9880,7,5,0
mne40120,11,4,1
mne11738,1,5,0
mne15324,10,2,0
mne34111,11,7,0
mne16036,4,2,0
mne2913,4,3,0
mne29490,11,1,0
mne784,5,5,0
mne26873,11,11,0
mne35403,1,8,0
mne2913,1,1,0
mne2913,2,3,0
mne48474,10,12,0
mne21333,1,2,0
mne47918,1,3,0
mne2542,8,2,0
mne12315,6,8,0
mne11694,11,2,0
mne1167,8,12,1
mne47264,6,1,0
mne23138,2,3,0
mne34137,1,1,0
mne15744,10,7,0
mne7103,10,12,1
mne48524,7,4,0
mne51483,1,1,0
mne2913,12,5,0
mne34084,4,1,0
mne5635,12,4,0
mne18393,9,4,0
mne44339,12,1,0
mne45855,6,4,0
mne44100,12,12,0
mne16627,8,3,0
mne35446,2,10,1
mne5883,3,3,0
mne34440,12,5,0
mne34440,7,9,0
mne16045,1,16,0
mne18012,2,11,0
mne34537,2,55,0
mne49955,6,20,0
mne27841,4,13,0
mne4001,1,1,0
mne6247,7,11,0
mne1392,6,4,0
mne33231,11,11,0
mne33236,11,3,0
mne26873,7,17,0
mne15805,4,21,0
mne36169,12,3,0
mne36078,4,12,0
mne40142,11,3,0
mne15937,9,3,0
mne48474,5,19,0
mne28603,1,2,0
mne5764,1,11,0
mne3336,6,22,0
mne8108,4,3,0
mne16181,6,15,0
mne6735,6,18,0
mne29456,9,3,0
mne10675,11,12,0
mne48507,4,19,0
mne12299,6,20,0
mne36027,11,6,0
mne28909,8,2,0
mne33745,12,19,0
mne29383,9,7,0
mne34318,3,4,0
mne31478,8,4,0
mne1087,1,7,0
mne27749,1,3,0
mne51087,9,3,0
mne16030,1,2,0
mne16039,12,10,0
mne36174,12,7,0
mne32182,1,3,0
mne35435,5,17,0
mne4317,12,1,0
mne33282,4,12,0
mne18146,4,14,1
mne41369,11,5,0
mne23408,9,10,0
mne10023,7,26,0
mne1392,12,2,0
mne40762,5,40,0
mne34400,10,2,0
mne26718,2,2,0
mne33213,9,7,0
mne4471,7,6,0
mne4338,3,6,0
mne41372,5,25,1
mne27735,5,1,0
mne23256,9,2,0
mne15510,1,5,1
mne21443,1,8,0
mne6251,4,7,0
mne11282,11,2,0
mne16567,7,21,0
mne7103,5,13,0
mne35809,10,12,0
mne34263,7,13,0
mne24622,8,2,0
mne32222,7,18,0
mne34089,12,2,0
mne24684,11,10,1
mne33931,4,10,0
mne49036,2,8,0
mne34154,3,10,0
mne35461,5,15,0
mne50624,1,2,0
mne15007,6,19,0
mne31457,12,15,0
mne19760,5,12,0
mne26712,5,18,0
mne11637,7,22,0
mne18279,12,8,0
mne12354,5,4,0
mne51087,10,11,0
mne49134,3,17,0
mne3644,9,3,0
mne33346,1,4,0
mne51490,6,8,0
mne13723,5,7,0
mne24818,11,18,0
mne11292,5,8,0
mne52108,9,2,0
mne51048,7,3,0
mne12363,3,21,0
mne888,4,9,0
mne26784,9,2,0
mne15091,11,5,0
mne49094,11,8,0
mne34094,5,20,0
mne955,2,2,0
mne17457,4,2,0
mne32222,12,24,0
mne18281,7,33,1
mne30142,10,1,0
mne17094,6,12,0
mne50624,12,2,0
mne23492,12,3,0
mne18040,9,2,0
mne31543,2,2,0
mne31427,8,1,0
mne11479,10,6,0
mne19687,3,15,1
mne40762,1,11,0
mne4503,6,11,0
mne33215,5,35,0
mne51052,12,15,0
mne24830,3,9,0
mne2630,1,15,0
mne49054,11,5,0
mne7610,7,3,0
mne47262,9,4,0
mne2940,8,4,0
mne49954,5,6,0
mne11058,4,2,0
mne26873,5,14,0
mne16682,4,5,0
mne28638,2,10,0
mne41343,4,22,0
mne36026,2,6,0
mne29394,6,2,0
mne33747,5,7,0
mne17818,6,18,0
mne24622,3,30,0
mne42779,9,4,0
mne41369,1,6,0
mne17911,2,3,0
mne23307,9,2,0
mne17412,10,1,0
mne18599,5,8,0
mne50257,1,6,0
mne34280,11,17,0
mne11058,12,2,0
mne15516,3,13,0
mne28695,2,7,0
mne51087,2,12,0
mne28627,5,3,0
mne2995,11,6,0
mne29447,7,17,0
mne2645,1,5,0
mne5292,2,1,0
mne888,11,2,0
mne32726,2,9,0
mne11282,1,4,0
mne52108,1,17,0
mne44182,7,32,0
mne2542,10,2,0
mne41368,12,8,0
mne16030,4,10,0
mne276,7,6,0
mne11481,5,10,0
mne34152,2,9,0
mne45844,10,1,0
mne15007,8,3,0
mne26742,11,2,0
mne34458,1,13,0
mne24625,5,3,0
mne35809,4,16,0
mne14773,3,3,0
mne18651,5,16,0
mne33931,1,6,0
mne7418,10,4,0
mne33718,3,16,0
mne34117,4,5,0
mne33245,8,1,0
mne16627,11,3,0
mne2627,3,1,0
mne7423,12,7,0
mne33747,12,1,0
mne12581,3,13,0
mne33249,7,8,1
mne49037,3,7,0
mne49037,2,1,0
mne3258,10,6,0
mne11479,11,6,0
mne10149,10,2,0
mne12275,9,3,0
mne51495,6,5,0
mne35461,4,12,0
mne50642,7,1,0
mne11743,2,4,0
mne45844,4,3,0
mne35806,3,8,0
mne33208,8,5,0
mne30103,9,8,0
mne33262,4,7,0
mne8108,12,4,0
mne34329,3,34,0
mne26676,5,6,0
mne29490,2,15,0
mne50628,3,12,0
mne34458,8,3,0
mne30153,7,6,0
mne24681,1,12,0
mne12315,7,2,0
mne44141,12,7,0
mne10797,12,11,0
mne35884,9,6,0
mne50653,3,16,0
mne41315,6,44,0
mne28703,2,2,0
mne45851,4,8,0
mne7602,2,15,0
mne18599,11,2,0
mne26765,11,1,0
mne27749,7,9,0
mne52169,12,23,0
mne12354,7,7,0
mne40120,1,10,0
mne4562,5,2,0
mne718,12,2,0
mne23296,12,2,0
mne35432,12,7,0
mne34485,9,1,0
mne15007,9,1,0
mne35785,7,11,0
mne7418,2,4,0
mne33742,8,1,0
mne33715,1,6,0
mne12354,1,1,0
mne26864,11,13,0
mne13723,10,4,0
mne35626,12,3,0
mne34156,1,1,0
mne9191,11,6,0
mne47792,6,4,0
mne32172,2,13,1
mne29383,1,5,0
mne34329,11,13,0
mne276,9,2,0
mne18500,6,14,0
mne16345,12,8,0
mne29419,1,15,0
mne35451,2,15,2
mne14773,1,3,0
mne2630,9,4,0
mne45866,5,6,1
mne33284,9,10,0
mne34400,4,11,0
mne15018,1,2,0
mne51490,4,4,0
mne16913,2,13,0
mne11503,8,1,0
mne34089,8,2,0
mne3258,7,4,0
mne35462,5,14,0
mne16567,9,5,0
mne16852,3,31,0
mne31443,11,4,0
mne31543,7,32,0
mne26741,4,1,0
mne34352,12,3,0
mne50624,5,3,0
mne33702,3,18,0
mne50703,3,1,0
mne15202,2,1,0
mne2812,2,6,0
mne18499,9,2,0
mne46583,8,6,0
mne6598,10,4,0
mne32198,4,18,0
mne5502,4,3,0
mne16682,2,7,0
mne31474,2,10,0
mne34481,11,2,0
mne34112,7,18,4
mne7103,2,7,0
mne17153,3,10,0
mne34111,12,2,1
mne29447,9,4,0
mne23307,1,7,0
mne29419,11,9,0
mne17094,12,5,0
mne10923,7,1,0
mne35460,1,2,0
mne6598,6,24,0
mne2938,11,1,0
mne2630,6,2,0
mne52093,12,5,0
mne44101,5,14,0
mne15126,7,2,0
mne21318,1,8,0
mne11637,4,17,0
mne110,3,10,0
mne15202,4,3,0
mne23492,11,3,0
mne45890,12,13,0
mne44106,9,5,0
mne33754,4,7,0
mne3644,7,18,0
mne52075,7,15,0
mne32072,2,3,0
mne17802,9,5,0
mne7423,3,12,0
mne16181,9,2,0
mne34268,12,2,0
mne10068,6,8,0
mne49134,1,5,0
mne15450,6,27,0
mne47834,5,3,0
mne26911,8,1,0
mne34268,6,17,0
mne34473,7,27,0
mne47768,2,10,1
mne7552,1,9,0
mne2913,10,4,0
mne48469,4,3,0
mne35483,6,11,0
mne7552,11,5,0
mne34597,2,7,2
mne2503,6,3,0
mne40120,7,20,2
mne7491,3,5,0
mne32094,10,4,0
mne30220,2,10,0
mne12357,4,7,0
mne16030,8,5,0
mne50632,3,13,0
mne2645,2,4,0
mne29384,1,6,0
mne50154,4,4,0
mne28708,3,2,0
mne44181,2,1,0
mne11651,11,1,0
mne35446,12,18,0
mne35403,10,8,0
mne35453,2,18,0
mne35841,9,5,0
mne50620,12,1,0
mne32771,12,7,0
mne49078,8,1,0
mne11681,6,1,0
mne30121,5,4,0
mne11022,10,2,0
mne42816,11,3,0
mne33282,8,3,0
mne47802,10,13,0
mne29490,5,24,0
mne47790,8,1,0
mne45866,11,6,1
mne13723,2,1,0
mne3106,12,2,0
mne25346,12,12,0
mne41287,8,2,0
mne34274,2,9,0
mne29417,11,8,0
mne31396,2,1,0
mne33284,1,21,0
mne19802,6,26,0
mne34263,3,13,0
mne23314,9,2,0
mne33687,7,4,0
mne26676,2,9,0
mne35483,12,9,0
mne11022,6,18,0
mne44139,5,13,0
mne17412,6,14,0
mne46254,4,14,0
mne35799,4,8,0
mne18012,11,4,0
mne49134,7,17,0
mne12426,4,8,0
mne10047,10,17,0
mne2503,2,3,0
mne11673,7,2,0
mne41462,10,5,0
mne41282,10,19,0
mne116,8,2,0
mne30263,1,5,0
mne35884,11,35,0
mne32094,9,5,0
mne34495,2,8,0
mne17515,11,1,0
mne27778,1,6,0
mne24681,5,12,0
mne16045,10,4,0
mne18239,12,1,0
mne48475,12,24,0
mne11664,1,12,1
mne962,3,1,0
mne32794,10,14,0
mne34481,9,2,0
mne34293,1,4,1
mne32072,1,10,0
mne23295,3,8,0
mne888,1,3,0
mne40762,9,4,0
mne52076,11,3,0
mne34499,2,8,0
mne12470,10,7,0
mne10155,8,5,0
mne34097,8,2,0
mne962,12,6,0
mne18256,9,1,0
mne27841,9,3,0
mne10144,2,6,0
mne16560,4,4,0
mne23327,12,1,0
mne17515,4,9,0
mne2582,3,6,0
mne29381,1,4,0
mne34090,1,2,0
mne15369,7,30,0
mne17153,12,4,0
mne33311,5,5,0
mne18393,3,11,0
mne28701,8,2,0
mne40044,5,6,0
mne33702,1,11,0
mne6394,2,5,0
mne25198,12,7,0
mne34483,4,21,0
mne1077,11,1,0
mne33931,2,5,0
mne7602,11,4,0
mne3336,9,5,0
mne33210,10,7,0
mne11479,12,4,0
mne35414,12,19,0
mne9542,10,1,0
mne32726,12,6,0
mne17268,2,6,0
mne17153,11,4,0
mne27872,7,37,0
mne15428,4,1,0
mne28682,1,8,0
mne7491,1,3,0
mne28660,1,10,0
mne2995,5,12,0
mne47777,7,9,0
mne4023,9,2,0
mne23408,8,2,0
mne32209,3,2,0
mne35462,11,10,0
mne42779,4,12,0
mne41362,5,6,0
mne23295,5,6,0
mne29456,1,12,0
mne15324,12,14,0
mne16258,1,5,0
mne51500,3,6,0
mne52075,5,15,0
mne1770,5,17,0
mne31457,3,21,0
mne18628,4,8,0
mne36169,6,8,0
mne35441,9,6,0
mne3044,6,13,0
mne15369,4,6,0
mne26748,1,5,0
mne32771,7,15,0
mne33232,4,8,0
mne10032,11,1,0
mne27850,8,2,0
mne7423,1,3,0
mne52075,11,4,0
mne29496,6,30,0
mne42778,12,1,0
mne11060,4,5,0
mne28603,7,8,0
mne41369,9,2,0
mne33804,10,2,0
mne12472,3,3,0
mne34084,1,2,0
mne30354,4,20,0
mne35626,2,3,0
mne41462,3,1,0
mne7602,6,11,0
mne33210,3,24,0
mne21333,12,3,0
mne10049,12,7,0
mne45862,12,10,0
mne4471,3,1,0
mne17356,11,5,0
mne24841,1,2,0
mne23256,3,4,0
mne19802,2,8,0
mne18256,7,16,0
mne7404,4,5,0
mne28708,9,1,0
mne47907,5,2,0
mne2657,5,14,0
mne46621,7,4,0
mne34440,4,4,0
mne1167,7,44,0
mne17730,2,7,0
mne27778,2,5,0
mne1130,4,13,0
mne10123,5,2,0
mne35843,3,5,0
mne2738,9,6,0
mne29452,4,1,0
mne24687,3,4,0
mne34318,5,4,0
mne32094,12,7,0
mne41308,6,10,0
mne1392,5,1,0
mne2889,7,19,0
mne28700,9,1,0
mne34550,6,31,0
mne49955,2,3,0
mne623,4,11,0
mne47843,2,8,0
mne2537,11,4,1
mne17802,3,12,0
mne52100,7,22,0
mne48469,7,7,0
mne8405,12,2,0
mne32797,6,9,0
mne16987,12,1,0
mne34112,2,6,0
mne47918,6,10,0
mne31489,9,3,0
mne17412,12,4,0
mne34483,9,2,0
mne4404,9,1,0
mne5845,1,3,0
mne33750,9,11,0
mne35782,8,3,0
mne47863,6,39,0
mne17356,5,19,0
mne26911,10,4,0
mne34355,5,1,0
mne51546,11,4,0
mne25075,7,16,0
mne2861,9,3,0
mne3106,11,3,0
mne15428,1,1,0
mne33734,4,22,0
mne40120,2,7,2
mne44386,2,8,0
mne28700,5,6,0
mne9880,11,1,0
mne49873,7,3,0
mne9287,2,3,0
mne4338,5,6,0
mne44100,1,17,0
mne2556,2,3,0
mne33765,10,5,0
mne16045,6,6,0
mne34277,12,5,0
mne34299,11,2,0
mne15805,5,34,0
mne33715,2,7,0
mne48673,7,1,0
mne18830,7,13,0
mne49078,10,1,0
mne9287,12,2,0
mne34295,10,8,0
mne23299,2,2,0
mne33781,3,4,0
mne17094,2,10,0
mne32274,11,8,0
mne10842,5,5,0
mne26693,7,5,0
mne343,1,2,0
mne16682,5,2,0
mne29383,12,7,0
mne52076,3,3,0
mne30121,10,2,0
mne16537,12,1,0
mne5635,9,5,0
mne33284,10,5,0
mne44062,7,3,0
mne2503,5,5,0
mne12316,10,8,0
mne11503,10,9,0
mne33252,10,3,0
mne395,10,1,0
mne9053,6,8,0
mne27865,1,4,0
mne7588,10,2,0
mne4274,4,8,0
mne32825,2,14,0
mne31489,11,4,0
mne44060,3,7,0
mne7491,11,3,0
mne45825,4,2,0
mne33240,8,2,0
mne44339,7,16,0
mne42778,4,3,0
mne6176,5,3,0
mne34580,10,4,0
mne33284,11,17,0
mne3141,12,13,0
mne34498,10,7,0
mne2674,6,1,0
mne49068,6,5,0
mne23307,2,7,0
mne50628,10,2,0
mne16181,4,4,0
mne28679,12,7,0
mne36161,5,14,0
mne23309,12,3,0
mne10850,3,10,0
mne33726,1,5,0
mne10144,8,4,0
mne50627,11,1,0
mne1087,5,6,1
mne47829,11,1,0
mne45105,6,19,0
mne33765,12,17,0
mne22452,10,2,0
mne10825,3,7,0
mne3224,2,10,0
mne46065,6,4,0
mne7492,5,4,0
mne753,1,3,0
mne33236,2,5,0
mne26748,2,5,0
mne47262,1,6,0
mne12426,3,1,0
mne34097,4,16,0
mne40044,12,2,0
mne8108,8,2,0
mne49837,2,1,0
mne3336,1,10,0
mne31396,11,1,0
mne26720,3,10,0
mne23492,2,4,0
mne52169,7,1,0
mne33781,10,4,0
mne33747,4,2,0
mne34513,3,22,0
mne17429,7,19,0
mne12805,2,36,0
mne8304,4,1,0
mne34455,9,5,0
mne46601,11,8,0
mne2343,1,2,0
mne12426,2,8,0
mne15008,6,2,0
mne7637,4,8,0
mne35842,5,30,0
mne35784,2,9,0
mne8729,7,3,0
mne3443,5,5,0
mne27749,2,2,0
mne2602,2,12,0
mne33281,11,2,0
mne33284,2,14,0
mne18239,6,2,0
mne29452,9,2,0
mne25198,2,5,0
mne35809,3,9,0
mne32793,9,4,1
mne10842,2,5,0
mne31543,11,10,0
mne17515,9,2,0
mne35467,9,9,0
mne47303,12,1,0
mne32825,11,9,0
mne32825,12,6,0
mne31396,6,2,0
mne26742,10,2,0
mne28658,8,4,0
mne19802,11,1,0
mne47790,5,4,0
mne21333,2,3,0
mne27764,5,26,0
mne2968,11,17,0
mne52169,4,7,0
mne34498,5,8,0
mne34093,11,7,0
mne45859,4,15,0
mne2542,12,4,0
mne955,12,1,0
mne18279,2,10,0
mne51087,11,4,0
mne11738,9,4,0
mne41372,12,5,0
mne9201,4,4,0
mne35448,12,10,0
mne29388,3,13,0
mne44111,4,2,0
mne26797,7,4,0
mne32271,5,1,0
mne517,12,11,0
mne50628,4,6,0
mne35448,10,3,0
mne24819,2,3,0
mne29455,7,26,0
mne1313,10,3,0
mne26769,5,2,0
mne45890,2,5,0
mne28610,2,2,0
mne33232,1,6,0
mne11694,7,1,0
mne6735,9,1,0
mne34263,2,13,0
mne11651,2,8,0
mne16875,12,20,0
mne9459,2,7,0
mne47802,1,2,0
mne29436,2,4,0
mne15008,9,2,0
mne30121,3,4,0
mne18499,11,3,0
mne45866,12,7,1
mne34329,2,3,0
mne34400,1,5,0
mne44149,3,13,0
mne41368,1,3,0
mne33697,1,3,0
mne10901,7,4,0
mne15805,11,15,0
mne29465,10,2,0
mne30212,4,2,0
mne49102,11,5,1
mne10284,4,2,0
mne17145,7,32,0
mne42816,4,8,0
mne52075,3,9,0
mne16345,6,24,0
mne41368,4,14,0
mne11675,3,5,0
mne16039,6,19,0
mne47779,2,3,0
mne34482,9,15,0
mne26864,1,9,0
mne33742,4,23,0
mne29388,10,4,0
mne34482,10,12,0
mne7203,2,3,0
mne32201,3,1,0
mne2503,9,3,0
mne15471,5,19,0
mne12581,4,14,0
mne18256,5,8,0
mne34400,8,3,0
mne47264,7,5,0
mne35458,6,31,0
mne27757,2,11,1
mne17356,3,15,0
mne35435,12,7,0
mne50624,4,2,0
mne34346,12,7,0
mne4023,7,1,0
mne41343,3,22,0
mne27757,4,9,0
mne8304,12,3,0
mne40762,11,8,0
mne49094,1,6,0
mne35414,7,13,0
mne33781,5,4,0
mne8311,12,4,0
mne34580,1,3,0
mne2445,11,12,0
mne28695,5,9,0
mne36175,3,2,0
mne32116,10,10,0
mne33931,8,2,0
mne2575,4,11,0
mne36175,4,6,0
mne18499,5,7,0
mne51087,5,18,0
mne47806,7,5,0
mne2537,5,5,1
mne24830,7,3,0
mne44106,10,1,0
mne11292,12,11,0
mne34111,5,7,0
mne24819,4,7,0
mne888,12,9,0
mne35782,11,5,0
mne50628,9,6,0
mne18296,12,9,0
mne3141,9,4,0
mne28632,7,3,0
mne34486,12,9,0
mne15578,12,3,0
mne11637,1,3,0
mne50257,4,11,0
mne32069,2,2,0
mne4028,3,1,0
mne2537,9,8,1
mne47789,6,2,0
mne47789,5,2,0
mne33215,8,4,0
mne34280,9,11,0
mne34079,2,14,0
mne48507,10,8,0
mne51508,6,35,0
mne27747,10,4,0
mne11282,5,2,0
mne11481,4,4,0
mne10023,12,5,0
mne33311,1,4,0
mne33311,4,3,0
mne42779,11,4,0
mne47780,9,7,0
mne3896,7,10,0
mne34313,11,4,0
mne19687,9,1,0
mne44141,2,7,0
mne454,11,1,0
mne10842,6,22,0
mne2556,8,3,0
mne15805,9,5,0
mne10427,5,4,0
mne34299,10,3,0
mne2627,1,2,0
mne52110,7,6,0
mne29389,3,1,0
mne34550,12,15,0
mne18652,5,21,0
mne33750,11,5,0
mne34117,9,1,0
mne30354,10,2,0
mne50701,1,3,0
mne16626,2,1,0
mne23319,1,15,0
mne29436,7,21,0
mne29436,12,4,0
mne34524,11,5,0
mne47283,9,2,0
mne45833,11,5,0
mne51607,12,4,0
mne276,2,3,0
mne9201,6,18,0
mne18296,4,1,0
mne17094,10,2,0
mne1392,3,3,0
mne2503,1,2,0
mne50257,12,9,0
mne30121,2,5,0
mne26720,11,5,0
mne17094,5,7,0
mne45874,8,3,1
mne35483,1,3,0
mne28752,11,9,0
mne6394,4,6,0
mne34154,9,5,0
mne10842,8,1,0
mne16675,3,7,0
mne6706,11,1,0
mne50628,5,6,0
mne48474,3,14,0
mne3328,1,4,0
mne47779,3,18,0
mne29455,9,4,0
mne29455,8,2,0
mne264,11,2,0
mne29436,11,3,0
mne30203,1,5,0
mne47918,5,3,0
mne784,4,3,0
mne47799,7,9,0
mne34295,2,1,0
mne805,11,1,0
mne6154,12,6,0
mne44101,4,1,0
mne35841,1,5,0
mne7399,9,4,0
mne33282,10,6,0
mne745,2,3,0
mne34263,11,4,0
mne35809,9,6,0
mne34499,10,1,0
mne9459,11,5,0
mne4028,12,3,0
mne31382,4,20,0
mne29438,10,5,0
mne9459,1,17,0
mne11022,11,2,0
mne49045,3,11,0
mne1167,2,5,0
mne33685,5,8,0
mne34334,3,12,0
mne6251,6,8,0
mne16913,3,1,0
mne52076,12,21,0
mne19687,12,1,0
mne49136,3,2,0
mne42778,1,2,0
mne33775,11,7,0
mne10068,11,1,0
mne8304,2,2,0
mne16181,2,2,0
mne2720,2,2,0
mne1087,7,2,0
mne11738,11,9,0
mne35403,12,6,0
mne2738,12,3,0
mne7418,7,1,0
mne34372,5,24,0
mne2582,10,8,0
mne34268,1,5,0
mne45104,11,3,0
mne51490,12,1,0
mne49054,5,11,0
mne52171,6,19,0
mne15018,12,3,0
mne7731,4,4,0
mne16181,7,1,0
mne34079,10,4,0
mne49080,10,2,0
mne23327,1,2,0
mne49080,12,2,0
mne3224,11,7,0
mne2738,2,21,0
mne28697,2,9,0
mne27749,11,3,0
mne29383,2,6,0
mne51500,5,13,0
mne33346,7,7,0
mne46585,4,17,0
mne40050,4,5,0
mne47770,9,4,1
mne12250,5,1,0
mne34293,4,3,0
mne28660,4,22,0
mne2601,4,6,0
mne34155,7,9,0
mne44143,5,26,0
mne50644,7,3,0
mne2812,3,10,0
mne18296,5,2,0
mne18146,1,5,0
mne15013,9,4,0
mne9432,3,1,0
mne27711,1,2,0
mne16724,5,3,0
mne34513,2,10,1
mne3896,12,7,0
mne44149,12,5,0
mne36030,7,17,0
mne47777,2,11,0
mne33687,5,8,0
mne2938,4,4,0
mne3677,11,2,0
mne33754,1,4,0
mne34294,1,11,0
mne32116,1,6,0
mne51050,4,17,0
mne35786,2,2,1
mne50558,1,7,0
mne10149,8,1,0
mne50701,6,9,2
mne32067,2,8,0
mne52076,10,5,0
mne45340,4,1,0
mne10123,4,1,0
mne35465,9,1,0
mne34155,5,3,0
mne33734,10,5,0
mne1077,10,6,0
mne753,5,3,0
mne34097,2,3,0
mne44111,5,3,0
mne10047,2,6,0
mne33685,3,11,0
mne19800,6,2,0
mne12472,9,1,0
mne12363,4,11,0
mne5292,1,1,0
mne8304,5,1,0
mne40036,3,31,0
mne44180,7,9,0
mne52245,3,3,0
mne33770,7,29,0
mne48673,2,2,0
mne29388,7,11,0
mne49045,4,7,1
mne9390,11,1,0
mne34128,7,5,0
mne11067,10,2,0
mne41462,5,8,0
mne45834,2,3,0
mne34367,12,13,0
mne32856,7,3,0
mne30221,10,1,0
mne11700,6,1,0
mne34481,2,13,0
mne47799,5,7,1
mne33931,9,4,0
mne49037,4,4,0
mne17457,7,1,0
mne17457,2,4,0
mne7731,5,6,0
mne18279,4,25,0
mne31427,9,4,0
mne17365,6,6,0
mne31489,12,12,0
mne34499,4,14,0
mne46065,3,2,0
mne50563,9,6,0
mne47782,7,13,0
mne1032,7,2,0
mne45821,3,2,0
mne52082,3,1,0
mne10149,7,2,0
mne16665,7,9,0
mne15606,4,1,0
mne23316,11,3,0
mne7602,5,3,0
mne12193,4,4,0
mne26824,3,2,0
mne47779,7,20,0
mne7418,11,2,0
mne33771,6,7,0
mne50632,7,13,0
mne35456,10,1,0
mne34090,8,4,0
mne13723,12,2,0
mne44147,5,6,0
mne25196,3,1,0
mne4471,5,1,0
mne32797,12,1,0
mne46254,1,10,0
mne10777,4,8,0
mne19908,11,1,0
mne7103,9,8,0
mne34264,1,20,0
mne23347,9,1,0
mne35785,9,2,0
mne47283,5,3,0
mne48475,4,14,0
mne29494,8,2,0
mne31520,8,1,0
mne9432,12,2,0
mne2938,1,1,0
mne49054,12,11,0
mne18185,5,5,0
mne34194,10,4,0
mne34513,11,12,0
mne5635,1,1,0
mne21330,2,7,0
mne11022,3,5,0
mne36175,9,1,0
mne19760,8,1,0
mne33252,1,3,0
mne23371,12,2,0
mne45875,10,6,0
mne34440,1,1,0
mne661,12,8,0
mne31543,1,7,0
mne34482,2,23,0
mne10636,4,1,0
mne8108,11,1,0
mne33702,11,6,0
mne27872,1,2,0
mne50644,6,11,0
mne29438,12,2,0
mne46624,6,8,0
mne3896,1,5,0
mne41287,10,7,0
mne33262,12,7,0
mne28703,12,1,0
mne26779,7,3,0
mne2861,1,4,0
mne4317,5,2,0
mne45855,7,2,0
mne10067,6,7,0
mne14951,6,2,0
mne2889,11,13,0
mne5764,10,4,0
mne3258,4,6,0
mne49045,1,6,0
mne48484,3,1,0
mne34299,8,3,0
mne4503,12,3,0
mne35461,6,43,0
mne16030,10,6,0
mne47839,5,6,0
mne31520,7,2,0
mne17911,11,3,0
mne29456,8,1,0
mne9414,9,1,0
mne41372,11,5,0
mne34299,1,11,0
mne49045,12,8,0
mne47811,9,3,0
mne30195,3,8,0
mne18281,8,1,0
mne11629,4,2,0
mne32094,11,1,0
mne42824,3,2,0
mne24681,4,18,0
mne47782,5,21,0
mne16626,7,3,0
mne32793,2,2,0
mne28699,3,1,0
mne30121,6,10,0
mne24684,1,4,0
mne4023,2,4,0
mne33718,1,5,0
mne34440,10,2,0
mne30354,1,5,0
mne35412,3,5,0
mne10284,5,4,0
mne41315,2,14,1
mne14773,4,7,3
mne34299,12,11,0
mne2582,2,1,0
mne16665,12,1,0
mne45340,11,1,0
mne12472,10,5,1
mne2889,4,14,0
mne32725,10,11,0
mne35458,3,4,0
mne32117,12,4,0
mne4274,6,16,0
mne888,2,2,0
mne7637,10,1,0
mne18279,8,4,0
mne10923,9,1,0
mne19760,7,9,1
mne50154,3,3,0
mne17145,8,4,0
mne28658,10,1,0
mne19760,2,3,0
mne29381,4,18,0
mne47839,2,1,0
mne4533,11,1,0
mne10842,1,1,0
mne11243,4,3,0
mne45825,7,4,0
mne742,12,2,0
mne23347,2,2,0
mne5883,2,1,0
mne28605,7,1,0
mne34346,10,9,5
mne12193,9,4,1
mne47790,7,13,3
mne27841,12,11,0
mne46584,8,2,0
mne35840,1,9,2
mne33249,3,16,2
mne5502,2,4,0
mne35451,10,8,1
mne34079,8,6,0
mne27790,10,1,0
mne34470,6,1,0
mne32794,9,3,0
mne46065,5,4,0
mne34313,7,1,0
mne35462,8,1,0
mne15471,4,9,0
mne2124,6,11,0
mne26754,1,11,0
mne46585,11,7,0
mne50627,9,1,0
mne49054,10,5,0
mne12607,6,17,0
mne7404,6,7,0
mne24681,11,3,0
mne6735,3,9,0
mne2602,9,9,0
mne34455,7,21,0
mne21424,3,17,0
mne6314,5,5,0
mne49853,1,2,1
mne11743,1,6,0
mne1020,2,2,0
mne51490,3,2,0
mne27747,9,3,0
mne33804,3,3,0
mne29384,2,2,0
mne10922,11,1,0
mne49852,11,3,0
mne7731,12,12,0
mne35841,7,7,0
mne34528,6,10,0
mne34111,4,7,0
mne33754,7,9,0
mne27757,12,14,0
mne28679,1,2,0
mne15471,3,11,0
mne33799,2,7,0
mne7610,5,4,0
mne10797,1,13,0
mne41308,9,2,0
mne15473,2,2,0
mne41372,2,8,0
mne7444,1,2,0
mne33691,5,5,0
mne46065,10,2,0
mne51488,12,2,0
mne16627,4,3,0
mne7610,3,2,0
mne7610,9,2,0
mne28610,5,10,0
mne32198,3,9,0
mne26864,9,6,0
mne34263,10,3,0
mne34268,5,5,0
mne10813,10,2,0
mne12275,8,2,0
mne805,5,6,0
mne35785,10,3,0
mne32178,2,14,0
mne2556,5,6,0
mne5845,7,5,0
mne34481,1,4,0
mne34498,4,11,0
mne11022,4,5,0
mne40142,1,5,0
mne46630,5,4,0
mne12581,5,6,0
mne34194,5,1,0
mne34194,6,1,0
mne49134,2,8,0
mne4317,4,2,0
mne34597,7,26,0
mne45104,9,2,0
mne3224,4,9,0
mne29431,12,3,0
mne745,12,3,0
mne41372,9,7,0
mne5883,11,1,0
mne35403,4,9,0
mne44106,7,7,0
mne18651,3,8,0
mne11700,10,1,0
mne34277,11,13,0
mne32179,2,4,0
mne49853,12,1,0
mne11700,11,1,0
mne16541,7,5,0
mne31520,2,7,0
mne33697,9,3,0
mne454,5,6,0
mne454,3,2,0
mne32794,8,2,0
mne30263,2,1,0
mne15471,8,5,0
mne264,10,5,0
mne21333,11,3,0
mne40044,4,4,0
mne15473,9,2,0
mne34097,3,5,0
mne16181,3,6,0
mne166,11,4,0
mne5635,4,2,0
mne2747,3,2,0
mne10144,1,4,0
mne51546,12,4,0
mne34357,6,1,0
mne34152,4,7,0
mne52109,3,1,0
mne4533,7,6,0
mne44102,7,3,0
mne18830,11,13,0
mne49852,8,1,0
mne1020,12,5,0
mne33346,4,1,0
mne33260,7,1,0
mne49036,6,26,0
mne35786,6,20,4
mne30263,10,4,0
mne10023,1,4,0
mne6598,1,3,0
mne34346,2,5,0
mne745,4,9,1
mne27790,9,1,0
mne47782,1,6,0
mne32069,8,1,0
mne35465,7,15,0
mne28658,11,1,0
mne28610,3,5,0
mne24818,10,17,0
mne26826,3,2,0
mne2503,11,1,0
mne33249,12,7,0
mne12275,11,8,0
mne35483,5,3,0
mne11481,11,17,0
mne10149,9,2,0
mne5635,8,1,0
mne17153,4,3,0
mne26911,5,4,0
mne34138,3,16,0
mne34138,2,8,1
mne11067,11,8,0
mne2124,5,5,0
mne4533,9,2,0
mne45105,4,4,0
mne47283,4,7,0
mne31474,9,2,0
mne18546,8,1,0
mne34495,7,3,0
mne23347,5,5,0
mne17730,9,16,0
mne40120,8,3,0
mne10777,12,1,0
mne35660,3,1,0
mne33804,5,2,0
mne47832,6,4,0
mne11637,3,7,0
mne33232,12,2,0
mne34128,1,14,0
mne2691,11,5,0
mne27740,10,1,0
mne18499,1,4,0
mne16682,3,6,0
mne33781,1,5,0
mne11673,4,4,0
mne34123,1,10,0
mne34093,7,22,0
mne36169,1,4,0
mne34313,10,6,0
mne19771,5,4,0
mne35799,7,7,0
mne52108,2,16,0
mne42791,5,4,0
mne35799,10,10,0
mne45105,2,2,0
mne34370,2,7,0
mne16181,12,2,0
mne15658,1,4,0
mne10023,11,1,0
mne15473,6,5,0
mne28679,8,2,0
mne28679,9,4,1
mne29436,3,8,0
mne28677,6,13,0
mne45859,7,14,0
mne45833,1,20,0
mne32725,9,10,0
mne2582,5,2,0
mne8461,12,2,0
mne49081,3,6,0
mne35458,12,2,0
mne34486,10,1,0
mne18256,4,7,0
mne16627,12,1,0
mne3965,5,23,0
mne26754,5,21,0
mne26911,12,24,0
mne26911,11,2,0
mne18488,10,21,0
mne5635,2,10,0
mne49094,3,6,0
mne33698,11,19,0
mne2602,3,2,0
mne34101,11,2,0
mne32779,3,9,0
mne3044,12,1,0
mne2630,11,1,0
mne14773,9,5,1
mne33205,2,4,0
mne47802,2,3,0
mne34163,2,11,0
mne30142,4,9,0
mne23370,3,1,0
mne34548,4,1,0
mne51056,1,1,0
mne34123,2,8,0
mne4317,2,1,0
mne51056,2,5,1
mne2913,11,1,0
mne44062,11,4,0
mne32127,1,3,0
mne28632,4,5,0
mne47770,12,9,1
mne12250,2,3,0
mne33742,5,16,0
mne3443,2,4,0
mne41368,5,2,0
mne29436,5,16,0
mne10149,2,2,0
mne34370,11,2,0
mne35823,11,1,0
mne10144,3,3,0
mne48469,2,1,0
mne18146,7,7,0
mne45863,2,8,0
mne29384,10,5,0
mne29431,9,4,0
mne15450,4,7,0
mne52169,11,3,0
mne2601,1,1,0
mne17802,10,4,0
mne12470,3,5,0
mne33249,9,2,0
mne33231,5,5,0
mne3069,7,2,0
mne36078,2,22,0
mne264,1,1,0
mne42816,1,4,0
mne18020,1,1,0
mne7103,7,15,0
mne30141,7,10,0
mne33718,8,1,0
mne6251,9,7,0
mne27711,12,2,0
mne17268,10,5,0
mne30142,5,6,0
mne44339,11,3,0
mne44339,10,1,0
mne27747,5,10,0
mne34094,8,3,0
mne2645,5,3,0
mne11675,12,8,0
mne50702,5,1,0
mne28680,2,1,0
mne33205,7,8,0
mne33754,12,3,0
mne34372,7,8,0
mne18012,10,4,0
mne10144,4,4,0
mne19787,4,1,0
mne18628,5,4,0
mne30250,5,16,0
mne18020,2,4,0
mne19800,3,2,0
mne2657,2,10,0
mne7040,3,6,0
mne33715,6,8,0
mne4479,1,3,0
mne3404,7,1,0
mne15627,3,6,0
mne11058,6,4,0
mne40143,8,1,0
mne16258,4,3,0
mne19760,9,3,0
mne50620,4,4,0
mne49077,2,3,0
mne2602,10,6,0
mne47806,5,4,0
mne1313,12,3,0
mne34318,1,2,0
mne16030,11,6,0
mne51483,3,1,0
mne166,4,1,0
mne24737,11,2,0
mne16541,1,2,0
mne16181,5,7,0
mne12420,5,4,0
mne2602,4,5,0
mne2526,4,3,0
mne1076,12,1,0
mne35483,11,1,0
mne15578,6,4,0
mne33800,4,13,0
mne18573,6,6,0
mne35462,4,18,0
mne5614,8,1,0
mne851,12,1,0
mne851,10,1,0
mne16682,6,2,0
mne24819,12,2,0
mne2542,11,1,0
mne47242,4,3,0
mne34342,10,2,0
mne35842,8,3,0
mne2938,5,3,0
mne32856,5,1,0
mne15473,12,1,0
mne2645,11,3,0
mne10155,5,4,0
mne2995,1,12,0
mne24819,8,1,0
mne2897,6,4,0
mne27841,1,10,0
mne36191,12,7,0
mne10797,8,3,0
mne2601,3,3,0
mne41372,1,2,0
mne35799,2,9,0
mne45851,9,3,0
mne36174,11,6,0
mne962,6,5,0
mne23314,3,1,0
mne3896,4,3,0
mne30142,9,3,0
mne32182,12,2,0
mne29465,9,1,0
mne23301,8,6,0
mne33734,2,7,0
mne47793,3,1,0
mne32774,11,1,0
mne29495,11,4,0
mne26779,5,1,0
mne517,2,7,0
mne2747,6,1,0
mne2861,10,4,0
mne745,3,1,0
mne50563,10,3,0
mne28627,6,2,0
mne50634,5,3,0
mne34117,12,4,0
mne15927,8,2,0
mne2556,6,6,0
mne46621,11,1,0
mne45862,8,2,0
mne50653,8,2,0
mne14773,11,8,0
mne50644,11,3,0
mne12357,1,4,0
mne34473,1,11,0
mne17376,10,1,0
mne51488,7,16,0
mne35447,3,1,0
mne27757,10,2,0
mne8923,10,2,0
mne34513,1,5,0
mne42832,1,8,0
mne29417,8,2,0
mne2445,9,1,0
mne34138,12,11,0
mne2968,9,6,0
mne44143,2,9,0
mne11664,9,6,1
mne8108,10,2,0
mne7881,6,5,0
mne16039,3,1,0
mne33685,2,13,0
mne47829,3,2,0
mne6251,12,3,0
mne35448,3,6,0
mne28699,1,1,0
mne52076,1,4,0
mne35403,11,4,0
mne31489,2,1,0
mne42785,1,1,0
mne40036,7,7,0
mne27740,1,2,0
mne6176,7,5,0
mne24841,4,3,0
mne51056,3,7,0
mne35809,8,7,0
mne33746,12,2,0
mne19689,12,2,0
mne33687,11,2,0
mne19760,1,1,0
mne33734,1,5,0
mne33252,9,4,0
mne41369,12,3,0
mne15744,4,12,0
mne51050,6,21,2
mne17730,5,9,0
mne517,7,1,0
mne32794,11,14,0
mne49954,9,1,0
mne49054,2,5,0
mne32274,4,6,0
mne30220,9,2,0
mne27757,11,2,0
mne45910,4,12,0
mne47772,5,10,0
mne2108,3,8,0
mne11067,7,4,0
mne12581,12,5,0
mne51051,7,3,0
mne29388,8,8,0
mne2691,2,3,0
mne4533,5,1,0
mne49078,1,4,0
mne15575,3,1,0
mne9539,6,3,0
mne753,11,1,0
mne8108,2,3,0
mne2913,3,4,0
mne27749,3,10,0
mne50624,3,5,0
mne10850,11,2,0
mne32127,10,2,0
mne1130,7,2,0
mne47799,2,2,0
mne11060,3,6,0
mne166,7,3,0
mne34123,11,9,0
mne9246,9,1,0
mne34123,10,3,0
mne40120,5,12,1
mne42896,10,1,0
mne48524,11,6,0
mne32173,9,1,0
mne35784,3,2,0
mne48468,11,10,0
mne10149,11,4,0
mne47837,5,2,0
mne28610,12,5,0
mne12007,11,1,0
mne12363,5,9,0
mne33384,3,3,0
mne35461,2,2,0
mne11058,5,2,0
mne17356,2,9,0
mne3866,6,1,0
mne16532,3,1,0
mne35465,4,11,0
mne50558,2,9,0
mne45104,10,2,0
mne18499,2,1,0
mne977,10,2,0
mne31385,2,3,0
mne45834,9,2,0
mne33702,6,4,0
mne33931,3,8,0
mne50558,3,10,0
mne977,12,5,0
mne34191,10,1,0
mne45858,7,7,0
mne1077,5,3,0
mne47837,4,1,0
mne8923,6,4,0
mne888,7,8,0
mne6436,5,1,0
mne29490,8,3,0
mne47886,7,3,0
mne47886,6,5,0
mne33697,2,10,0
mne35786,4,4,0
mne16987,3,1,0
mne33191,4,2,0
mne32774,1,4,0
mne30221,1,4,0
mne5764,4,3,0
mne15625,8,2,0
mne16258,6,7,0
mne17730,12,13,0
mne34456,9,1,0
mne42778,5,7,0
mne30121,1,2,0
mne623,1,5,0
mne19802,9,2,0
mne33715,10,5,0
mne29394,7,2,0
mne7610,4,1,0
mne32212,4,2,0
mne40028,6,14,0
mne34264,4,7,0
mne33780,2,2,0
mne977,6,4,0
mne30257,6,2,0
mne29388,5,12,0
mne18393,4,8,0
mne166,12,3,0
mne7040,12,4,0
mne19908,9,1,0
mne15324,7,3,0
mne19771,9,1,0
mne51502,1,1,0
mne34143,1,4,0
mne10923,11,1,0
mne30195,7,9,0
mne29452,1,3,0
mne33771,1,2,0
mne166,9,1,0
mne33746,9,1,0
mne34524,8,18,0
mne18830,9,14,0
mne45890,5,26,0
mne35797,1,6,0
mne36191,5,19,9
mne34548,7,1,0
mne30131,7,74,0
mne8311,3,1,0
mne9201,1,3,0
mne34342,4,1,0
mne6598,5,5,0
mne24822,5,6,0
mne50702,6,7,0
mne9191,8,5,0
mne52164,7,1,0
mne2627,12,2,0
mne32810,10,5,0
mne34597,12,11,0
mne48524,4,4,0
mne27749,5,8,0
mne10068,2,2,0
mne49066,11,4,0
mne32172,3,12,0
mne3606,1,4,0
mne33313,9,4,0
mne5764,12,7,0
mne5635,3,5,0
mne32173,8,4,0
mne34354,3,2,0
mne2575,8,1,0
mne5529,10,5,0
mne41462,11,3,0
mne33781,9,4,0
mne31510,11,1,0
mne49837,6,4,0
mne46662,5,6,0
mne16817,11,5,0
mne48474,1,5,0
mne4479,3,3,0
mne28660,11,3,0
mne33262,2,3,0
mne50653,2,6,0
mne2995,10,2,0
mne51050,7,7,0
mne49037,7,2,0
mne26693,12,3,0
mne4028,6,2,0
mne34473,12,4,0
mne34155,9,2,0
mne35785,12,4,0
mne47768,6,11,0
mne16626,1,3,0
mne34152,1,10,1
mne49078,3,4,0
mne3491,2,1,0
mne49135,2,7,0
mne4023,11,4,0
mne46622,11,2,0
mne33316,5,1,0
mne15450,2,5,0
mne4023,12,5,0
mne784,2,1,0
mne50610,7,7,0
mne10813,1,10,0
mne49852,2,3,0
mne26742,4,3,0
mne26742,6,1,0
mne48524,2,6,0
mne3112,2,2,0
mne9053,4,2,0
mne41315,3,12,0
mne34498,11,12,0
mne33931,10,5,0
mne33249,5,6,0
mne453,9,2,0
mne15510,2,3,0
mne2812,1,5,0
mne6251,2,2,0
mne34486,7,5,0
mne49107,2,1,0
mne44339,3,10,0
mne15022,7,6,0
mne44182,10,2,0
mne49077,11,2,0
mne30131,4,24,0
mne35786,7,7,1
mne31510,1,3,0
mne33748,8,2,0
mne29486,4,3,0
mne7404,10,3,0
mne34474,3,6,0
mne12363,12,18,0
mne48468,4,8,1
mne47779,5,5,0
mne29394,11,1,0
mne4023,4,3,0
mne43596,3,4,0
mne49852,5,9,0
mne33346,9,2,0
mne33284,8,5,0
mne51504,3,47,0
mne1313,4,6,0
mne34283,12,6,0
mne44159,11,2,1
mne35537,2,6,0
mne51495,3,2,0
mne12363,11,11,0
mne49066,6,28,0
mne41368,6,4,0
mne52164,4,3,0
mne47843,1,8,0
mne18185,3,4,0
mne5502,5,1,0
mne17116,1,7,0
mne47802,11,5,0
mne11673,3,8,0
mne19787,6,3,0
mne46601,5,2,0
mne34580,4,10,1
mne116,1,1,0
mne33734,11,6,0
mne47843,3,7,0
mne745,5,3,0
mne32779,2,5,0
mne30154,4,2,0
mne34481,10,1,0
mne23347,4,1,0
mne30218,9,2,0
mne12354,9,1,0
mne47886,5,1,0
mne25198,9,5,0
mne10842,9,5,0
mne10777,6,4,0
mne24681,3,7,0
mne35467,8,7,0
mne32755,9,3,0
mne14951,5,3,0
mne16724,6,2,0
mne6735,11,1,0
mne32182,10,1,0
mne46585,9,2,0
mne18652,6,10,0
mne9191,5,4,0
mne44101,10,2,0
mne3044,7,1,0
mne34486,2,6,0
mne5502,11,2,0
mne45821,5,2,0
mne46662,2,1,0
mne16780,12,1,0
mne28700,7,6,0
mne36191,10,3,0
mne2995,12,9,0
mne34372,10,1,0
mne41462,12,7,0
mne9414,10,1,0
mne33234,6,9,0
mne32736,8,1,0
mne9880,9,1,0
mne6394,5,3,0
mne42792,7,2,0
mne33819,12,6,0
mne32080,12,3,0
mne8405,10,3,0
mne955,3,7,0
mne47806,12,4,0
mne110,10,3,0
mne44060,12,5,0
mne49081,1,3,0
mne44139,11,7,0
mne32067,5,1,0
mne12426,11,2,0
mne11673,12,1,0
mne52069,2,3,0
mne11738,10,8,0
mne47840,2,10,0
mne28697,8,3,0
mne30142,2,3,0
mne18599,3,4,0
mne26754,2,4,0
mne9432,11,2,0
mne35456,8,10,0
mne11384,1,1,0
mne11022,2,4,0
mne47807,8,1,0
mne47807,7,5,0
mne44139,10,7,0
mne49102,10,4,0
mne2503,7,6,0
mne28708,7,2,0
mne8304,6,7,0
mne26712,7,1,0
mne35462,2,7,0
mne2582,8,2,0
mne21318,10,5,0
mne7492,2,2,0
mne45859,3,9,0
mne2526,3,1,0
mne28703,4,2,0
mne33236,4,2,0
mne47790,9,2,0
mne3866,3,1,0
mne34148,6,11,0
mne6735,4,5,0
mne34334,2,4,0
mne33804,7,5,0
mne19716,12,1,0
mne34498,12,10,0
mne18296,11,1,0
mne18296,10,1,0
mne34112,5,9,2
mne33715,7,4,0
mne45866,7,3,0
mne31520,9,1,0
mne10155,2,3,0
mne17412,2,3,0
mne34112,1,2,0
mne2537,4,3,1
mne18599,12,6,0
mne35799,9,3,0
mne1392,1,4,0
mne47918,9,1,0
mne12315,3,6,0
mne2674,2,5,0
mne29495,1,2,0
mne32242,1,3,0
mne34111,2,4,1
mne45858,4,3,0
mne52109,7,2,0
mne50644,3,2,0
mne15450,1,10,0
mne35395,10,1,0
mne34117,8,4,0
mne34213,11,1,0
mne15516,5,1,0
mne33745,9,7,0
mne15022,9,2,0
mne49837,7,11,0
mne52093,2,4,0
mne11175,2,1,0
mne44102,6,3,0
mne17365,3,1,0
mne1020,1,2,0
mne34329,8,4,0
mne33249,2,2,0
mne44149,10,2,0
mne47772,4,1,0
mne31482,3,1,0
mne11743,7,4,1
mne49081,4,3,0
mne16541,2,1,0
mne33313,6,3,0
mne623,8,2,0
mne18012,7,6,0
mne33197,12,3,1
mne3328,11,4,0
mne23371,7,1,0
mne44100,9,2,0
mne46585,10,4,0
mne34268,3,4,0
mne4623,7,5,0
mne24684,9,3,0
mne28632,5,8,0
mne32080,7,6,0
mne50624,11,3,0
mne15007,7,7,0
mne31396,3,3,0
mne26765,7,3,0
mne27850,7,5,0
mne27850,9,4,0
mne34138,1,7,0
mne23314,4,1,0
mne34149,5,4,0
mne41369,8,2,0
mne41462,2,4,0
mne36161,2,5,0
mne11503,1,9,0
mne34264,10,2,0
mne41308,1,6,0
mne40044,7,5,0
mne45862,10,3,0
mne34318,4,3,0
mne34318,2,6,0
mne45834,3,1,0
mne50617,6,3,0
mne26720,7,1,0
mne5845,12,2,0
mne34112,3,7,0
mne10850,9,2,0
mne15578,5,1,0
mne40036,12,7,0
mne49045,2,9,0
mne2124,7,1,0
mne5502,7,2,0
mne718,7,2,0
mne33252,7,10,0
mne42791,4,2,0
mne9539,9,1,0
mne7731,11,4,0
mne2602,11,3,0
mne52109,11,1,0
mne9539,1,6,0
mne47770,10,8,0
mne18628,1,5,0
mne12315,9,1,0
mne28610,9,4,0
mne42791,3,7,0
mne23309,4,1,0
mne10032,12,2,0
mne45866,10,2,0
mne32117,2,3,0
mne7040,1,5,0
mne28752,10,6,0
mne46601,10,6,2
mne35782,1,4,0
mne28683,12,1,0
mne34279,9,5,0
mne19771,8,2,0
mne30354,3,5,0
mne42896,1,8,0
mne35458,5,4,0
mne34156,12,2,0
mne41362,4,4,0
mne50617,5,1,0
mne9940,10,2,0
mne10123,9,1,0
mne45844,12,2,0
mne11694,12,3,0
mne49066,5,3,0
mne26864,7,11,0
mne41362,3,8,0
mne16258,10,4,0
mne42816,12,2,0
mne41286,8,4,0
mne11743,9,4,0
mne34533,1,2,0
mne10797,2,2,0
mne10032,3,3,0
mne11282,6,9,0
mne35823,12,2,0
mne35453,11,1,0
mne47799,11,1,0
mne40824,6,7,0
mne40142,2,3,0
mne7637,12,1,0
mne7731,3,6,0
mne10850,10,4,0
mne33931,6,22,0
mne16090,12,1,0
mne34156,7,5,0
mne41287,2,20,2
mne5614,9,1,0
mne32117,3,5,0
mne44111,7,3,0
mne15202,3,2,0
mne5764,3,13,0
mne42816,5,13,0
mne17094,3,11,0
mne24822,7,1,0
mne7399,11,2,0
mne46065,7,16,0
mne7492,3,5,0
mne35786,1,3,1
mne35448,1,3,0
mne31382,10,2,0
mne45834,5,2,0
mne4280,7,2,0
mne16045,7,1,0
mne35465,2,2,0
mne7040,5,6,0
mne2691,1,2,0
mne32069,3,4,0
mne51604,7,3,0
mne16682,12,5,0
mne12193,3,3,0
mne49914,7,5,0
mne26784,8,2,0
mne2812,4,8,0
mne15625,12,3,0
mne16665,1,11,0
mne18256,12,2,0
mne49853,4,8,0
mne33715,11,2,0
mne47242,10,2,0
mne52245,5,3,0
mne34084,12,3,0
mne34093,12,5,0
mne33236,1,2,0
mne31489,3,5,0
mne26693,5,2,0
mne44386,1,6,0
mne1020,10,2,0
mne8461,5,13,0
mne35446,10,6,0
mne34517,11,4,0
mne673,12,4,0
mne51488,1,11,0
mne34473,10,3,0
mne1087,9,1,0
mne745,10,4,0
mne51488,8,2,0
mne33346,12,1,0
mne5456,1,1,0
mne2657,12,13,0
mne18393,1,4,0
mne34213,2,5,0
mne15575,12,2,0
mne35465,5,7,0
mne34213,12,2,0
mne16345,10,4,0
mne23309,2,1,0
mne35461,7,6,0
mne47262,10,2,0
mne32274,9,2,0
mne12581,9,1,0
mne12581,10,1,0
mne34139,6,1,0
mne18546,11,1,0
mne23295,7,1,0
mne45340,2,5,0
mne17356,1,4,0
mne33213,8,3,0
mne35501,3,3,0
mne49045,9,3,0
mne16541,5,1,0
mne10023,10,5,0
mne49062,5,3,0
mne28705,5,2,0
mne44182,9,1,0
mne19800,2,1,0
mne33780,9,2,0
mne48673,11,1,0
mne34597,9,1,0
mne19802,8,1,0
mne33745,10,6,0
mne3965,1,5,0
mne51056,10,2,0
mne35442,3,4,0
mne47884,4,2,0
mne47829,2,1,0
mne47834,2,3,0
mne48468,2,10,1
mne34334,11,1,0
mne44106,8,1,0
mne10922,12,1,0
mne35442,12,3,0
mne12607,10,1,0
mne30153,10,3,0
mne3362,9,1,0
mne9053,12,1,0
mne15022,10,5,0
mne16345,11,3,0
mne34367,11,5,0
mne35448,2,4,0
mne10144,7,1,0
mne34346,1,3,0
mne24830,1,2,0
mne10922,6,2,0
mne15450,5,10,0
mne30101,11,6,0
mne343,12,9,0
mne3606,8,1,0
mne47790,4,3,0
mne10155,1,10,0
mne29494,5,1,0
mne49054,1,4,0
mne44139,2,9,0
mne11481,2,1,0
mne3443,9,2,0
mne3044,9,3,0
mne32182,4,7,0
mne47841,4,1,0
mne7103,4,2,0
mne51546,7,1,0
mne34143,3,1,0
mne33765,1,7,0
mne35501,10,1,0
mne387,7,1,0
mne12363,8,2,0
mne16665,2,5,1
mne1770,9,1,0
mne34110,2,1,0
mne32785,1,7,0
mne32802,5,5,0
mne35442,2,4,0
mne9201,12,2,0
mne10123,3,1,0
mne2627,7,1,0
mne46614,6,3,0
mne25196,8,2,0
mne18651,7,9,0
mne9459,9,1,0
mne49955,12,1,0
mne47863,2,1,0
mne15022,4,5,0
mne12472,7,4,0
mne2673,7,1,0
mne18020,6,4,0
mne26804,5,1,0
mne32242,7,1,0
mne35503,7,2,0
mne3452,3,1,0
mne31476,8,3,0
mne44149,11,4,0
mne28700,1,1,0
mne4479,5,2,0
mne18393,7,5,0
mne33931,5,7,0
mne27749,8,3,0
mne15473,7,2,0
mne15022,5,3,0
mne44100,11,4,0
mne32725,8,1,0
mne18296,7,1,0
mne46065,11,1,0
mne4274,11,4,0
mne34084,7,1,0
mne16039,7,2,0
mne43474,2,1,0
mne41315,4,9,0
mne34548,1,1,0
mne18393,12,3,0
mne47769,9,1,0
mne2691,5,4,0
mne32726,9,1,0
mne17412,1,2,0
mne41308,2,2,0
mne49095,3,1,0
mne1336,12,1,0
mne21443,8,2,0
mne50634,3,2,0
mne47770,1,18,2
mne30195,2,2,0
mne9078,7,1,0
mne47262,2,6,0
mne46620,1,3,0
mne16875,9,4,0
mne47844,5,2,0
mne36161,9,1,0
mne35840,2,5,0
mne6568,10,2,0
mne7418,3,2,0
mne7581,10,1,0
mne10901,2,7,0
mne34501,4,3,0
mne41372,4,11,0
mne19802,5,7,0
mne3443,4,3,0
mne34112,8,3,0
mne49102,7,13,0
mne30263,7,1,0
mne36174,2,5,0
mne33226,5,1,0
mne51050,2,3,0
mne6394,11,4,0
mne32774,4,3,0
mne34294,9,2,0
mne49036,9,2,0
mne40824,3,8,0
mne46630,3,1,0
mne49136,4,8,0
mne51489,5,9,0
mne32067,6,1,0
mne7637,11,4,0
mne45105,3,3,0
mne49954,2,9,1
mne35660,5,3,0
mne26720,4,3,0
mne46630,1,3,0
mne34084,6,6,0
mne51050,3,7,0
mne30195,5,4,0
mne34138,4,12,1
mne21337,2,1,0
mne33745,7,15,1
mne16030,12,4,0
mne51485,9,1,0
mne28656,12,1,0
mne3105,9,3,0
mne34443,3,3,0
mne19687,11,4,0
mne34079,9,6,0
mne34149,7,12,0
mne12299,3,2,0
mne9390,3,2,0
mne10279,3,1,0
mne3965,2,7,0
mne110,2,4,0
mne35441,8,2,0
mne17818,8,3,0
mne27765,9,2,0
mne29420,8,1,0
mne52075,1,3,0
mne9078,6,3,0
mne4623,1,1,0
mne46254,2,5,0
mne16653,5,1,0
mne41369,2,5,0
mne51607,2,19,0
mne1130,8,6,0
mne2526,7,4,0
mne15369,5,5,0
mne17457,12,2,0
mne52106,1,1,0
mne28695,1,5,0
mne35465,12,5,0
mne49852,9,9,0
mne42824,8,1,0
mne14986,5,2,0
mne19708,6,2,0
mne47840,1,24,0
mne34156,5,4,0
mne36191,2,7,1
mne6176,8,1,0
mne4503,1,7,0
mne33231,7,4,0
mne47789,3,1,0
mne50608,8,1,0
mne33507,6,1,0
mne32779,11,3,0
mne784,3,4,0
mne17944,5,2,0
mne10797,10,3,0
mne35823,7,19,0
mne2657,9,2,0
mne45868,11,2,0
mne49136,1,5,1
mne49134,8,5,0
mne34264,8,5,0
mne1336,2,3,0
mne28610,7,3,0
mne2630,2,6,0
mne41362,12,3,0
mne2575,2,2,0
mne34342,5,2,0
mne45910,8,4,0
mne36174,4,12,0
mne41462,4,6,0
mne44181,5,1,0
mne3258,3,7,0
mne34346,8,2,1
mne49066,2,4,0
mne31443,3,3,0
mne41364,6,3,0
mne19737,7,2,0
mne51528,6,6,0
mne51500,7,6,0
mne51504,5,3,0
mne12470,11,4,0
mne12607,8,2,0
mne16780,3,1,0
mne34279,1,1,0
mne12363,1,8,0
mne16665,5,4,0
mne16665,4,1,0
mne47815,1,1,0
mne12299,2,4,0
mne18599,4,4,0
mne16675,4,27,0
mne7637,2,1,0
mne454,4,2,0
mne29486,10,2,0
mne44147,6,2,0
mne50154,2,5,0
mne11058,3,2,0
mne15202,5,2,0
mne276,3,2,0
mne2582,6,4,0
mne44060,2,7,0
mne10061,7,1,0
mne49094,7,3,0
mne11735,5,1,0
mne35448,4,2,0
mne29497,8,1,0
mne27702,11,1,0
mne5845,4,1,0
mne18499,8,2,0
mne24818,8,4,0
mne487,3,1,0
mne51500,12,4,0
mne34110,7,1,0
mne44386,12,5,0
mne49860,7,1,0
mne50610,5,4,0
mne44181,10,1,0
mne40120,9,2,0
mne26693,11,5,0
mne49135,8,2,0
mne35483,3,4,0
mne26754,7,9,0
mne33282,9,1,0
mne12193,2,1,0
mne4404,1,1,0
mne40036,11,2,0
mne8405,2,2,0
mne11675,11,1,0
mne52108,12,7,0
mne47303,3,3,0
mne33819,3,7,0
mne12420,3,3,0
mne11503,9,3,0
mne52076,9,7,0
mne17412,8,1,0
mne33781,4,1,0
mne395,6,1,0
mne50558,9,3,0
mne48474,2,7,0
mne3545,5,1,0
mne11243,3,5,0
mne34143,2,2,0
mne50610,12,1,0
mne2861,7,2,0
mne49058,9,1,0
mne51605,3,1,0
mne29420,10,5,0
mne47837,2,3,0
mne33281,8,2,0
mne47819,2,2,0
mne41362,7,16,0
mne47819,12,3,0
mne1032,6,1,0
mne47264,10,1,0
mne44101,9,1,0
mne30250,9,1,0
mne8461,11,3,0
mne49901,7,2,0
mne3106,9,1,0
mne49136,10,1,0
mne4317,9,1,0
mne42871,1,4,0
mne9738,7,1,0
mne5635,5,3,0
mne15627,9,4,0
mne46630,10,1,0
mne32856,4,6,0
mne4317,11,2,0
mne34482,8,6,0
mne8923,11,1,0
mne17268,4,9,0
mne51502,12,3,0
mne49837,8,2,0
mne47771,4,7,0
mne15450,8,1,0
mne26864,10,2,0
mne50701,7,12,1
mne8311,6,5,0
mne3491,3,1,0
mne45910,9,5,0
mne50610,10,4,0
mne42778,8,1,0
mne29490,9,2,0
mne47781,1,1,0
mne34084,5,2,0
mne16036,10,2,0
mne47807,3,1,0
mne18292,3,1,0
mne34532,5,1,0
mne52171,5,3,0
mne33781,2,2,0
mne51486,6,8,0
mne45855,10,1,0
mne47790,11,2,0
mne32242,11,2,0
mne44102,12,2,0
mne2938,9,1,0
mne34535,10,3,0
mne47242,5,1,0
mne26693,2,1,0
mne50598,7,4,0
mne45863,1,5,0
mne52082,1,3,0
mne23307,4,4,0
mne49058,5,11,0
mne318,2,1,0
mne45858,3,4,0
mne5883,12,1,0
mne12470,8,1,0
mne28697,9,3,0
mne34474,12,1,0
mne4623,3,1,0
mne2897,4,1,0
mne16868,1,2,0
mne24681,8,1,0
mne42871,2,6,0
mne21326,2,2,0
mne15450,12,6,0
mne33507,4,1,0
mne6176,6,3,0
mne9191,3,3,0
mne33276,3,1,0
mne16036,12,4,0
mne16561,4,3,0
mne47842,10,1,0
mne10032,5,2,0
mne5614,1,7,0
mne10155,9,1,0
mne36078,1,5,0
mne30220,8,1,0
mne35806,4,4,0
mne44339,2,2,0
mne52100,11,1,0
mne47918,10,2,0
mne12354,3,3,0
mne34283,4,8,0
mne49955,4,2,0
mne10279,8,1,0
mne31382,3,6,0
mne50624,2,1,0
mne52106,7,1,0
mne24732,5,1,0
mne32222,8,3,0
mne11354,12,1,0
mne10279,6,1,0
mne6598,12,3,0
mne35412,7,3,0
mne48469,3,2,0
mne3452,2,2,0
mne34342,12,1,0
mne31443,8,1,0
mne23419,7,1,0
mne32802,11,2,0
mne28638,9,1,0
mne47883,11,5,0
mne15450,9,4,0
mne2630,7,3,0
mne32802,12,7,0
mne49077,1,1,0
mne16345,7,6,0
mne34498,9,3,0
mne44181,3,3,0
mne47780,8,5,0
mne51508,4,4,0
mne34128,9,2,0
mne9459,8,3,0
mne51607,3,11,0
mne48469,1,4,0
mne27872,10,1,0
mne28682,2,1,0
mne31449,6,1,0
mne44112,3,2,0
mne51050,10,5,0
mne44119,7,3,0
mne24687,4,2,0
mne44181,11,1,0
mne42812,5,1,0
mne5502,12,3,0
mne47242,12,1,0
mne23256,7,1,0
mne3141,8,1,0
mne977,1,1,0
mne31457,10,1,0
mne44139,7,7,0
mne12299,7,4,0
mne49135,11,4,0
mne13723,4,3,0
mne50703,11,1,0
mne24822,6,13,0
mne47863,12,3,0
mne46621,5,1,0
mne33346,2,1,0
mne45845,9,1,0
mne16345,4,3,0
mne16345,2,2,0
mne34301,8,2,0
mne34129,5,1,0
mne47785,8,3,0
mne11664,8,2,0
mne27740,9,1,0
mne12607,12,4,0
mne28670,2,1,0
mne9384,3,1,0
mne11743,10,1,0
mne10813,2,8,0
mne517,4,5,0
mne47806,6,20,0
mne395,7,2,0
mne11060,11,2,0
mne11673,1,8,0
mne45890,9,4,0
mne8923,12,2,0
mne47779,10,1,0
mne40028,7,2,0
mne50563,11,3,0
mne11022,12,2,0
mne851,6,1,0
mne30203,10,2,0
mne8108,1,4,0
mne47832,12,2,0
mne29453,7,1,0
mne4533,12,3,0
mne12472,5,1,0
mne1392,11,1,0
mne34372,1,8,0
mne30263,8,2,0
mne52108,11,11,0
mne6598,4,4,0
mne33205,11,1,0
mne4314,5,3,0
mne2657,4,8,0
mne40030,1,1,0
mne25346,10,2,0
mne46583,1,5,0
mne16675,9,1,0
mne32242,10,2,0
mne34318,12,1,0
mne17120,8,1,0
mne47807,11,2,0
mne6251,11,3,0
mne343,4,1,0
mne41282,8,2,0
mne35784,12,8,0
mne23347,11,1,0
mne8729,5,2,0
mne10825,11,3,0
mne41362,11,4,0
mne2747,4,1,0
mne8936,10,1,0
mne33702,7,7,0
mne47839,1,4,0
mne34367,4,6,0
mne23256,8,2,0
mne10777,8,1,0
mne33191,7,6,0
mne26742,7,2,0
mne47799,3,1,0
mne27762,3,3,0
mne3224,1,1,0
mne35403,2,3,0
mne2995,9,1,0
mne1077,7,1,0
mne35448,11,3,0
mne27757,8,2,0
mne34533,2,1,0
mne33191,3,6,0
mne36078,12,3,0
mne3965,7,6,0
mne16987,9,1,0
mne33234,7,1,0
mne49135,1,2,0
mne6154,1,3,0
mne16827,3,1,0
mne35442,5,1,0
mne35442,11,3,0
mne49058,3,5,0
mne34474,2,1,0
mne45891,6,1,0
mne6735,5,7,0
mne47863,7,13,0
mne27865,9,3,0
mne52106,2,1,0
mne15471,1,2,0
mne2673,5,5,0
mne50643,4,11,0
mne19784,6,1,0
mne753,4,2,0
mne47799,4,2,0
mne40824,4,9,0
mne2657,3,8,0
mne50644,9,2,0
mne47805,1,7,0
mne5591,1,1,0
mne15369,1,3,0
mne2673,3,2,0
mne10149,3,2,0
mne11481,8,1,0
mne29384,11,1,0
mne33931,7,3,0
mne46258,4,2,0
mne11697,4,1,0
mne32242,2,1,0
mne34513,8,1,0
mne47826,6,3,0
mne26741,11,2,0
mne6314,2,1,0
mne22452,1,1,0
mne26720,9,3,0
mne11243,6,4,0
mne32182,9,2,0
mne11384,3,3,0
mne4023,10,3,0
mne34283,2,4,0
mne49080,2,2,0
mne45104,3,6,0
mne26864,8,2,0
mne32161,9,5,0
mne10149,5,2,0
mne35395,3,1,0
mne49079,6,4,0
mne661,8,1,0
mne1770,8,1,0
mne18500,3,1,0
mne2575,10,1,0
mne29438,1,2,0
mne33234,9,2,0
mne35784,1,2,0
mne9096,1,1,0
mne44100,2,4,0
mne15578,3,1,0
mne16724,2,1,0
mne16780,6,3,0
mne26819,2,1,0
mne2720,7,1,0
mne30195,1,1,0
mne42812,1,2,0
mne10032,1,3,0
mne10944,6,1,0
mne30221,11,2,0
mne36174,7,11,0
mne46621,4,1,0
mne46621,1,5,0
mne47843,9,4,0
mne52076,5,11,0
mne46667,7,1,0
mne52109,6,2,0
mne51503,4,1,0
mne16258,5,4,0
mne30218,12,5,0
mne33710,8,2,0
mne51512,3,5,0
mne51512,4,12,0
mne12470,9,2,0
mne41369,4,14,0
mne35414,8,4,0
mne51087,8,5,0
mne34346,11,2,0
mne51489,6,10,0
mne30329,11,1,0
mne34293,3,1,0
mne17944,6,7,0
mne34089,1,1,0
mne44139,8,2,0
mne34089,2,1,0
mne10655,10,1,0
mne35834,9,1,0
mne32785,10,4,0
mne34080,1,4,0
mne49901,6,1,0
mne276,4,3,0
mne34390,8,4,0
mne9880,8,1,0
mne30131,2,12,0
mne47790,10,1,0
mne47770,8,3,0
mne50558,5,7,0
mne16627,10,2,0
mne33311,8,1,0
mne51486,7,3,0
mne44339,4,2,0
mne50653,1,7,0
mne32242,5,2,0
mne10068,12,3,0
mne5502,8,1,0
mne10028,7,2,0
mne31406,9,1,0
mne44386,9,5,0
mne10923,12,5,0
mne32800,5,7,0
mne784,10,2,0
mne32800,7,7,0
mne4280,4,1,0
mne15202,12,1,0
mne35423,2,1,0
mne18639,1,1,0
mne21337,4,3,0
mne49853,3,8,0
mne49077,12,2,0
mne15627,1,2,0
mne49036,5,2,0
mne10068,8,1,0
mne35503,5,1,0
mne41362,8,2,0
mne50643,3,4,0
mne4001,12,2,0
mne36175,8,2,0
mne29436,1,2,0
mne50628,1,5,0
mne46624,5,1,0
mne34084,3,1,0
mne18020,5,1,0
mne9940,1,1,0
mne26754,8,8,0
mne3224,9,1,0
mne30141,1,1,0
mne33228,7,1,0
mne35840,11,2,0
mne2601,2,2,0
mne18498,4,1,0
mne51508,5,10,0
mne26784,10,5,0
mne34499,9,3,0
mne51502,9,1,0
mne453,8,1,0
mne51504,7,22,0
mne32175,6,1,0
mne15450,11,2,0
mne9542,7,1,0
mne33698,8,8,0
mne31382,2,2,0
mne2556,7,1,0
mne1336,1,1,0
mne276,10,2,0
mne16613,1,1,0
mne32175,7,1,0
mne395,8,1,0
mne11673,2,1,0
mne32734,3,2,0
mne21386,6,1,0
mne52082,4,1,0
mne36030,10,5,0
mne33249,4,1,0
mne48673,5,4,0
mne52082,6,3,0
mne52082,5,1,0
mne34348,10,2,0
mne44062,8,1,0
mne41308,10,4,0
mne29383,11,2,0
mne48532,7,1,0
mne34194,9,1,0
mne18651,4,5,0
mne4274,12,2,0
mne51515,11,5,0
mne7040,7,2,0
mne12363,9,6,0
mne34148,5,2,0
mne41362,2,3,0
mne26693,10,7,0
mne34473,9,1,0
mne6436,8,2,0
mne15450,10,3,0
mne110,9,2,0
mne2657,1,2,0
mne11022,5,7,0
mne51607,11,2,0
mne47806,2,1,0
mne35537,6,1,0
mne35925,6,30,0
mne4471,1,1,0
mne34543,11,4,0
mne28632,2,1,0
mne29465,4,1,0
mne33688,10,1,0
mne46622,8,2,0
mne17116,7,7,0
mne851,2,2,0
mne52169,10,1,0
mne47793,11,1,0
mne17116,5,3,0
mne35406,5,1,0
mne21791,8,3,0
mne18573,4,1,0
mne166,2,1,0
mne2582,4,1,0
mne33799,8,5,0
mne44112,9,2,0
mne44180,6,2,0
mne18628,10,4,0
mne33209,8,5,0
mne18628,9,2,0
mne52093,5,4,0
mne34143,11,2,0
mne5591,6,1,0
mne35465,11,1,0
mne34318,9,1,0
mne40760,10,1,0
mne22452,8,2,1
mne745,9,2,0
mne36174,1,1,0
mne49853,5,4,0
mne11022,9,1,0
mne21333,8,1,0
mne50618,7,1,0
mne49955,7,2,0
mne11243,1,3,0
mne47883,7,7,0
mne42871,9,1,0
mne7491,10,1,0
mne35784,7,1,0
mne9390,12,1,0
mne52071,7,2,0
mne35925,7,15,0
mne12315,4,1,0
mne50702,2,1,0
mne51509,2,1,0
mne51050,12,7,0
mne46265,7,1,0
mne34128,10,2,0
mne45848,12,3,0
mne47840,11,9,2
mne23327,3,2,0
mne50703,7,1,0
mne31471,5,1,0
mne33196,11,1,0
mne17412,9,1,0
mne35840,9,1,0
mne23299,11,2,0
mne166,5,1,0
mne36169,10,1,0
mne41308,4,2,0
mne24841,3,4,0
mne34352,7,2,0
mne10923,5,4,0
mne34554,1,1,0
mne34191,6,1,0
mne52093,11,1,0
mne10906,6,4,0
mne4338,11,4,0
mne26806,9,1,0
mne34094,9,1,0
mne50634,7,6,0
mne22452,7,3,0
mne10068,3,3,0
mne18573,9,1,0
mne34283,3,3,0
mne18500,7,1,0
mne18500,5,2,0
mne13723,1,1,0
mne16561,6,5,0
mne44180,2,3,0
mne6314,4,2,0
mne35626,8,2,0
mne36078,11,2,0
mne10842,7,1,0
mne3866,4,2,0
mne48468,12,2,0
mne2995,2,6,0
mne35458,9,1,0
mne1077,4,3,0
mne3024,7,1,0
mne9940,4,2,0
mne11673,9,1,0
mne4479,6,1,0
mne34474,1,1,0
mne32827,4,1,0
mne41462,8,4,0
mne18513,7,1,0
mne34503,6,1,0
mne10032,10,2,0
mne28631,7,1,0
mne51048,6,2,0
mne34089,7,3,0
mne4001,6,2,0
mne25198,8,2,0
mne6735,10,2,0
mne51056,11,2,0
mne24737,1,1,0
mne48468,9,1,0
mne40036,2,1,0
mne34528,5,6,0
mne49077,4,9,0
mne10077,7,1,0
mne42789,8,1,0
mne10738,4,6,0
mne46258,2,2,0
mne45859,9,1,0
mne31510,10,1,0
mne18628,2,1,0
mne11738,8,1,0
mne29461,9,1,0
mne33245,9,2,0
mne15658,2,4,0
mne1076,7,1,0
mne15008,7,1,0
mne9390,4,3,0
mne34163,8,1,0
mne9201,3,2,0
mne9201,11,1,0
mne49068,7,8,0
mne23309,5,1,0
mne9880,3,5,0
mne21330,11,3,0
mne17116,2,1,0
mne29461,1,2,0
mne30211,2,2,0
mne51050,11,1,0
mne34498,2,6,0
mne33276,1,2,0
mne7203,1,1,0
mne49955,5,4,0
mne46667,9,1,0
mne5845,11,1,0
mne33745,8,1,0
mne23371,3,1,0
mne23295,2,4,0
mne34335,9,2,0
mne44180,1,1,0
mne48468,8,3,0
mne25196,1,1,0
mne42788,12,1,0
mne6568,9,3,0
mne48673,12,1,0
mne48673,8,1,1
mne47829,12,2,0
mne49136,8,3,0
mne40021,7,3,0
mne29495,3,1,0
mne34274,5,4,0
mne34458,9,3,0
mne34283,9,6,0
mne6251,8,2,0
mne33281,9,1,0
mne17944,1,1,0
mne34129,12,1,0
mne12086,4,2,0
mne5614,11,1,0
mne34372,11,10,0
mne2995,3,8,0
mne47837,12,2,0
mne9384,2,2,0
mne49068,4,4,0
mne18146,3,4,0
mne35806,5,2,0
mne44182,12,3,0
mne35448,5,5,0
mne2526,12,1,0
mne10825,2,1,0
mne32094,8,2,0
mne3965,3,6,0
mne36027,8,1,0
mne51055,9,1,0
mne11243,12,2,0
mne9405,7,1,0
mne31489,1,1,0
mne3051,12,2,0
mne28670,5,2,0
mne46584,1,1,0
mne40142,8,1,0
mne9664,2,4,0
mne18499,4,2,0
mne1313,7,1,0
mne8461,1,3,0
mne17363,8,1,0
mne34580,2,4,0
mne47801,6,2,0
mne2556,9,1,0
mne33819,1,1,0
mne661,9,1,0
mne7731,1,5,0
mne11681,3,1,0
mne34295,8,1,0
mne44149,8,2,0
mne6251,10,2,0
mne30212,11,1,0
mne48468,3,2,0
mne10906,4,1,0
mne46620,4,1,0
mne16567,8,4,0
mne35453,9,2,0
mne4503,9,1,0
mne45834,11,1,0
mne45834,8,1,0
mne45834,7,1,0
mne45834,12,1,0
mne45834,10,1,0
mne41315,8,1,0
mne34597,8,3,0
mne10061,12,1,0
mne47826,7,3,0
mne49051,8,1,0
mne10901,1,2,0
mne10032,2,3,0
mne47262,8,1,0
mne48591,6,1,0
mne23370,1,2,0
mne50702,12,1,0
mne32200,3,10,0
mne35806,2,1,0
mne27711,3,1,0
mne35423,6,2,0
mne2556,1,3,0
mne15627,7,2,0
mne30218,7,2,0
mne32172,9,2,0
mne31453,12,1,0
mne33715,9,2,0
mne28677,8,1,0
mne21330,8,1,0
mne28632,9,1,0
mne28632,10,4,0
mne36191,8,2,0
mne40049,5,3,0
mne15273,5,1,0
mne3404,1,1,0
mne43596,4,1,0
mne1336,9,1,0
mne9542,12,1,0
mne26779,9,1,0
mne34111,3,4,0
mne35395,12,1,0
mne34318,10,1,1
mne17365,11,1,0
mne31474,8,1,0
mne3112,4,2,0
mne27794,8,1,0
mne9270,8,4,0
mne2747,9,1,0
mne51528,5,1,0
mne45851,8,2,0
mne26765,3,6,0
mne49901,5,1,0
mne35458,10,1,0
mne35483,4,1,0
mne31396,5,3,0
mne51512,6,5,0
mne10678,6,1,0
mne32080,4,2,0
mne7587,1,1,0
mne34149,10,3,1
mne51504,4,2,0
mne33687,4,2,0
mne5456,7,1,0
mne6176,1,3,0
mne52169,3,5,0
mne35465,8,1,0
mne11243,5,2,0
mne10678,7,2,0
mne49136,5,1,0
mne10659,6,2,0
mne36078,7,1,0
mne50598,6,4,0
mne47837,6,14,1
mne11384,12,2,0
mne27749,10,2,0
mne47781,12,1,0
mne26824,1,2,0
mne1295,8,1,0
mne33688,7,3,0
mne48591,10,1,0
mne14956,12,1,0
mne11243,10,1,0
mne23296,5,3,1
mne29436,8,3,0
mne21334,8,1,0
mne34486,9,1,0
mne12363,7,7,0
mne3153,7,1,0
mne6436,4,1,0
mne48468,10,1,0
mne48474,7,3,0
mne44062,1,3,0
mne34512,7,4,0
mne35423,7,1,0
mne50632,5,1,0
mne18292,6,2,0
mne15578,7,1,0
mne34194,7,1,0
mne753,2,2,0
mne45851,12,2,0
mne29494,3,1,0
mne47283,1,1,0
mne26824,5,1,0
mne30141,4,1,0
mne1077,9,1,0
mne5529,3,1,0
mne27850,2,9,0
mne42833,7,1,0
mne12451,9,1,0
mne6621,6,1,0
mne44063,6,2,0
mne45862,9,4,0
mne51604,11,3,0
mne50622,10,2,0
mne26797,6,2,0
mne35428,10,2,0
mne10778,5,1,0
mne116,6,4,0
mne50257,9,1,0
mne45821,9,1,0
mne32200,4,9,0
mne21332,6,3,0
mne44143,1,2,0
mne34465,8,4,0
mne1313,3,1,0
mne51483,7,1,0
mne46632,11,1,0
mne10777,3,2,0
mne3443,6,3,0
mne32212,3,2,0
mne46667,2,1,0
mne44112,2,1,0
mne10427,2,1,0
mne49097,5,1,0
mne49058,6,5,0
mne10923,8,1,0
mne49852,1,2,0
mne30144,7,1,0
mne50638,9,1,0
mne35395,4,3,0
mne2526,11,2,0
mne2526,10,1,0
mne50610,2,1,0
mne23371,6,2,0
mne41362,1,1,1
mne49837,1,2,0
mne49037,9,1,0
mne18146,9,2,0
mne6159,5,1,0
mne16987,2,2,0
mne47806,8,2,0
mne34293,5,2,0
mne17944,2,1,0
mne10901,4,1,0
mne49095,6,1,0
mne34160,6,1,0
mne41315,9,4,0
mne46664,9,2,0
mne42825,10,1,0
mne50701,11,2,0
mne47303,2,2,0
mne40824,5,1,0
mne2910,5,1,0
mne30154,1,1,0
mne1195,3,1,0
mne17412,7,3,0
mne30221,8,1,0
mne46630,2,2,0
mne34149,1,1,0
mne40028,3,4,0
mne47884,11,2,0
mne718,5,1,0
mne9384,9,1,0
mne51582,5,1,0
mne34152,9,1,0
mne7491,6,1,0
mne17356,8,2,0
mne51503,11,2,0
mne18546,12,1,0
mne49079,5,2,0
mne28695,8,1,0
mne34294,10,2,0
mne10279,4,1,0
mne16258,12,2,0
mne35395,11,1,0
mne10636,3,1,0
mne51503,2,2,0
mne8729,3,1,0
mne15450,7,1,0
mne23327,4,1,0
mne16345,8,3,0
mne47801,7,2,0
mne46362,11,1,0
mne47841,11,1,0
mne3443,11,2,0
mne34160,4,1,0
mne343,10,1,0
mne5502,10,1,0
mne31443,7,6,0
mne343,7,1,0
mne47803,11,1,0
mne18573,8,1,0
mne24821,2,1,0
mne3141,1,4,0
mne47837,7,3,0
mne47803,12,1,0
mne9201,5,3,0
mne47768,4,1,0
mne3606,5,3,0
mne2861,11,1,0
mne32067,1,2,0
mne34088,8,1,0
mne11630,6,3,0
mne2601,12,1,0
mne34151,8,1,0
mne10922,2,1,0
mne43474,10,1,0
mne26712,6,3,0
mne51059,6,1,0
mne17457,3,1,0
mne48591,5,1,0
mne10813,11,2,0
mne34528,4,1,0
mne49080,9,1,0
mne33854,8,1,0
mne8405,6,2,0
mne25346,8,1,0
mne41462,9,1,0
mne35432,8,1,0
mne33251,3,2,0
mne49037,1,1,0
mne32198,12,1,0
mne31453,2,1,0
mne42825,7,1,0
mne33191,12,1,0
mne18520,3,1,0
mne49853,2,2,0
mne32172,11,2,0
mne2503,10,3,0
mne26754,9,4,0
mne14773,2,1,0
mne34313,8,1,0
mne29482,7,1,0
mne23299,10,2,0
mne551,7,1,0
mne46619,8,1,0
mne343,2,3,0
mne5824,5,1,0
mne51515,3,1,0
mne52096,1,1,0
mne31453,11,1,0
mne51495,5,3,0
mne22452,4,1,0
mne3346,8,2,0
mne35395,8,1,0
mne52100,12,1,0
mne34283,8,3,0
mne1295,7,1,0
mne26859,3,1,0
mne27711,5,1,0
mne16913,9,1,0
mne51050,9,1,0
mne32209,4,1,0
mne32179,9,1,0
mne25075,1,1,0
mne44102,1,1,0
mne3443,3,4,0
mne28670,6,1,0
mne36169,11,1,0
mne44060,9,2,0
mne18185,1,2,0
mne52099,6,3,0
mne47768,1,1,0
mne35436,10,1,0
mne15510,8,1,0
mne50649,7,1,0
mne18020,12,1,0
mne36174,8,2,0
mne33231,9,3,0
mne49954,11,1,0
mne35843,4,3,0
mne52082,11,1,0
mne47768,8,3,0
mne34155,8,1,0
mne51512,2,1,1
mne16724,4,2,0
mne31520,11,1,0
mne10149,4,1,0
mne34213,10,1,0
mne51509,1,1,0
mne4280,2,1,0
mne10738,2,1,0
mne12607,5,2,0
mne35925,5,9,0
mne47769,4,1,0
mne27841,8,1,0
mne26769,3,1,0
mne49079,7,5,0
mne4280,3,1,0
mne10850,4,1,0
mne23138,3,1,0
mne35925,10,2,0
mne27711,2,2,0
mne2601,10,2,0
mne32726,10,2,0
mne7602,3,2,0
mne47883,9,1,0
mne19802,10,1,0
mne5591,4,1,0
mne29436,10,1,0
mne34481,8,1,0
mne11067,5,1,0
mne18292,1,1,0
mne34129,2,1,0
mne33316,6,3,0
mne2556,11,1,0
mne16613,2,1,0
mne15126,12,1,0
mne11282,12,2,0
mne6735,2,1,0
mne9539,3,2,0
mne5591,2,1,0
mne16560,3,1,0
mne15009,3,1,0
mne50622,8,1,0
mne10028,6,1,0
mne49837,5,1,0
mne34400,9,1,1
mne3112,10,1,0
mne46664,4,1,0
mne49058,4,1,0
mne49914,6,2,0
mne26765,5,1,0
mne34537,8,1,0
mne24687,7,1,0
mne6735,8,1,0
mne35503,3,1,0
mne6251,3,1,0
mne42826,6,1,0
mne10427,7,1,0
mne47793,4,1,0
mne47781,5,2,0
mne47793,7,2,0
mne35799,8,4,0
mne49853,10,4,0
mne3896,3,4,0
mne35843,1,1,0
mne44386,11,1,0
mne35503,1,2,0
mne50634,1,1,0
mne11469,7,2,0
mne45104,7,2,0
mne11282,8,1,0
mne1313,2,1,0
mne17362,6,1,0
mne34268,9,1,0
mne44159,7,1,0
mne29436,4,3,0
mne46620,12,1,0
mne3443,10,1,0
mne34533,7,3,0
mne27747,8,2,0
mne7491,4,1,0
mne17944,8,1,0
mne33747,1,1,0
mne16987,5,1,0
mne51055,10,10,0
mne34443,5,1,0
mne3901,8,1,0
mne50781,1,1,0
mne29384,5,1,0
mne50703,10,3,0
mne2503,4,2,0
mne2645,9,3,0
mne50601,2,1,0
mne18546,2,1,0
mne49079,4,1,0
mne47779,1,1,0
mne36078,8,1,0
mne17365,2,2,0
mne21406,4,1,0
mne30144,6,1,0
mne34501,10,1,0
mne48591,8,1,0
mne41286,1,1,0
mne9053,11,2,0
mne34268,11,2,0
mne41343,8,2,0
mne17730,7,1,0
mne15627,10,1,0
mne4314,6,4,0
mne34554,11,3,0
mne21558,5,1,0
mne44181,12,1,0
mne51502,5,1,0
mne30127,9,2,0
mne4503,8,1,0
mne36191,9,2,0
mne16852,8,1,0
mne5591,7,1,0
mne49873,5,1,0
mne7731,10,1,0
mne21558,8,1,0
mne2889,8,1,0
mne47799,6,1,0
mne29421,6,1,0
mne2108,5,1,0
mne33245,11,2,0
mne3443,12,2,0
mne49094,5,1,0
mne45105,5,3,0
mne34535,9,1,0
mne32799,3,3,0
mne16258,11,1,0
mne44147,1,1,0
mne49066,4,1,0
mne51504,2,1,0
mne1195,11,1,0
mne7399,8,1,0
mne34485,8,1,0
mne11060,9,1,0
mne49079,3,2,0
mne46359,6,2,0
mne35925,12,1,0
mne34156,3,2,0
mne11282,3,1,0
mne34348,2,2,0
mne16682,1,1,0
mne51488,9,1,0
mne33685,9,1,0
mne15009,4,1,0
mne36078,10,2,0
mne6176,12,2,0
mne18185,8,1,0
mne11067,8,1,0
mne26741,5,1,0
mne51489,10,1,0
mne32730,9,2,0
mne11479,4,1,0
mne3965,9,1,0
mne33771,12,2,0
mne10123,2,1,0
mne16626,12,1,0
mne26676,1,1,0
mne35843,12,2,0
mne29388,9,1,0
mne18573,7,1,0
mne51495,7,1,0
mne50629,6,1,0
mne51524,6,1,0
mne51502,4,3,0
mne49058,7,1,0
mne5824,4,2,0
mne35456,1,1,0
mne52071,1,1,0
mne35503,4,1,0
mne26741,3,1,0
mne8729,6,1,0
mne10777,5,2,0
mne47799,1,1,0
mne52071,2,1,0
mne318,3,1,0
mne16626,5,1,0
mne34453,5,3,0
mne44147,3,1,0
mne7040,4,2,0
mne24732,6,2,0
mne45826,7,1,0
mne51498,7,1,0
mne34268,7,2,0
mne42812,7,2,0
mne18639,4,1,0
mne47765,3,1,0
mne49955,1,1,0
mne28677,7,4,0
mne46624,7,1,0
mne31443,2,1,0
mne10825,10,1,0
mne517,8,1,0
mne27762,6,2,0
mne7203,9,1,0
mne51486,5,1,0
mne32806,2,2,0
mne16653,7,1,0
mne35786,10,1,1
mne433,1,1,0
mne47768,10,2,0
mne11058,10,1,0
mne32117,9,1,0
mne4503,11,2,0
mne24730,1,1,0
mne32271,4,1,0
mne50563,8,1,0
mne11735,6,1,0
mne9414,11,1,0
mne3106,8,1,0
mne16537,2,2,0
mne44102,10,1,0
mne33747,11,1,0
mne52093,10,1,0
mne32209,2,1,0
mne11243,11,1,0
mne15473,10,1,0
mne28627,4,2,0
mne7587,11,1,0
mne31453,9,1,0
mne50701,10,1,0
mne264,12,1,0
mne16560,9,1,0
mne2049,9,1,0
mne1392,4,1,0
mne32179,10,1,0
mne32126,6,1,0
mne35786,11,1,0
mne24830,9,1,0
mne33316,9,1,0
mne26911,9,1,0
mne9414,2,1,0
mne23327,8,1,0
mne15125,1,1,0
mne32179,8,1,0
mne34456,5,1,0
mne10284,12,1,0
mne26742,2,1,0
mne24737,9,1,0
mne5845,2,1,0
mne34089,11,1,0
mne17268,9,1,0
mne2861,12,1,0
mne33754,11,1,0
mne32741,9,1,0
mne3086,3,1,0
mne15471,9,1,0
mne24841,10,1,0
mne13723,11,1,0
mne318,8,1,0
mne16036,1,1,0
mne35884,8,1,0
mne34089,4,1,0
mne962,11,1,0
mne16537,9,1,0
mne5502,1,1,0
mne16913,8,1,0
mne11292,11,2,0
mne24807,9,1,0
mne35660,10,1,0
mne11288,9,1,0
mne23370,11,1,0
mne2913,8,1,0
